
kernel:     file format elf32-littleriscv


Disassembly of section .text.entry:

80000000 <_start>:
80000000:	80006137          	lui	x2,0x80006
80000004:	3e8020ef          	jal	x1,800023ec <start>
80000008:	0000006f          	jal	x0,80000008 <_start+0x8>

Disassembly of section .text:

8000000c <swtch>:
8000000c:	00152023          	sw	x1,0(x10)
80000010:	00252223          	sw	x2,4(x10)
80000014:	00852423          	sw	x8,8(x10)
80000018:	00952823          	sw	x9,16(x10)
8000001c:	01252a23          	sw	x18,20(x10)
80000020:	01352c23          	sw	x19,24(x10)
80000024:	01452e23          	sw	x20,28(x10)
80000028:	03552023          	sw	x21,32(x10)
8000002c:	03652223          	sw	x22,36(x10)
80000030:	03752423          	sw	x23,40(x10)
80000034:	03852623          	sw	x24,44(x10)
80000038:	03952823          	sw	x25,48(x10)
8000003c:	03a52a23          	sw	x26,52(x10)
80000040:	03b52c23          	sw	x27,56(x10)
80000044:	0005a083          	lw	x1,0(x11)
80000048:	0045a103          	lw	x2,4(x11)
8000004c:	0085a403          	lw	x8,8(x11)
80000050:	0105a483          	lw	x9,16(x11)
80000054:	0145a903          	lw	x18,20(x11)
80000058:	0185a983          	lw	x19,24(x11)
8000005c:	01c5aa03          	lw	x20,28(x11)
80000060:	0205aa83          	lw	x21,32(x11)
80000064:	0245ab03          	lw	x22,36(x11)
80000068:	0285ab83          	lw	x23,40(x11)
8000006c:	02c5ac03          	lw	x24,44(x11)
80000070:	0305ac83          	lw	x25,48(x11)
80000074:	0345ad03          	lw	x26,52(x11)
80000078:	0385ad83          	lw	x27,56(x11)
8000007c:	00008067          	jalr	x0,0(x1)

80000080 <timervec>:
80000080:	00003297          	auipc	x5,0x3
80000084:	52028293          	addi	x5,x5,1312 # 800035a0 <timer_scratch>
80000088:	0012a023          	sw	x1,0(x5)
8000008c:	0062a223          	sw	x6,4(x5)
80000090:	0072a423          	sw	x7,8(x5)
80000094:	00003297          	auipc	x5,0x3
80000098:	50c28293          	addi	x5,x5,1292 # 800035a0 <timer_scratch>
8000009c:	00c2a303          	lw	x6,12(x5)
800000a0:	0102a383          	lw	x7,16(x5)
800000a4:	00032e03          	lw	x28,0(x6)
800000a8:	007e0e33          	add	x28,x28,x7
800000ac:	01c32023          	sw	x28,0(x6)
800000b0:	00200593          	addi	x11,x0,2
800000b4:	14459073          	csrrw	x0,sip,x11
800000b8:	00003297          	auipc	x5,0x3
800000bc:	4e828293          	addi	x5,x5,1256 # 800035a0 <timer_scratch>
800000c0:	0002a083          	lw	x1,0(x5)
800000c4:	0042a303          	lw	x6,4(x5)
800000c8:	0082a383          	lw	x7,8(x5)
800000cc:	30200073          	mret

800000d0 <main>:
800000d0:	ff010113          	addi	x2,x2,-16 # 80005ff0 <_stack_top+0xf8005ff0>
800000d4:	00112623          	sw	x1,12(x2)
800000d8:	00812423          	sw	x8,8(x2)
800000dc:	01010413          	addi	x8,x2,16
800000e0:	204000ef          	jal	x1,800002e4 <paginginit>
800000e4:	4c4020ef          	jal	x1,800025a8 <init_kernel_paging>
800000e8:	1f1020ef          	jal	x1,80002ad8 <plicinit>
800000ec:	634020ef          	jal	x1,80002720 <uartinit>
800000f0:	274010ef          	jal	x1,80001364 <procinit>
800000f4:	0fd010ef          	jal	x1,800019f0 <userinit>
800000f8:	6c9010ef          	jal	x1,80001fc0 <scheduler>
800000fc:	00000793          	addi	x15,x0,0
80000100:	00078513          	addi	x10,x15,0
80000104:	00c12083          	lw	x1,12(x2)
80000108:	00812403          	lw	x8,8(x2)
8000010c:	01010113          	addi	x2,x2,16
80000110:	00008067          	jalr	x0,0(x1)

80000114 <set_perms>:
80000114:	fd010113          	addi	x2,x2,-48
80000118:	02812623          	sw	x8,44(x2)
8000011c:	03010413          	addi	x8,x2,48
80000120:	fca42e23          	sw	x10,-36(x8)
80000124:	fe042623          	sw	x0,-20(x8)
80000128:	fe042423          	sw	x0,-24(x8)
8000012c:	0d40006f          	jal	x0,80000200 <set_perms+0xec>
80000130:	fe842783          	lw	x15,-24(x8)
80000134:	fdc42703          	lw	x14,-36(x8)
80000138:	00f707b3          	add	x15,x14,x15
8000013c:	0007c703          	lbu	x14,0(x15)
80000140:	05500793          	addi	x15,x0,85
80000144:	00f71a63          	bne	x14,x15,80000158 <set_perms+0x44>
80000148:	fec42783          	lw	x15,-20(x8)
8000014c:	01078793          	addi	x15,x15,16
80000150:	fef42623          	sw	x15,-20(x8)
80000154:	0a00006f          	jal	x0,800001f4 <set_perms+0xe0>
80000158:	fe842783          	lw	x15,-24(x8)
8000015c:	fdc42703          	lw	x14,-36(x8)
80000160:	00f707b3          	add	x15,x14,x15
80000164:	0007c703          	lbu	x14,0(x15)
80000168:	05800793          	addi	x15,x0,88
8000016c:	00f71a63          	bne	x14,x15,80000180 <set_perms+0x6c>
80000170:	fec42783          	lw	x15,-20(x8)
80000174:	00878793          	addi	x15,x15,8
80000178:	fef42623          	sw	x15,-20(x8)
8000017c:	0780006f          	jal	x0,800001f4 <set_perms+0xe0>
80000180:	fe842783          	lw	x15,-24(x8)
80000184:	fdc42703          	lw	x14,-36(x8)
80000188:	00f707b3          	add	x15,x14,x15
8000018c:	0007c703          	lbu	x14,0(x15)
80000190:	05700793          	addi	x15,x0,87
80000194:	00f71a63          	bne	x14,x15,800001a8 <set_perms+0x94>
80000198:	fec42783          	lw	x15,-20(x8)
8000019c:	00478793          	addi	x15,x15,4
800001a0:	fef42623          	sw	x15,-20(x8)
800001a4:	0500006f          	jal	x0,800001f4 <set_perms+0xe0>
800001a8:	fe842783          	lw	x15,-24(x8)
800001ac:	fdc42703          	lw	x14,-36(x8)
800001b0:	00f707b3          	add	x15,x14,x15
800001b4:	0007c703          	lbu	x14,0(x15)
800001b8:	05200793          	addi	x15,x0,82
800001bc:	00f71a63          	bne	x14,x15,800001d0 <set_perms+0xbc>
800001c0:	fec42783          	lw	x15,-20(x8)
800001c4:	00278793          	addi	x15,x15,2
800001c8:	fef42623          	sw	x15,-20(x8)
800001cc:	0280006f          	jal	x0,800001f4 <set_perms+0xe0>
800001d0:	fe842783          	lw	x15,-24(x8)
800001d4:	fdc42703          	lw	x14,-36(x8)
800001d8:	00f707b3          	add	x15,x14,x15
800001dc:	0007c703          	lbu	x14,0(x15)
800001e0:	05600793          	addi	x15,x0,86
800001e4:	02f71663          	bne	x14,x15,80000210 <set_perms+0xfc>
800001e8:	fec42783          	lw	x15,-20(x8)
800001ec:	00178793          	addi	x15,x15,1
800001f0:	fef42623          	sw	x15,-20(x8)
800001f4:	fe842783          	lw	x15,-24(x8)
800001f8:	00178793          	addi	x15,x15,1
800001fc:	fef42423          	sw	x15,-24(x8)
80000200:	fe842703          	lw	x14,-24(x8)
80000204:	00400793          	addi	x15,x0,4
80000208:	f2e7d4e3          	bge	x15,x14,80000130 <set_perms+0x1c>
8000020c:	0080006f          	jal	x0,80000214 <set_perms+0x100>
80000210:	00000013          	addi	x0,x0,0
80000214:	fec42783          	lw	x15,-20(x8)
80000218:	00078513          	addi	x10,x15,0
8000021c:	02c12403          	lw	x8,44(x2)
80000220:	03010113          	addi	x2,x2,48
80000224:	00008067          	jalr	x0,0(x1)

80000228 <is_pte_valid>:
80000228:	fe010113          	addi	x2,x2,-32
8000022c:	00812e23          	sw	x8,28(x2)
80000230:	02010413          	addi	x8,x2,32
80000234:	fea42623          	sw	x10,-20(x8)
80000238:	fec42783          	lw	x15,-20(x8)
8000023c:	0017f793          	andi	x15,x15,1
80000240:	00078513          	addi	x10,x15,0
80000244:	01c12403          	lw	x8,28(x2)
80000248:	02010113          	addi	x2,x2,32
8000024c:	00008067          	jalr	x0,0(x1)

80000250 <page_free>:
80000250:	fd010113          	addi	x2,x2,-48
80000254:	02112623          	sw	x1,44(x2)
80000258:	02812423          	sw	x8,40(x2)
8000025c:	03010413          	addi	x8,x2,48
80000260:	fca42e23          	sw	x10,-36(x8)
80000264:	fdc42703          	lw	x14,-36(x8)
80000268:	000017b7          	lui	x15,0x1
8000026c:	fff78793          	addi	x15,x15,-1 # fff <_start-0x7ffff001>
80000270:	00f777b3          	and	x15,x14,x15
80000274:	00079e63          	bne	x15,x0,80000290 <page_free+0x40>
80000278:	fdc42703          	lw	x14,-36(x8)
8000027c:	800067b7          	lui	x15,0x80006
80000280:	00f76863          	bltu	x14,x15,80000290 <page_free+0x40>
80000284:	fdc42703          	lw	x14,-36(x8)
80000288:	802017b7          	lui	x15,0x80201
8000028c:	00e7f663          	bgeu	x15,x14,80000298 <page_free+0x48>
80000290:	00100793          	addi	x15,x0,1
80000294:	03c0006f          	jal	x0,800002d0 <page_free+0x80>
80000298:	00001637          	lui	x12,0x1
8000029c:	00000593          	addi	x11,x0,0
800002a0:	fdc42503          	lw	x10,-36(x8)
800002a4:	2a1000ef          	jal	x1,80000d44 <memstr>
800002a8:	800037b7          	lui	x15,0x80003
800002ac:	5f47a783          	lw	x15,1524(x15) # 800035f4 <_stack_top+0xf80035f4>
800002b0:	fef42623          	sw	x15,-20(x8)
800002b4:	800037b7          	lui	x15,0x80003
800002b8:	fdc42703          	lw	x14,-36(x8)
800002bc:	5ee7aa23          	sw	x14,1524(x15) # 800035f4 <_stack_top+0xf80035f4>
800002c0:	fdc42783          	lw	x15,-36(x8)
800002c4:	fec42703          	lw	x14,-20(x8)
800002c8:	00e7a023          	sw	x14,0(x15)
800002cc:	00000793          	addi	x15,x0,0
800002d0:	00078513          	addi	x10,x15,0
800002d4:	02c12083          	lw	x1,44(x2)
800002d8:	02812403          	lw	x8,40(x2)
800002dc:	03010113          	addi	x2,x2,48
800002e0:	00008067          	jalr	x0,0(x1)

800002e4 <paginginit>:
800002e4:	fe010113          	addi	x2,x2,-32
800002e8:	00112e23          	sw	x1,28(x2)
800002ec:	00812c23          	sw	x8,24(x2)
800002f0:	02010413          	addi	x8,x2,32
800002f4:	800067b7          	lui	x15,0x80006
800002f8:	fef42623          	sw	x15,-20(x8)
800002fc:	0200006f          	jal	x0,8000031c <paginginit+0x38>
80000300:	fec42783          	lw	x15,-20(x8)
80000304:	00078513          	addi	x10,x15,0 # 80006000 <_stack_top+0xf8006000>
80000308:	f49ff0ef          	jal	x1,80000250 <page_free>
8000030c:	fec42703          	lw	x14,-20(x8)
80000310:	000017b7          	lui	x15,0x1
80000314:	00f707b3          	add	x15,x14,x15
80000318:	fef42623          	sw	x15,-20(x8)
8000031c:	fec42703          	lw	x14,-20(x8)
80000320:	802017b7          	lui	x15,0x80201
80000324:	fcf76ee3          	bltu	x14,x15,80000300 <paginginit+0x1c>
80000328:	00000013          	addi	x0,x0,0
8000032c:	00000013          	addi	x0,x0,0
80000330:	01c12083          	lw	x1,28(x2)
80000334:	01812403          	lw	x8,24(x2)
80000338:	02010113          	addi	x2,x2,32
8000033c:	00008067          	jalr	x0,0(x1)

80000340 <alloc_page>:
80000340:	fe010113          	addi	x2,x2,-32
80000344:	00112e23          	sw	x1,28(x2)
80000348:	00812c23          	sw	x8,24(x2)
8000034c:	02010413          	addi	x8,x2,32
80000350:	800037b7          	lui	x15,0x80003
80000354:	5f47a783          	lw	x15,1524(x15) # 800035f4 <_stack_top+0xf80035f4>
80000358:	fef42623          	sw	x15,-20(x8)
8000035c:	800037b7          	lui	x15,0x80003
80000360:	5f47a783          	lw	x15,1524(x15) # 800035f4 <_stack_top+0xf80035f4>
80000364:	0007a783          	lw	x15,0(x15)
80000368:	fef42423          	sw	x15,-24(x8)
8000036c:	800037b7          	lui	x15,0x80003
80000370:	fe842703          	lw	x14,-24(x8)
80000374:	5ee7aa23          	sw	x14,1524(x15) # 800035f4 <_stack_top+0xf80035f4>
80000378:	00001637          	lui	x12,0x1
8000037c:	00000593          	addi	x11,x0,0
80000380:	fec42503          	lw	x10,-20(x8)
80000384:	1c1000ef          	jal	x1,80000d44 <memstr>
80000388:	fec42783          	lw	x15,-20(x8)
8000038c:	00078513          	addi	x10,x15,0
80000390:	01c12083          	lw	x1,28(x2)
80000394:	01812403          	lw	x8,24(x2)
80000398:	02010113          	addi	x2,x2,32
8000039c:	00008067          	jalr	x0,0(x1)

800003a0 <create_page_table>:
800003a0:	fe010113          	addi	x2,x2,-32
800003a4:	00112e23          	sw	x1,28(x2)
800003a8:	00812c23          	sw	x8,24(x2)
800003ac:	02010413          	addi	x8,x2,32
800003b0:	f91ff0ef          	jal	x1,80000340 <alloc_page>
800003b4:	fea42623          	sw	x10,-20(x8)
800003b8:	fec42783          	lw	x15,-20(x8)
800003bc:	00078513          	addi	x10,x15,0
800003c0:	01c12083          	lw	x1,28(x2)
800003c4:	01812403          	lw	x8,24(x2)
800003c8:	02010113          	addi	x2,x2,32
800003cc:	00008067          	jalr	x0,0(x1)

800003d0 <get_internal_page_no>:
800003d0:	fe010113          	addi	x2,x2,-32
800003d4:	00812e23          	sw	x8,28(x2)
800003d8:	02010413          	addi	x8,x2,32
800003dc:	fea42623          	sw	x10,-20(x8)
800003e0:	fec42783          	lw	x15,-20(x8)
800003e4:	0167d793          	srli	x15,x15,0x16
800003e8:	00078513          	addi	x10,x15,0
800003ec:	01c12403          	lw	x8,28(x2)
800003f0:	02010113          	addi	x2,x2,32
800003f4:	00008067          	jalr	x0,0(x1)

800003f8 <get_leaf_page_no>:
800003f8:	fe010113          	addi	x2,x2,-32
800003fc:	00812e23          	sw	x8,28(x2)
80000400:	02010413          	addi	x8,x2,32
80000404:	fea42623          	sw	x10,-20(x8)
80000408:	fec42783          	lw	x15,-20(x8)
8000040c:	00c7d793          	srli	x15,x15,0xc
80000410:	3ff7f793          	andi	x15,x15,1023
80000414:	00078513          	addi	x10,x15,0
80000418:	01c12403          	lw	x8,28(x2)
8000041c:	02010113          	addi	x2,x2,32
80000420:	00008067          	jalr	x0,0(x1)

80000424 <extract_pa_from_pte>:
80000424:	fe010113          	addi	x2,x2,-32
80000428:	00812e23          	sw	x8,28(x2)
8000042c:	02010413          	addi	x8,x2,32
80000430:	fea42623          	sw	x10,-20(x8)
80000434:	fec42783          	lw	x15,-20(x8)
80000438:	00a7d793          	srli	x15,x15,0xa
8000043c:	00c79793          	slli	x15,x15,0xc
80000440:	00078513          	addi	x10,x15,0
80000444:	01c12403          	lw	x8,28(x2)
80000448:	02010113          	addi	x2,x2,32
8000044c:	00008067          	jalr	x0,0(x1)

80000450 <extract_perms_from_pte>:
80000450:	fe010113          	addi	x2,x2,-32
80000454:	00812e23          	sw	x8,28(x2)
80000458:	02010413          	addi	x8,x2,32
8000045c:	fea42623          	sw	x10,-20(x8)
80000460:	fec42783          	lw	x15,-20(x8)
80000464:	3ff7f793          	andi	x15,x15,1023
80000468:	00078513          	addi	x10,x15,0
8000046c:	01c12403          	lw	x8,28(x2)
80000470:	02010113          	addi	x2,x2,32
80000474:	00008067          	jalr	x0,0(x1)

80000478 <va_to_pte>:
80000478:	fc010113          	addi	x2,x2,-64
8000047c:	02112e23          	sw	x1,60(x2)
80000480:	02812c23          	sw	x8,56(x2)
80000484:	02912a23          	sw	x9,52(x2)
80000488:	04010413          	addi	x8,x2,64
8000048c:	fca42623          	sw	x10,-52(x8)
80000490:	fcb42423          	sw	x11,-56(x8)
80000494:	fc842503          	lw	x10,-56(x8)
80000498:	f39ff0ef          	jal	x1,800003d0 <get_internal_page_no>
8000049c:	fea42423          	sw	x10,-24(x8)
800004a0:	fe842783          	lw	x15,-24(x8)
800004a4:	00279793          	slli	x15,x15,0x2
800004a8:	fcc42703          	lw	x14,-52(x8)
800004ac:	00f707b3          	add	x15,x14,x15
800004b0:	0007a783          	lw	x15,0(x15)
800004b4:	fef42223          	sw	x15,-28(x8)
800004b8:	fe442503          	lw	x10,-28(x8)
800004bc:	d6dff0ef          	jal	x1,80000228 <is_pte_valid>
800004c0:	00050793          	addi	x15,x10,0
800004c4:	06079063          	bne	x15,x0,80000524 <va_to_pte+0xac>
800004c8:	e79ff0ef          	jal	x1,80000340 <alloc_page>
800004cc:	fea42023          	sw	x10,-32(x8)
800004d0:	00001637          	lui	x12,0x1
800004d4:	00000593          	addi	x11,x0,0
800004d8:	fe042503          	lw	x10,-32(x8)
800004dc:	069000ef          	jal	x1,80000d44 <memstr>
800004e0:	fe042783          	lw	x15,-32(x8)
800004e4:	00c7d793          	srli	x15,x15,0xc
800004e8:	00a79493          	slli	x9,x15,0xa
800004ec:	800037b7          	lui	x15,0x80003
800004f0:	ca078513          	addi	x10,x15,-864 # 80002ca0 <_stack_top+0xf8002ca0>
800004f4:	c21ff0ef          	jal	x1,80000114 <set_perms>
800004f8:	00050793          	addi	x15,x10,0
800004fc:	00078693          	addi	x13,x15,0
80000500:	fe842783          	lw	x15,-24(x8)
80000504:	00279793          	slli	x15,x15,0x2
80000508:	fcc42703          	lw	x14,-52(x8)
8000050c:	00f707b3          	add	x15,x14,x15
80000510:	00d4e733          	or	x14,x9,x13
80000514:	00e7a023          	sw	x14,0(x15)
80000518:	fe042783          	lw	x15,-32(x8)
8000051c:	fef42623          	sw	x15,-20(x8)
80000520:	0140006f          	jal	x0,80000534 <va_to_pte+0xbc>
80000524:	fe442503          	lw	x10,-28(x8)
80000528:	efdff0ef          	jal	x1,80000424 <extract_pa_from_pte>
8000052c:	00050793          	addi	x15,x10,0
80000530:	fef42623          	sw	x15,-20(x8)
80000534:	fc842503          	lw	x10,-56(x8)
80000538:	ec1ff0ef          	jal	x1,800003f8 <get_leaf_page_no>
8000053c:	fca42e23          	sw	x10,-36(x8)
80000540:	fdc42783          	lw	x15,-36(x8)
80000544:	00279793          	slli	x15,x15,0x2
80000548:	fec42703          	lw	x14,-20(x8)
8000054c:	00f707b3          	add	x15,x14,x15
80000550:	0007a783          	lw	x15,0(x15)
80000554:	fcf42c23          	sw	x15,-40(x8)
80000558:	fd842503          	lw	x10,-40(x8)
8000055c:	ccdff0ef          	jal	x1,80000228 <is_pte_valid>
80000560:	00050793          	addi	x15,x10,0
80000564:	06079663          	bne	x15,x0,800005d0 <va_to_pte+0x158>
80000568:	dd9ff0ef          	jal	x1,80000340 <alloc_page>
8000056c:	fca42a23          	sw	x10,-44(x8)
80000570:	00001637          	lui	x12,0x1
80000574:	00000593          	addi	x11,x0,0
80000578:	fd442503          	lw	x10,-44(x8)
8000057c:	7c8000ef          	jal	x1,80000d44 <memstr>
80000580:	fd442783          	lw	x15,-44(x8)
80000584:	00c7d793          	srli	x15,x15,0xc
80000588:	00a79493          	slli	x9,x15,0xa
8000058c:	800037b7          	lui	x15,0x80003
80000590:	ca478513          	addi	x10,x15,-860 # 80002ca4 <_stack_top+0xf8002ca4>
80000594:	b81ff0ef          	jal	x1,80000114 <set_perms>
80000598:	00050793          	addi	x15,x10,0
8000059c:	00078693          	addi	x13,x15,0
800005a0:	fdc42783          	lw	x15,-36(x8)
800005a4:	00279793          	slli	x15,x15,0x2
800005a8:	fec42703          	lw	x14,-20(x8)
800005ac:	00f707b3          	add	x15,x14,x15
800005b0:	00d4e733          	or	x14,x9,x13
800005b4:	00e7a023          	sw	x14,0(x15)
800005b8:	fdc42783          	lw	x15,-36(x8)
800005bc:	00279793          	slli	x15,x15,0x2
800005c0:	fec42703          	lw	x14,-20(x8)
800005c4:	00f707b3          	add	x15,x14,x15
800005c8:	0007a783          	lw	x15,0(x15)
800005cc:	fcf42823          	sw	x15,-48(x8)
800005d0:	fdc42783          	lw	x15,-36(x8)
800005d4:	00279793          	slli	x15,x15,0x2
800005d8:	fec42703          	lw	x14,-20(x8)
800005dc:	00f707b3          	add	x15,x14,x15
800005e0:	0007a783          	lw	x15,0(x15)
800005e4:	00078513          	addi	x10,x15,0
800005e8:	03c12083          	lw	x1,60(x2)
800005ec:	03812403          	lw	x8,56(x2)
800005f0:	03412483          	lw	x9,52(x2)
800005f4:	04010113          	addi	x2,x2,64
800005f8:	00008067          	jalr	x0,0(x1)

800005fc <map_vm>:
800005fc:	fd010113          	addi	x2,x2,-48
80000600:	02112623          	sw	x1,44(x2)
80000604:	02812423          	sw	x8,40(x2)
80000608:	03010413          	addi	x8,x2,48
8000060c:	fca42e23          	sw	x10,-36(x8)
80000610:	fcb42c23          	sw	x11,-40(x8)
80000614:	fcc42a23          	sw	x12,-44(x8)
80000618:	fcd42823          	sw	x13,-48(x8)
8000061c:	fe042623          	sw	x0,-20(x8)
80000620:	fe042423          	sw	x0,-24(x8)
80000624:	fd442783          	lw	x15,-44(x8)
80000628:	0407c863          	blt	x15,x0,80000678 <map_vm+0x7c>
8000062c:	fd842703          	lw	x14,-40(x8)
80000630:	000017b7          	lui	x15,0x1
80000634:	fff78793          	addi	x15,x15,-1 # fff <_start-0x7ffff001>
80000638:	00f777b3          	and	x15,x14,x15
8000063c:	02079e63          	bne	x15,x0,80000678 <map_vm+0x7c>
80000640:	fd842583          	lw	x11,-40(x8)
80000644:	fdc42503          	lw	x10,-36(x8)
80000648:	e31ff0ef          	jal	x1,80000478 <va_to_pte>
8000064c:	fd842703          	lw	x14,-40(x8)
80000650:	000017b7          	lui	x15,0x1
80000654:	00f707b3          	add	x15,x14,x15
80000658:	fcf42c23          	sw	x15,-40(x8)
8000065c:	fd442703          	lw	x14,-44(x8)
80000660:	fffff7b7          	lui	x15,0xfffff
80000664:	00f707b3          	add	x15,x14,x15
80000668:	fcf42a23          	sw	x15,-44(x8)
8000066c:	fd442783          	lw	x15,-44(x8)
80000670:	fcf048e3          	blt	x0,x15,80000640 <map_vm+0x44>
80000674:	0080006f          	jal	x0,8000067c <map_vm+0x80>
80000678:	00000013          	addi	x0,x0,0
8000067c:	02c12083          	lw	x1,44(x2)
80000680:	02812403          	lw	x8,40(x2)
80000684:	03010113          	addi	x2,x2,48
80000688:	00008067          	jalr	x0,0(x1)

8000068c <copyout>:
8000068c:	fd010113          	addi	x2,x2,-48
80000690:	02112623          	sw	x1,44(x2)
80000694:	02812423          	sw	x8,40(x2)
80000698:	03010413          	addi	x8,x2,48
8000069c:	fca42e23          	sw	x10,-36(x8)
800006a0:	fcb42c23          	sw	x11,-40(x8)
800006a4:	fcc42a23          	sw	x12,-44(x8)
800006a8:	fcd42823          	sw	x13,-48(x8)
800006ac:	0b40006f          	jal	x0,80000760 <copyout+0xd4>
800006b0:	fd442583          	lw	x11,-44(x8)
800006b4:	fdc42503          	lw	x10,-36(x8)
800006b8:	dc1ff0ef          	jal	x1,80000478 <va_to_pte>
800006bc:	fea42623          	sw	x10,-20(x8)
800006c0:	fec42503          	lw	x10,-20(x8)
800006c4:	d61ff0ef          	jal	x1,80000424 <extract_pa_from_pte>
800006c8:	fea42423          	sw	x10,-24(x8)
800006cc:	fe842703          	lw	x14,-24(x8)
800006d0:	000017b7          	lui	x15,0x1
800006d4:	fff78793          	addi	x15,x15,-1 # fff <_start-0x7ffff001>
800006d8:	00f777b3          	and	x15,x14,x15
800006dc:	00001737          	lui	x14,0x1
800006e0:	40f707b3          	sub	x15,x14,x15
800006e4:	fd042583          	lw	x11,-48(x8)
800006e8:	00078513          	addi	x10,x15,0
800006ec:	7c4000ef          	jal	x1,80000eb0 <min>
800006f0:	fea42223          	sw	x10,-28(x8)
800006f4:	fd442703          	lw	x14,-44(x8)
800006f8:	000017b7          	lui	x15,0x1
800006fc:	fff78793          	addi	x15,x15,-1 # fff <_start-0x7ffff001>
80000700:	00f777b3          	and	x15,x14,x15
80000704:	fef42023          	sw	x15,-32(x8)
80000708:	fe842703          	lw	x14,-24(x8)
8000070c:	fe042783          	lw	x15,-32(x8)
80000710:	00f707b3          	add	x15,x14,x15
80000714:	fef42423          	sw	x15,-24(x8)
80000718:	fe842783          	lw	x15,-24(x8)
8000071c:	fe442703          	lw	x14,-28(x8)
80000720:	00070613          	addi	x12,x14,0 # 1000 <_start-0x7ffff000>
80000724:	fd842583          	lw	x11,-40(x8)
80000728:	00078513          	addi	x10,x15,0
8000072c:	6dc000ef          	jal	x1,80000e08 <k_memcpy>
80000730:	fe442783          	lw	x15,-28(x8)
80000734:	fd442703          	lw	x14,-44(x8)
80000738:	00f707b3          	add	x15,x14,x15
8000073c:	fcf42a23          	sw	x15,-44(x8)
80000740:	fe442783          	lw	x15,-28(x8)
80000744:	fd842703          	lw	x14,-40(x8)
80000748:	00f707b3          	add	x15,x14,x15
8000074c:	fcf42c23          	sw	x15,-40(x8)
80000750:	fe442783          	lw	x15,-28(x8)
80000754:	fd042703          	lw	x14,-48(x8)
80000758:	40f707b3          	sub	x15,x14,x15
8000075c:	fcf42823          	sw	x15,-48(x8)
80000760:	fd042783          	lw	x15,-48(x8)
80000764:	f40796e3          	bne	x15,x0,800006b0 <copyout+0x24>
80000768:	00000013          	addi	x0,x0,0
8000076c:	00000013          	addi	x0,x0,0
80000770:	02c12083          	lw	x1,44(x2)
80000774:	02812403          	lw	x8,40(x2)
80000778:	03010113          	addi	x2,x2,48
8000077c:	00008067          	jalr	x0,0(x1)

80000780 <copyin>:
80000780:	fd010113          	addi	x2,x2,-48
80000784:	02112623          	sw	x1,44(x2)
80000788:	02812423          	sw	x8,40(x2)
8000078c:	03010413          	addi	x8,x2,48
80000790:	fca42e23          	sw	x10,-36(x8)
80000794:	fcb42c23          	sw	x11,-40(x8)
80000798:	fcc42a23          	sw	x12,-44(x8)
8000079c:	fcd42823          	sw	x13,-48(x8)
800007a0:	0b80006f          	jal	x0,80000858 <copyin+0xd8>
800007a4:	fd442583          	lw	x11,-44(x8)
800007a8:	fdc42503          	lw	x10,-36(x8)
800007ac:	ccdff0ef          	jal	x1,80000478 <va_to_pte>
800007b0:	fea42623          	sw	x10,-20(x8)
800007b4:	fec42503          	lw	x10,-20(x8)
800007b8:	c6dff0ef          	jal	x1,80000424 <extract_pa_from_pte>
800007bc:	fea42423          	sw	x10,-24(x8)
800007c0:	fd442703          	lw	x14,-44(x8)
800007c4:	000017b7          	lui	x15,0x1
800007c8:	fff78793          	addi	x15,x15,-1 # fff <_start-0x7ffff001>
800007cc:	00f777b3          	and	x15,x14,x15
800007d0:	fef42223          	sw	x15,-28(x8)
800007d4:	fe842703          	lw	x14,-24(x8)
800007d8:	000017b7          	lui	x15,0x1
800007dc:	fff78793          	addi	x15,x15,-1 # fff <_start-0x7ffff001>
800007e0:	00f777b3          	and	x15,x14,x15
800007e4:	00001737          	lui	x14,0x1
800007e8:	40f707b3          	sub	x15,x14,x15
800007ec:	fd042583          	lw	x11,-48(x8)
800007f0:	00078513          	addi	x10,x15,0
800007f4:	6bc000ef          	jal	x1,80000eb0 <min>
800007f8:	fea42023          	sw	x10,-32(x8)
800007fc:	fe842703          	lw	x14,-24(x8)
80000800:	fe442783          	lw	x15,-28(x8)
80000804:	00f707b3          	add	x15,x14,x15
80000808:	fef42423          	sw	x15,-24(x8)
8000080c:	fe842783          	lw	x15,-24(x8)
80000810:	fe042703          	lw	x14,-32(x8)
80000814:	00070613          	addi	x12,x14,0 # 1000 <_start-0x7ffff000>
80000818:	00078593          	addi	x11,x15,0
8000081c:	fd842503          	lw	x10,-40(x8)
80000820:	5e8000ef          	jal	x1,80000e08 <k_memcpy>
80000824:	fe042783          	lw	x15,-32(x8)
80000828:	fd442703          	lw	x14,-44(x8)
8000082c:	00f707b3          	add	x15,x14,x15
80000830:	fcf42a23          	sw	x15,-44(x8)
80000834:	fe042783          	lw	x15,-32(x8)
80000838:	00279793          	slli	x15,x15,0x2
8000083c:	fd842703          	lw	x14,-40(x8)
80000840:	00f707b3          	add	x15,x14,x15
80000844:	fcf42c23          	sw	x15,-40(x8)
80000848:	fe042783          	lw	x15,-32(x8)
8000084c:	fd042703          	lw	x14,-48(x8)
80000850:	40f707b3          	sub	x15,x14,x15
80000854:	fcf42823          	sw	x15,-48(x8)
80000858:	fd042783          	lw	x15,-48(x8)
8000085c:	f40794e3          	bne	x15,x0,800007a4 <copyin+0x24>
80000860:	00000013          	addi	x0,x0,0
80000864:	00000013          	addi	x0,x0,0
80000868:	02c12083          	lw	x1,44(x2)
8000086c:	02812403          	lw	x8,40(x2)
80000870:	03010113          	addi	x2,x2,48
80000874:	00008067          	jalr	x0,0(x1)

80000878 <unmap_vm>:
80000878:	fd010113          	addi	x2,x2,-48
8000087c:	02112623          	sw	x1,44(x2)
80000880:	02812423          	sw	x8,40(x2)
80000884:	03010413          	addi	x8,x2,48
80000888:	fca42e23          	sw	x10,-36(x8)
8000088c:	fe042623          	sw	x0,-20(x8)
80000890:	0dc0006f          	jal	x0,8000096c <unmap_vm+0xf4>
80000894:	fec42783          	lw	x15,-20(x8)
80000898:	00279793          	slli	x15,x15,0x2
8000089c:	fdc42703          	lw	x14,-36(x8)
800008a0:	00f707b3          	add	x15,x14,x15
800008a4:	0007a783          	lw	x15,0(x15)
800008a8:	00078513          	addi	x10,x15,0
800008ac:	97dff0ef          	jal	x1,80000228 <is_pte_valid>
800008b0:	00050793          	addi	x15,x10,0
800008b4:	0a078663          	beq	x15,x0,80000960 <unmap_vm+0xe8>
800008b8:	fec42783          	lw	x15,-20(x8)
800008bc:	00279793          	slli	x15,x15,0x2
800008c0:	fdc42703          	lw	x14,-36(x8)
800008c4:	00f707b3          	add	x15,x14,x15
800008c8:	0007a783          	lw	x15,0(x15)
800008cc:	00078513          	addi	x10,x15,0
800008d0:	b55ff0ef          	jal	x1,80000424 <extract_pa_from_pte>
800008d4:	00050793          	addi	x15,x10,0
800008d8:	fef42223          	sw	x15,-28(x8)
800008dc:	fe042423          	sw	x0,-24(x8)
800008e0:	05c0006f          	jal	x0,8000093c <unmap_vm+0xc4>
800008e4:	fe842783          	lw	x15,-24(x8)
800008e8:	00279793          	slli	x15,x15,0x2
800008ec:	fe442703          	lw	x14,-28(x8)
800008f0:	00f707b3          	add	x15,x14,x15
800008f4:	0007a783          	lw	x15,0(x15)
800008f8:	00078513          	addi	x10,x15,0
800008fc:	92dff0ef          	jal	x1,80000228 <is_pte_valid>
80000900:	00050793          	addi	x15,x10,0
80000904:	02078663          	beq	x15,x0,80000930 <unmap_vm+0xb8>
80000908:	fe842783          	lw	x15,-24(x8)
8000090c:	00279793          	slli	x15,x15,0x2
80000910:	fe442703          	lw	x14,-28(x8)
80000914:	00f707b3          	add	x15,x14,x15
80000918:	0007a783          	lw	x15,0(x15)
8000091c:	00078513          	addi	x10,x15,0
80000920:	b05ff0ef          	jal	x1,80000424 <extract_pa_from_pte>
80000924:	00050793          	addi	x15,x10,0
80000928:	00078513          	addi	x10,x15,0
8000092c:	925ff0ef          	jal	x1,80000250 <page_free>
80000930:	fe842783          	lw	x15,-24(x8)
80000934:	00178793          	addi	x15,x15,1
80000938:	fef42423          	sw	x15,-24(x8)
8000093c:	fe842703          	lw	x14,-24(x8)
80000940:	3ff00793          	addi	x15,x0,1023
80000944:	fae7d0e3          	bge	x15,x14,800008e4 <unmap_vm+0x6c>
80000948:	fe442783          	lw	x15,-28(x8)
8000094c:	00078513          	addi	x10,x15,0
80000950:	ad5ff0ef          	jal	x1,80000424 <extract_pa_from_pte>
80000954:	00050793          	addi	x15,x10,0
80000958:	00078513          	addi	x10,x15,0
8000095c:	8f5ff0ef          	jal	x1,80000250 <page_free>
80000960:	fec42783          	lw	x15,-20(x8)
80000964:	00178793          	addi	x15,x15,1
80000968:	fef42623          	sw	x15,-20(x8)
8000096c:	fec42703          	lw	x14,-20(x8)
80000970:	3ff00793          	addi	x15,x0,1023
80000974:	f2e7d0e3          	bge	x15,x14,80000894 <unmap_vm+0x1c>
80000978:	fdc42503          	lw	x10,-36(x8)
8000097c:	8d5ff0ef          	jal	x1,80000250 <page_free>
80000980:	00000013          	addi	x0,x0,0
80000984:	02c12083          	lw	x1,44(x2)
80000988:	02812403          	lw	x8,40(x2)
8000098c:	03010113          	addi	x2,x2,48
80000990:	00008067          	jalr	x0,0(x1)

80000994 <map_va_to_pa>:
80000994:	fd010113          	addi	x2,x2,-48
80000998:	02112623          	sw	x1,44(x2)
8000099c:	02812423          	sw	x8,40(x2)
800009a0:	03010413          	addi	x8,x2,48
800009a4:	fca42e23          	sw	x10,-36(x8)
800009a8:	fcb42c23          	sw	x11,-40(x8)
800009ac:	fcc42a23          	sw	x12,-44(x8)
800009b0:	fcd42823          	sw	x13,-48(x8)
800009b4:	fd842503          	lw	x10,-40(x8)
800009b8:	a19ff0ef          	jal	x1,800003d0 <get_internal_page_no>
800009bc:	fea42623          	sw	x10,-20(x8)
800009c0:	fd842503          	lw	x10,-40(x8)
800009c4:	a35ff0ef          	jal	x1,800003f8 <get_leaf_page_no>
800009c8:	fea42423          	sw	x10,-24(x8)
800009cc:	fec42783          	lw	x15,-20(x8)
800009d0:	00279793          	slli	x15,x15,0x2
800009d4:	fdc42703          	lw	x14,-36(x8)
800009d8:	00f707b3          	add	x15,x14,x15
800009dc:	0007a783          	lw	x15,0(x15)
800009e0:	00078513          	addi	x10,x15,0
800009e4:	a41ff0ef          	jal	x1,80000424 <extract_pa_from_pte>
800009e8:	00050793          	addi	x15,x10,0
800009ec:	fef42223          	sw	x15,-28(x8)
800009f0:	fd442783          	lw	x15,-44(x8)
800009f4:	00c7d793          	srli	x15,x15,0xc
800009f8:	00a79693          	slli	x13,x15,0xa
800009fc:	fd042703          	lw	x14,-48(x8)
80000a00:	fe842783          	lw	x15,-24(x8)
80000a04:	00279793          	slli	x15,x15,0x2
80000a08:	fe442603          	lw	x12,-28(x8)
80000a0c:	00f607b3          	add	x15,x12,x15
80000a10:	00e6e733          	or	x14,x13,x14
80000a14:	00e7a023          	sw	x14,0(x15)
80000a18:	00000013          	addi	x0,x0,0
80000a1c:	02c12083          	lw	x1,44(x2)
80000a20:	02812403          	lw	x8,40(x2)
80000a24:	03010113          	addi	x2,x2,48
80000a28:	00008067          	jalr	x0,0(x1)

80000a2c <copy_proc_mem>:
80000a2c:	fc010113          	addi	x2,x2,-64
80000a30:	02112e23          	sw	x1,60(x2)
80000a34:	02812c23          	sw	x8,56(x2)
80000a38:	02912a23          	sw	x9,52(x2)
80000a3c:	04010413          	addi	x8,x2,64
80000a40:	fca42623          	sw	x10,-52(x8)
80000a44:	fcb42423          	sw	x11,-56(x8)
80000a48:	fe042623          	sw	x0,-20(x8)
80000a4c:	13c0006f          	jal	x0,80000b88 <copy_proc_mem+0x15c>
80000a50:	fec42783          	lw	x15,-20(x8)
80000a54:	00279793          	slli	x15,x15,0x2
80000a58:	fcc42703          	lw	x14,-52(x8)
80000a5c:	00f707b3          	add	x15,x14,x15
80000a60:	0007a783          	lw	x15,0(x15)
80000a64:	00078513          	addi	x10,x15,0
80000a68:	fc0ff0ef          	jal	x1,80000228 <is_pte_valid>
80000a6c:	00050793          	addi	x15,x10,0
80000a70:	10078663          	beq	x15,x0,80000b7c <copy_proc_mem+0x150>
80000a74:	fec42783          	lw	x15,-20(x8)
80000a78:	00279793          	slli	x15,x15,0x2
80000a7c:	fcc42703          	lw	x14,-52(x8)
80000a80:	00f707b3          	add	x15,x14,x15
80000a84:	0007a783          	lw	x15,0(x15)
80000a88:	00078513          	addi	x10,x15,0
80000a8c:	999ff0ef          	jal	x1,80000424 <extract_pa_from_pte>
80000a90:	00050793          	addi	x15,x10,0
80000a94:	fef42223          	sw	x15,-28(x8)
80000a98:	00200793          	addi	x15,x0,2
80000a9c:	fef42423          	sw	x15,-24(x8)
80000aa0:	0d00006f          	jal	x0,80000b70 <copy_proc_mem+0x144>
80000aa4:	fe842783          	lw	x15,-24(x8)
80000aa8:	00279793          	slli	x15,x15,0x2
80000aac:	fe442703          	lw	x14,-28(x8)
80000ab0:	00f707b3          	add	x15,x14,x15
80000ab4:	0007a783          	lw	x15,0(x15)
80000ab8:	00078513          	addi	x10,x15,0
80000abc:	f6cff0ef          	jal	x1,80000228 <is_pte_valid>
80000ac0:	00050793          	addi	x15,x10,0
80000ac4:	0a078063          	beq	x15,x0,80000b64 <copy_proc_mem+0x138>
80000ac8:	fec42783          	lw	x15,-20(x8)
80000acc:	01679713          	slli	x14,x15,0x16
80000ad0:	fe842783          	lw	x15,-24(x8)
80000ad4:	00c79793          	slli	x15,x15,0xc
80000ad8:	00f767b3          	or	x15,x14,x15
80000adc:	fef42023          	sw	x15,-32(x8)
80000ae0:	fe842783          	lw	x15,-24(x8)
80000ae4:	00279793          	slli	x15,x15,0x2
80000ae8:	fe442703          	lw	x14,-28(x8)
80000aec:	00f707b3          	add	x15,x14,x15
80000af0:	0007a783          	lw	x15,0(x15)
80000af4:	00078513          	addi	x10,x15,0
80000af8:	959ff0ef          	jal	x1,80000450 <extract_perms_from_pte>
80000afc:	00050793          	addi	x15,x10,0
80000b00:	00078693          	addi	x13,x15,0
80000b04:	00001637          	lui	x12,0x1
80000b08:	fe042583          	lw	x11,-32(x8)
80000b0c:	fc842503          	lw	x10,-56(x8)
80000b10:	aedff0ef          	jal	x1,800005fc <map_vm>
80000b14:	fe042583          	lw	x11,-32(x8)
80000b18:	fc842503          	lw	x10,-56(x8)
80000b1c:	95dff0ef          	jal	x1,80000478 <va_to_pte>
80000b20:	fca42e23          	sw	x10,-36(x8)
80000b24:	fdc42503          	lw	x10,-36(x8)
80000b28:	8fdff0ef          	jal	x1,80000424 <extract_pa_from_pte>
80000b2c:	fca42e23          	sw	x10,-36(x8)
80000b30:	fdc42483          	lw	x9,-36(x8)
80000b34:	fe842783          	lw	x15,-24(x8)
80000b38:	00279793          	slli	x15,x15,0x2
80000b3c:	fe442703          	lw	x14,-28(x8)
80000b40:	00f707b3          	add	x15,x14,x15
80000b44:	0007a783          	lw	x15,0(x15)
80000b48:	00078513          	addi	x10,x15,0
80000b4c:	8d9ff0ef          	jal	x1,80000424 <extract_pa_from_pte>
80000b50:	00050793          	addi	x15,x10,0
80000b54:	00001637          	lui	x12,0x1
80000b58:	00078593          	addi	x11,x15,0
80000b5c:	00048513          	addi	x10,x9,0
80000b60:	2a8000ef          	jal	x1,80000e08 <k_memcpy>
80000b64:	fe842783          	lw	x15,-24(x8)
80000b68:	00178793          	addi	x15,x15,1
80000b6c:	fef42423          	sw	x15,-24(x8)
80000b70:	fe842703          	lw	x14,-24(x8)
80000b74:	3ff00793          	addi	x15,x0,1023
80000b78:	f2e7d6e3          	bge	x15,x14,80000aa4 <copy_proc_mem+0x78>
80000b7c:	fec42783          	lw	x15,-20(x8)
80000b80:	00178793          	addi	x15,x15,1
80000b84:	fef42623          	sw	x15,-20(x8)
80000b88:	fec42703          	lw	x14,-20(x8)
80000b8c:	3ff00793          	addi	x15,x0,1023
80000b90:	ece7d0e3          	bge	x15,x14,80000a50 <copy_proc_mem+0x24>
80000b94:	00000013          	addi	x0,x0,0
80000b98:	00000013          	addi	x0,x0,0
80000b9c:	03c12083          	lw	x1,60(x2)
80000ba0:	03812403          	lw	x8,56(x2)
80000ba4:	03412483          	lw	x9,52(x2)
80000ba8:	04010113          	addi	x2,x2,64
80000bac:	00008067          	jalr	x0,0(x1)

80000bb0 <map_trampoline_and_trapframe>:
80000bb0:	fe010113          	addi	x2,x2,-32
80000bb4:	00112e23          	sw	x1,28(x2)
80000bb8:	00812c23          	sw	x8,24(x2)
80000bbc:	00912a23          	sw	x9,20(x2)
80000bc0:	02010413          	addi	x8,x2,32
80000bc4:	fea42623          	sw	x10,-20(x8)
80000bc8:	feb42423          	sw	x11,-24(x8)
80000bcc:	800037b7          	lui	x15,0x80003
80000bd0:	cac78513          	addi	x10,x15,-852 # 80002cac <_stack_top+0xf8002cac>
80000bd4:	d40ff0ef          	jal	x1,80000114 <set_perms>
80000bd8:	00050793          	addi	x15,x10,0
80000bdc:	00078693          	addi	x13,x15,0
80000be0:	00001637          	lui	x12,0x1
80000be4:	00000593          	addi	x11,x0,0
80000be8:	fec42503          	lw	x10,-20(x8)
80000bec:	a11ff0ef          	jal	x1,800005fc <map_vm>
80000bf0:	800037b7          	lui	x15,0x80003
80000bf4:	cb078513          	addi	x10,x15,-848 # 80002cb0 <_stack_top+0xf8002cb0>
80000bf8:	d1cff0ef          	jal	x1,80000114 <set_perms>
80000bfc:	00050793          	addi	x15,x10,0
80000c00:	00078693          	addi	x13,x15,0
80000c04:	80004637          	lui	x12,0x80004
80000c08:	00000593          	addi	x11,x0,0
80000c0c:	fec42503          	lw	x10,-20(x8)
80000c10:	d85ff0ef          	jal	x1,80000994 <map_va_to_pa>
80000c14:	800037b7          	lui	x15,0x80003
80000c18:	cb878513          	addi	x10,x15,-840 # 80002cb8 <_stack_top+0xf8002cb8>
80000c1c:	cf8ff0ef          	jal	x1,80000114 <set_perms>
80000c20:	00050793          	addi	x15,x10,0
80000c24:	00078693          	addi	x13,x15,0
80000c28:	00001637          	lui	x12,0x1
80000c2c:	000015b7          	lui	x11,0x1
80000c30:	fec42503          	lw	x10,-20(x8)
80000c34:	9c9ff0ef          	jal	x1,800005fc <map_vm>
80000c38:	fe842483          	lw	x9,-24(x8)
80000c3c:	800037b7          	lui	x15,0x80003
80000c40:	cc078513          	addi	x10,x15,-832 # 80002cc0 <_stack_top+0xf8002cc0>
80000c44:	cd0ff0ef          	jal	x1,80000114 <set_perms>
80000c48:	00050793          	addi	x15,x10,0
80000c4c:	00078693          	addi	x13,x15,0
80000c50:	00048613          	addi	x12,x9,0
80000c54:	000015b7          	lui	x11,0x1
80000c58:	fec42503          	lw	x10,-20(x8)
80000c5c:	d39ff0ef          	jal	x1,80000994 <map_va_to_pa>
80000c60:	00000013          	addi	x0,x0,0
80000c64:	01c12083          	lw	x1,28(x2)
80000c68:	01812403          	lw	x8,24(x2)
80000c6c:	01412483          	lw	x9,20(x2)
80000c70:	02010113          	addi	x2,x2,32
80000c74:	00008067          	jalr	x0,0(x1)

80000c78 <alloc_mem>:
80000c78:	fd010113          	addi	x2,x2,-48
80000c7c:	02112623          	sw	x1,44(x2)
80000c80:	02812423          	sw	x8,40(x2)
80000c84:	02912223          	sw	x9,36(x2)
80000c88:	03212023          	sw	x18,32(x2)
80000c8c:	03010413          	addi	x8,x2,48
80000c90:	fca42e23          	sw	x10,-36(x8)
80000c94:	5d4000ef          	jal	x1,80001268 <myproc>
80000c98:	00050793          	addi	x15,x10,0
80000c9c:	fef42623          	sw	x15,-20(x8)
80000ca0:	000015b7          	lui	x11,0x1
80000ca4:	fdc42503          	lw	x10,-36(x8)
80000ca8:	3e8000ef          	jal	x1,80001090 <roundup>
80000cac:	fca42e23          	sw	x10,-36(x8)
80000cb0:	fec42783          	lw	x15,-20(x8)
80000cb4:	0187a703          	lw	x14,24(x15)
80000cb8:	000027b7          	lui	x15,0x2
80000cbc:	00f707b3          	add	x15,x14,x15
80000cc0:	fef42423          	sw	x15,-24(x8)
80000cc4:	fec42783          	lw	x15,-20(x8)
80000cc8:	0207a483          	lw	x9,32(x15) # 2020 <_start-0x7fffdfe0>
80000ccc:	fdc42903          	lw	x18,-36(x8)
80000cd0:	800037b7          	lui	x15,0x80003
80000cd4:	cc478513          	addi	x10,x15,-828 # 80002cc4 <_stack_top+0xf8002cc4>
80000cd8:	c3cff0ef          	jal	x1,80000114 <set_perms>
80000cdc:	00050793          	addi	x15,x10,0
80000ce0:	00078693          	addi	x13,x15,0
80000ce4:	00090613          	addi	x12,x18,0
80000ce8:	fe842583          	lw	x11,-24(x8)
80000cec:	00048513          	addi	x10,x9,0
80000cf0:	90dff0ef          	jal	x1,800005fc <map_vm>
80000cf4:	fe842783          	lw	x15,-24(x8)
80000cf8:	00078513          	addi	x10,x15,0
80000cfc:	02c12083          	lw	x1,44(x2)
80000d00:	02812403          	lw	x8,40(x2)
80000d04:	02412483          	lw	x9,36(x2)
80000d08:	02012903          	lw	x18,32(x2)
80000d0c:	03010113          	addi	x2,x2,48
80000d10:	00008067          	jalr	x0,0(x1)

80000d14 <writei>:
80000d14:	fe010113          	addi	x2,x2,-32
80000d18:	00812e23          	sw	x8,28(x2)
80000d1c:	02010413          	addi	x8,x2,32
80000d20:	fea42623          	sw	x10,-20(x8)
80000d24:	feb42423          	sw	x11,-24(x8)
80000d28:	fec42703          	lw	x14,-20(x8)
80000d2c:	fe842783          	lw	x15,-24(x8)
80000d30:	00e7a023          	sw	x14,0(x15)
80000d34:	00000013          	addi	x0,x0,0
80000d38:	01c12403          	lw	x8,28(x2)
80000d3c:	02010113          	addi	x2,x2,32
80000d40:	00008067          	jalr	x0,0(x1)

80000d44 <memstr>:
80000d44:	fd010113          	addi	x2,x2,-48
80000d48:	02812623          	sw	x8,44(x2)
80000d4c:	03010413          	addi	x8,x2,48
80000d50:	fca42e23          	sw	x10,-36(x8)
80000d54:	fcb42c23          	sw	x11,-40(x8)
80000d58:	fcc42a23          	sw	x12,-44(x8)
80000d5c:	fdc42783          	lw	x15,-36(x8)
80000d60:	0037f793          	andi	x15,x15,3
80000d64:	00078663          	beq	x15,x0,80000d70 <memstr+0x2c>
80000d68:	00100793          	addi	x15,x0,1
80000d6c:	0440006f          	jal	x0,80000db0 <memstr+0x6c>
80000d70:	fe042623          	sw	x0,-20(x8)
80000d74:	02c0006f          	jal	x0,80000da0 <memstr+0x5c>
80000d78:	fd842783          	lw	x15,-40(x8)
80000d7c:	0ff7f713          	andi	x14,x15,255
80000d80:	fdc42783          	lw	x15,-36(x8)
80000d84:	00e78023          	sb	x14,0(x15)
80000d88:	fdc42783          	lw	x15,-36(x8)
80000d8c:	00178793          	addi	x15,x15,1
80000d90:	fcf42e23          	sw	x15,-36(x8)
80000d94:	fec42783          	lw	x15,-20(x8)
80000d98:	00178793          	addi	x15,x15,1
80000d9c:	fef42623          	sw	x15,-20(x8)
80000da0:	fec42783          	lw	x15,-20(x8)
80000da4:	fd442703          	lw	x14,-44(x8)
80000da8:	fce7e8e3          	bltu	x15,x14,80000d78 <memstr+0x34>
80000dac:	00000793          	addi	x15,x0,0
80000db0:	00078513          	addi	x10,x15,0
80000db4:	02c12403          	lw	x8,44(x2)
80000db8:	03010113          	addi	x2,x2,48
80000dbc:	00008067          	jalr	x0,0(x1)

80000dc0 <write_scratch>:
80000dc0:	fd010113          	addi	x2,x2,-48
80000dc4:	02812623          	sw	x8,44(x2)
80000dc8:	03010413          	addi	x8,x2,48
80000dcc:	fca42e23          	sw	x10,-36(x8)
80000dd0:	fcb42c23          	sw	x11,-40(x8)
80000dd4:	fd842783          	lw	x15,-40(x8)
80000dd8:	00479713          	slli	x14,x15,0x4
80000ddc:	000017b7          	lui	x15,0x1
80000de0:	c0078793          	addi	x15,x15,-1024 # c00 <_start-0x7ffff400>
80000de4:	00f707b3          	add	x15,x14,x15
80000de8:	fef42623          	sw	x15,-20(x8)
80000dec:	fdc42703          	lw	x14,-36(x8)
80000df0:	fec42783          	lw	x15,-20(x8)
80000df4:	00e7a023          	sw	x14,0(x15)
80000df8:	00000013          	addi	x0,x0,0
80000dfc:	02c12403          	lw	x8,44(x2)
80000e00:	03010113          	addi	x2,x2,48
80000e04:	00008067          	jalr	x0,0(x1)

80000e08 <k_memcpy>:
80000e08:	fd010113          	addi	x2,x2,-48
80000e0c:	02812623          	sw	x8,44(x2)
80000e10:	03010413          	addi	x8,x2,48
80000e14:	fca42e23          	sw	x10,-36(x8)
80000e18:	fcb42c23          	sw	x11,-40(x8)
80000e1c:	fcc42a23          	sw	x12,-44(x8)
80000e20:	fe042623          	sw	x0,-20(x8)
80000e24:	0300006f          	jal	x0,80000e54 <k_memcpy+0x4c>
80000e28:	fec42783          	lw	x15,-20(x8)
80000e2c:	fd842703          	lw	x14,-40(x8)
80000e30:	00f70733          	add	x14,x14,x15
80000e34:	fec42783          	lw	x15,-20(x8)
80000e38:	fdc42683          	lw	x13,-36(x8)
80000e3c:	00f687b3          	add	x15,x13,x15
80000e40:	00074703          	lbu	x14,0(x14)
80000e44:	00e78023          	sb	x14,0(x15)
80000e48:	fec42783          	lw	x15,-20(x8)
80000e4c:	00178793          	addi	x15,x15,1
80000e50:	fef42623          	sw	x15,-20(x8)
80000e54:	fec42783          	lw	x15,-20(x8)
80000e58:	fd442703          	lw	x14,-44(x8)
80000e5c:	fce7e6e3          	bltu	x15,x14,80000e28 <k_memcpy+0x20>
80000e60:	00000013          	addi	x0,x0,0
80000e64:	00000013          	addi	x0,x0,0
80000e68:	02c12403          	lw	x8,44(x2)
80000e6c:	03010113          	addi	x2,x2,48
80000e70:	00008067          	jalr	x0,0(x1)

80000e74 <max>:
80000e74:	fe010113          	addi	x2,x2,-32
80000e78:	00812e23          	sw	x8,28(x2)
80000e7c:	02010413          	addi	x8,x2,32
80000e80:	fea42623          	sw	x10,-20(x8)
80000e84:	feb42423          	sw	x11,-24(x8)
80000e88:	fec42703          	lw	x14,-20(x8)
80000e8c:	fe842783          	lw	x15,-24(x8)
80000e90:	00f74663          	blt	x14,x15,80000e9c <max+0x28>
80000e94:	fec42783          	lw	x15,-20(x8)
80000e98:	0080006f          	jal	x0,80000ea0 <max+0x2c>
80000e9c:	fe842783          	lw	x15,-24(x8)
80000ea0:	00078513          	addi	x10,x15,0
80000ea4:	01c12403          	lw	x8,28(x2)
80000ea8:	02010113          	addi	x2,x2,32
80000eac:	00008067          	jalr	x0,0(x1)

80000eb0 <min>:
80000eb0:	fe010113          	addi	x2,x2,-32
80000eb4:	00812e23          	sw	x8,28(x2)
80000eb8:	02010413          	addi	x8,x2,32
80000ebc:	fea42623          	sw	x10,-20(x8)
80000ec0:	feb42423          	sw	x11,-24(x8)
80000ec4:	fec42703          	lw	x14,-20(x8)
80000ec8:	fe842783          	lw	x15,-24(x8)
80000ecc:	00f74663          	blt	x14,x15,80000ed8 <min+0x28>
80000ed0:	fe842783          	lw	x15,-24(x8)
80000ed4:	0080006f          	jal	x0,80000edc <min+0x2c>
80000ed8:	fec42783          	lw	x15,-20(x8)
80000edc:	00078513          	addi	x10,x15,0
80000ee0:	01c12403          	lw	x8,28(x2)
80000ee4:	02010113          	addi	x2,x2,32
80000ee8:	00008067          	jalr	x0,0(x1)

80000eec <binaryToDecimal>:
80000eec:	fd010113          	addi	x2,x2,-48
80000ef0:	02812623          	sw	x8,44(x2)
80000ef4:	03010413          	addi	x8,x2,48
80000ef8:	fca42e23          	sw	x10,-36(x8)
80000efc:	fcb42c23          	sw	x11,-40(x8)
80000f00:	fe042623          	sw	x0,-20(x8)
80000f04:	fe042423          	sw	x0,-24(x8)
80000f08:	0340006f          	jal	x0,80000f3c <binaryToDecimal+0x50>
80000f0c:	fec42783          	lw	x15,-20(x8)
80000f10:	00179713          	slli	x14,x15,0x1
80000f14:	fe842783          	lw	x15,-24(x8)
80000f18:	00279793          	slli	x15,x15,0x2
80000f1c:	fdc42683          	lw	x13,-36(x8)
80000f20:	00f687b3          	add	x15,x13,x15
80000f24:	0007a783          	lw	x15,0(x15)
80000f28:	00f767b3          	or	x15,x14,x15
80000f2c:	fef42623          	sw	x15,-20(x8)
80000f30:	fe842783          	lw	x15,-24(x8)
80000f34:	00178793          	addi	x15,x15,1
80000f38:	fef42423          	sw	x15,-24(x8)
80000f3c:	fe842703          	lw	x14,-24(x8)
80000f40:	fd842783          	lw	x15,-40(x8)
80000f44:	fcf744e3          	blt	x14,x15,80000f0c <binaryToDecimal+0x20>
80000f48:	fec42783          	lw	x15,-20(x8)
80000f4c:	00078513          	addi	x10,x15,0
80000f50:	02c12403          	lw	x8,44(x2)
80000f54:	03010113          	addi	x2,x2,48
80000f58:	00008067          	jalr	x0,0(x1)

80000f5c <k_strcpy>:
80000f5c:	fd010113          	addi	x2,x2,-48
80000f60:	02812623          	sw	x8,44(x2)
80000f64:	03010413          	addi	x8,x2,48
80000f68:	fca42e23          	sw	x10,-36(x8)
80000f6c:	fcb42c23          	sw	x11,-40(x8)
80000f70:	fe042623          	sw	x0,-20(x8)
80000f74:	0300006f          	jal	x0,80000fa4 <k_strcpy+0x48>
80000f78:	fd842703          	lw	x14,-40(x8)
80000f7c:	fec42783          	lw	x15,-20(x8)
80000f80:	00f70733          	add	x14,x14,x15
80000f84:	fdc42683          	lw	x13,-36(x8)
80000f88:	fec42783          	lw	x15,-20(x8)
80000f8c:	00f687b3          	add	x15,x13,x15
80000f90:	00074703          	lbu	x14,0(x14)
80000f94:	00e78023          	sb	x14,0(x15)
80000f98:	fec42783          	lw	x15,-20(x8)
80000f9c:	00178793          	addi	x15,x15,1
80000fa0:	fef42623          	sw	x15,-20(x8)
80000fa4:	fd842703          	lw	x14,-40(x8)
80000fa8:	fec42783          	lw	x15,-20(x8)
80000fac:	00f707b3          	add	x15,x14,x15
80000fb0:	0007c783          	lbu	x15,0(x15)
80000fb4:	fc0792e3          	bne	x15,x0,80000f78 <k_strcpy+0x1c>
80000fb8:	fec42783          	lw	x15,-20(x8)
80000fbc:	00178793          	addi	x15,x15,1
80000fc0:	fdc42703          	lw	x14,-36(x8)
80000fc4:	00f707b3          	add	x15,x14,x15
80000fc8:	00078023          	sb	x0,0(x15)
80000fcc:	00000013          	addi	x0,x0,0
80000fd0:	02c12403          	lw	x8,44(x2)
80000fd4:	03010113          	addi	x2,x2,48
80000fd8:	00008067          	jalr	x0,0(x1)

80000fdc <strcmp>:
80000fdc:	fd010113          	addi	x2,x2,-48
80000fe0:	02812623          	sw	x8,44(x2)
80000fe4:	03010413          	addi	x8,x2,48
80000fe8:	fca42e23          	sw	x10,-36(x8)
80000fec:	fcb42c23          	sw	x11,-40(x8)
80000ff0:	fe042623          	sw	x0,-20(x8)
80000ff4:	0580006f          	jal	x0,8000104c <strcmp+0x70>
80000ff8:	fd842703          	lw	x14,-40(x8)
80000ffc:	fec42783          	lw	x15,-20(x8)
80001000:	00f707b3          	add	x15,x14,x15
80001004:	0007c783          	lbu	x15,0(x15)
80001008:	00079663          	bne	x15,x0,80001014 <strcmp+0x38>
8000100c:	00000793          	addi	x15,x0,0
80001010:	0700006f          	jal	x0,80001080 <strcmp+0xa4>
80001014:	fdc42703          	lw	x14,-36(x8)
80001018:	fec42783          	lw	x15,-20(x8)
8000101c:	00f707b3          	add	x15,x14,x15
80001020:	0007c703          	lbu	x14,0(x15)
80001024:	fd842683          	lw	x13,-40(x8)
80001028:	fec42783          	lw	x15,-20(x8)
8000102c:	00f687b3          	add	x15,x13,x15
80001030:	0007c783          	lbu	x15,0(x15)
80001034:	00f70663          	beq	x14,x15,80001040 <strcmp+0x64>
80001038:	00000793          	addi	x15,x0,0
8000103c:	0440006f          	jal	x0,80001080 <strcmp+0xa4>
80001040:	fec42783          	lw	x15,-20(x8)
80001044:	00178793          	addi	x15,x15,1
80001048:	fef42623          	sw	x15,-20(x8)
8000104c:	fdc42703          	lw	x14,-36(x8)
80001050:	fec42783          	lw	x15,-20(x8)
80001054:	00f707b3          	add	x15,x14,x15
80001058:	0007c783          	lbu	x15,0(x15)
8000105c:	f8079ee3          	bne	x15,x0,80000ff8 <strcmp+0x1c>
80001060:	fd842703          	lw	x14,-40(x8)
80001064:	fec42783          	lw	x15,-20(x8)
80001068:	00f707b3          	add	x15,x14,x15
8000106c:	0007c783          	lbu	x15,0(x15)
80001070:	00078663          	beq	x15,x0,8000107c <strcmp+0xa0>
80001074:	00000793          	addi	x15,x0,0
80001078:	0080006f          	jal	x0,80001080 <strcmp+0xa4>
8000107c:	00100793          	addi	x15,x0,1
80001080:	00078513          	addi	x10,x15,0
80001084:	02c12403          	lw	x8,44(x2)
80001088:	03010113          	addi	x2,x2,48
8000108c:	00008067          	jalr	x0,0(x1)

80001090 <roundup>:
80001090:	fe010113          	addi	x2,x2,-32
80001094:	00112e23          	sw	x1,28(x2)
80001098:	00812c23          	sw	x8,24(x2)
8000109c:	02010413          	addi	x8,x2,32
800010a0:	fea42623          	sw	x10,-20(x8)
800010a4:	feb42423          	sw	x11,-24(x8)
800010a8:	fe842783          	lw	x15,-24(x8)
800010ac:	00079663          	bne	x15,x0,800010b8 <roundup+0x28>
800010b0:	fec42783          	lw	x15,-20(x8)
800010b4:	0340006f          	jal	x0,800010e8 <roundup+0x58>
800010b8:	fec42703          	lw	x14,-20(x8)
800010bc:	fe842783          	lw	x15,-24(x8)
800010c0:	00f707b3          	add	x15,x14,x15
800010c4:	fff78793          	addi	x15,x15,-1
800010c8:	fe842583          	lw	x11,-24(x8)
800010cc:	00078513          	addi	x10,x15,0
800010d0:	31d010ef          	jal	x1,80002bec <__udivsi3>
800010d4:	00050793          	addi	x15,x10,0
800010d8:	fe842583          	lw	x11,-24(x8)
800010dc:	00078513          	addi	x10,x15,0
800010e0:	2e1010ef          	jal	x1,80002bc0 <__mulsi3>
800010e4:	00050793          	addi	x15,x10,0
800010e8:	00078513          	addi	x10,x15,0
800010ec:	01c12083          	lw	x1,28(x2)
800010f0:	01812403          	lw	x8,24(x2)
800010f4:	02010113          	addi	x2,x2,32
800010f8:	00008067          	jalr	x0,0(x1)

800010fc <sv32_va_to_pa>:
800010fc:	fa010113          	addi	x2,x2,-96
80001100:	04812e23          	sw	x8,92(x2)
80001104:	06010413          	addi	x8,x2,96
80001108:	faa42623          	sw	x10,-84(x8)
8000110c:	fab42423          	sw	x11,-88(x8)
80001110:	fac42783          	lw	x15,-84(x8)
80001114:	0007c663          	blt	x15,x0,80001120 <sv32_va_to_pa+0x24>
80001118:	fa842783          	lw	x15,-88(x8)
8000111c:	13c0006f          	jal	x0,80001258 <sv32_va_to_pa+0x15c>
80001120:	fac42703          	lw	x14,-84(x8)
80001124:	004007b7          	lui	x15,0x400
80001128:	fff78793          	addi	x15,x15,-1 # 3fffff <_start-0x7fc00001>
8000112c:	00f777b3          	and	x15,x14,x15
80001130:	fef42623          	sw	x15,-20(x8)
80001134:	fec42783          	lw	x15,-20(x8)
80001138:	00c79793          	slli	x15,x15,0xc
8000113c:	fef42423          	sw	x15,-24(x8)
80001140:	fa842783          	lw	x15,-88(x8)
80001144:	0167d793          	srli	x15,x15,0x16
80001148:	fef42223          	sw	x15,-28(x8)
8000114c:	fa842783          	lw	x15,-88(x8)
80001150:	00c7d793          	srli	x15,x15,0xc
80001154:	3ff7f793          	andi	x15,x15,1023
80001158:	fef42023          	sw	x15,-32(x8)
8000115c:	fa842703          	lw	x14,-88(x8)
80001160:	000017b7          	lui	x15,0x1
80001164:	fff78793          	addi	x15,x15,-1 # fff <_start-0x7ffff001>
80001168:	00f777b3          	and	x15,x14,x15
8000116c:	fcf42e23          	sw	x15,-36(x8)
80001170:	fe842783          	lw	x15,-24(x8)
80001174:	fcf42c23          	sw	x15,-40(x8)
80001178:	fe442783          	lw	x15,-28(x8)
8000117c:	00279793          	slli	x15,x15,0x2
80001180:	fd842703          	lw	x14,-40(x8)
80001184:	00f707b3          	add	x15,x14,x15
80001188:	0007a783          	lw	x15,0(x15)
8000118c:	fcf42a23          	sw	x15,-44(x8)
80001190:	fd442783          	lw	x15,-44(x8)
80001194:	0017f793          	andi	x15,x15,1
80001198:	00079663          	bne	x15,x0,800011a4 <sv32_va_to_pa+0xa8>
8000119c:	fff00793          	addi	x15,x0,-1
800011a0:	0b80006f          	jal	x0,80001258 <sv32_va_to_pa+0x15c>
800011a4:	fd442783          	lw	x15,-44(x8)
800011a8:	00e7f793          	andi	x15,x15,14
800011ac:	02078863          	beq	x15,x0,800011dc <sv32_va_to_pa+0xe0>
800011b0:	fd442783          	lw	x15,-44(x8)
800011b4:	00a7d793          	srli	x15,x15,0xa
800011b8:	faf42e23          	sw	x15,-68(x8)
800011bc:	fbc42783          	lw	x15,-68(x8)
800011c0:	00c79713          	slli	x14,x15,0xc
800011c4:	fa842683          	lw	x13,-88(x8)
800011c8:	004007b7          	lui	x15,0x400
800011cc:	fff78793          	addi	x15,x15,-1 # 3fffff <_start-0x7fc00001>
800011d0:	00f6f7b3          	and	x15,x13,x15
800011d4:	00f767b3          	or	x15,x14,x15
800011d8:	0800006f          	jal	x0,80001258 <sv32_va_to_pa+0x15c>
800011dc:	fd442783          	lw	x15,-44(x8)
800011e0:	00a7d793          	srli	x15,x15,0xa
800011e4:	00c79793          	slli	x15,x15,0xc
800011e8:	fcf42823          	sw	x15,-48(x8)
800011ec:	fd042783          	lw	x15,-48(x8)
800011f0:	fcf42623          	sw	x15,-52(x8)
800011f4:	fe042783          	lw	x15,-32(x8)
800011f8:	00279793          	slli	x15,x15,0x2
800011fc:	fcc42703          	lw	x14,-52(x8)
80001200:	00f707b3          	add	x15,x14,x15
80001204:	0007a783          	lw	x15,0(x15)
80001208:	fcf42423          	sw	x15,-56(x8)
8000120c:	fc842783          	lw	x15,-56(x8)
80001210:	0017f793          	andi	x15,x15,1
80001214:	00079663          	bne	x15,x0,80001220 <sv32_va_to_pa+0x124>
80001218:	fff00793          	addi	x15,x0,-1
8000121c:	03c0006f          	jal	x0,80001258 <sv32_va_to_pa+0x15c>
80001220:	fc842783          	lw	x15,-56(x8)
80001224:	00e7f793          	andi	x15,x15,14
80001228:	00079663          	bne	x15,x0,80001234 <sv32_va_to_pa+0x138>
8000122c:	fff00793          	addi	x15,x0,-1
80001230:	0280006f          	jal	x0,80001258 <sv32_va_to_pa+0x15c>
80001234:	fc842783          	lw	x15,-56(x8)
80001238:	00a7d793          	srli	x15,x15,0xa
8000123c:	fcf42223          	sw	x15,-60(x8)
80001240:	fc442783          	lw	x15,-60(x8)
80001244:	00c79793          	slli	x15,x15,0xc
80001248:	fdc42703          	lw	x14,-36(x8)
8000124c:	00f767b3          	or	x15,x14,x15
80001250:	fcf42023          	sw	x15,-64(x8)
80001254:	fc042783          	lw	x15,-64(x8)
80001258:	00078513          	addi	x10,x15,0
8000125c:	05c12403          	lw	x8,92(x2)
80001260:	06010113          	addi	x2,x2,96
80001264:	00008067          	jalr	x0,0(x1)

80001268 <myproc>:
80001268:	ff010113          	addi	x2,x2,-16
8000126c:	00812623          	sw	x8,12(x2)
80001270:	01010413          	addi	x8,x2,16
80001274:	800037b7          	lui	x15,0x80003
80001278:	56078793          	addi	x15,x15,1376 # 80003560 <_stack_top+0xf8003560>
8000127c:	0007a783          	lw	x15,0(x15)
80001280:	00078513          	addi	x10,x15,0
80001284:	00c12403          	lw	x8,12(x2)
80001288:	01010113          	addi	x2,x2,16
8000128c:	00008067          	jalr	x0,0(x1)

80001290 <size_roundup>:
80001290:	fe010113          	addi	x2,x2,-32
80001294:	00812e23          	sw	x8,28(x2)
80001298:	02010413          	addi	x8,x2,32
8000129c:	fea42623          	sw	x10,-20(x8)
800012a0:	fec42703          	lw	x14,-20(x8)
800012a4:	000017b7          	lui	x15,0x1
800012a8:	fff78793          	addi	x15,x15,-1 # fff <_start-0x7ffff001>
800012ac:	00f777b3          	and	x15,x14,x15
800012b0:	00079663          	bne	x15,x0,800012bc <size_roundup+0x2c>
800012b4:	fec42783          	lw	x15,-20(x8)
800012b8:	01c0006f          	jal	x0,800012d4 <size_roundup+0x44>
800012bc:	fec42783          	lw	x15,-20(x8)
800012c0:	00c7d793          	srli	x15,x15,0xc
800012c4:	00178793          	addi	x15,x15,1
800012c8:	00c79793          	slli	x15,x15,0xc
800012cc:	fef42623          	sw	x15,-20(x8)
800012d0:	fec42783          	lw	x15,-20(x8)
800012d4:	00078513          	addi	x10,x15,0
800012d8:	01c12403          	lw	x8,28(x2)
800012dc:	02010113          	addi	x2,x2,32
800012e0:	00008067          	jalr	x0,0(x1)

800012e4 <size_rounddown>:
800012e4:	fe010113          	addi	x2,x2,-32
800012e8:	00812e23          	sw	x8,28(x2)
800012ec:	02010413          	addi	x8,x2,32
800012f0:	fea42623          	sw	x10,-20(x8)
800012f4:	fec42703          	lw	x14,-20(x8)
800012f8:	000017b7          	lui	x15,0x1
800012fc:	fff78793          	addi	x15,x15,-1 # fff <_start-0x7ffff001>
80001300:	00f777b3          	and	x15,x14,x15
80001304:	00079663          	bne	x15,x0,80001310 <size_rounddown+0x2c>
80001308:	fec42783          	lw	x15,-20(x8)
8000130c:	0100006f          	jal	x0,8000131c <size_rounddown+0x38>
80001310:	fec42703          	lw	x14,-20(x8)
80001314:	fffff7b7          	lui	x15,0xfffff
80001318:	00f777b3          	and	x15,x14,x15
8000131c:	00078513          	addi	x10,x15,0 # fffff000 <_stack_top+0x77fff000>
80001320:	01c12403          	lw	x8,28(x2)
80001324:	02010113          	addi	x2,x2,32
80001328:	00008067          	jalr	x0,0(x1)

8000132c <alloc_pid>:
8000132c:	ff010113          	addi	x2,x2,-16
80001330:	00812623          	sw	x8,12(x2)
80001334:	01010413          	addi	x8,x2,16
80001338:	800037b7          	lui	x15,0x80003
8000133c:	0007a783          	lw	x15,0(x15) # 80003000 <_stack_top+0xf8003000>
80001340:	00178713          	addi	x14,x15,1
80001344:	800037b7          	lui	x15,0x80003
80001348:	00e7a023          	sw	x14,0(x15) # 80003000 <_stack_top+0xf8003000>
8000134c:	800037b7          	lui	x15,0x80003
80001350:	0007a783          	lw	x15,0(x15) # 80003000 <_stack_top+0xf8003000>
80001354:	00078513          	addi	x10,x15,0
80001358:	00c12403          	lw	x8,12(x2)
8000135c:	01010113          	addi	x2,x2,16
80001360:	00008067          	jalr	x0,0(x1)

80001364 <procinit>:
80001364:	fe010113          	addi	x2,x2,-32
80001368:	00812e23          	sw	x8,28(x2)
8000136c:	02010413          	addi	x8,x2,32
80001370:	800057b7          	lui	x15,0x80005
80001374:	fef42423          	sw	x15,-24(x8)
80001378:	fe042623          	sw	x0,-20(x8)
8000137c:	0740006f          	jal	x0,800013f0 <procinit+0x8c>
80001380:	800037b7          	lui	x15,0x80003
80001384:	10078693          	addi	x13,x15,256 # 80003100 <_stack_top+0xf8003100>
80001388:	fec42703          	lw	x14,-20(x8)
8000138c:	00070793          	addi	x15,x14,0
80001390:	00379793          	slli	x15,x15,0x3
80001394:	40e787b3          	sub	x15,x15,x14
80001398:	00479793          	slli	x15,x15,0x4
8000139c:	00f687b3          	add	x15,x13,x15
800013a0:	0007a023          	sw	x0,0(x15)
800013a4:	fec42783          	lw	x15,-20(x8)
800013a8:	00178793          	addi	x15,x15,1
800013ac:	00c79793          	slli	x15,x15,0xc
800013b0:	00078713          	addi	x14,x15,0
800013b4:	fe842783          	lw	x15,-24(x8)
800013b8:	40e787b3          	sub	x15,x15,x14
800013bc:	00078613          	addi	x12,x15,0
800013c0:	800037b7          	lui	x15,0x80003
800013c4:	10078693          	addi	x13,x15,256 # 80003100 <_stack_top+0xf8003100>
800013c8:	fec42703          	lw	x14,-20(x8)
800013cc:	00070793          	addi	x15,x14,0
800013d0:	00379793          	slli	x15,x15,0x3
800013d4:	40e787b3          	sub	x15,x15,x14
800013d8:	00479793          	slli	x15,x15,0x4
800013dc:	00f687b3          	add	x15,x13,x15
800013e0:	00c7aa23          	sw	x12,20(x15)
800013e4:	fec42783          	lw	x15,-20(x8)
800013e8:	00178793          	addi	x15,x15,1
800013ec:	fef42623          	sw	x15,-20(x8)
800013f0:	fec42703          	lw	x14,-20(x8)
800013f4:	00900793          	addi	x15,x0,9
800013f8:	f8e7d4e3          	bge	x15,x14,80001380 <procinit+0x1c>
800013fc:	00000013          	addi	x0,x0,0
80001400:	00000013          	addi	x0,x0,0
80001404:	01c12403          	lw	x8,28(x2)
80001408:	02010113          	addi	x2,x2,32
8000140c:	00008067          	jalr	x0,0(x1)

80001410 <alloc_proc>:
80001410:	fe010113          	addi	x2,x2,-32
80001414:	00112e23          	sw	x1,28(x2)
80001418:	00812c23          	sw	x8,24(x2)
8000141c:	02010413          	addi	x8,x2,32
80001420:	fe042623          	sw	x0,-20(x8)
80001424:	0e00006f          	jal	x0,80001504 <alloc_proc+0xf4>
80001428:	800037b7          	lui	x15,0x80003
8000142c:	10078693          	addi	x13,x15,256 # 80003100 <_stack_top+0xf8003100>
80001430:	fec42703          	lw	x14,-20(x8)
80001434:	00070793          	addi	x15,x14,0
80001438:	00379793          	slli	x15,x15,0x3
8000143c:	40e787b3          	sub	x15,x15,x14
80001440:	00479793          	slli	x15,x15,0x4
80001444:	00f687b3          	add	x15,x13,x15
80001448:	0007a783          	lw	x15,0(x15)
8000144c:	0a079663          	bne	x15,x0,800014f8 <alloc_proc+0xe8>
80001450:	eddff0ef          	jal	x1,8000132c <alloc_pid>
80001454:	00050613          	addi	x12,x10,0
80001458:	800037b7          	lui	x15,0x80003
8000145c:	10078693          	addi	x13,x15,256 # 80003100 <_stack_top+0xf8003100>
80001460:	fec42703          	lw	x14,-20(x8)
80001464:	00070793          	addi	x15,x14,0
80001468:	00379793          	slli	x15,x15,0x3
8000146c:	40e787b3          	sub	x15,x15,x14
80001470:	00479793          	slli	x15,x15,0x4
80001474:	00f687b3          	add	x15,x13,x15
80001478:	00c7a823          	sw	x12,16(x15)
8000147c:	ec5fe0ef          	jal	x1,80000340 <alloc_page>
80001480:	fea42423          	sw	x10,-24(x8)
80001484:	800037b7          	lui	x15,0x80003
80001488:	10078693          	addi	x13,x15,256 # 80003100 <_stack_top+0xf8003100>
8000148c:	fec42703          	lw	x14,-20(x8)
80001490:	00070793          	addi	x15,x14,0
80001494:	00379793          	slli	x15,x15,0x3
80001498:	40e787b3          	sub	x15,x15,x14
8000149c:	00479793          	slli	x15,x15,0x4
800014a0:	00f687b3          	add	x15,x13,x15
800014a4:	00100713          	addi	x14,x0,1
800014a8:	00e7a023          	sw	x14,0(x15)
800014ac:	800037b7          	lui	x15,0x80003
800014b0:	10078693          	addi	x13,x15,256 # 80003100 <_stack_top+0xf8003100>
800014b4:	fec42703          	lw	x14,-20(x8)
800014b8:	00070793          	addi	x15,x14,0
800014bc:	00379793          	slli	x15,x15,0x3
800014c0:	40e787b3          	sub	x15,x15,x14
800014c4:	00479793          	slli	x15,x15,0x4
800014c8:	00f687b3          	add	x15,x13,x15
800014cc:	fe842703          	lw	x14,-24(x8)
800014d0:	02e7a223          	sw	x14,36(x15)
800014d4:	fec42703          	lw	x14,-20(x8)
800014d8:	00070793          	addi	x15,x14,0
800014dc:	00379793          	slli	x15,x15,0x3
800014e0:	40e787b3          	sub	x15,x15,x14
800014e4:	00479793          	slli	x15,x15,0x4
800014e8:	80003737          	lui	x14,0x80003
800014ec:	10070713          	addi	x14,x14,256 # 80003100 <_stack_top+0xf8003100>
800014f0:	00e787b3          	add	x15,x15,x14
800014f4:	0200006f          	jal	x0,80001514 <alloc_proc+0x104>
800014f8:	fec42783          	lw	x15,-20(x8)
800014fc:	00178793          	addi	x15,x15,1
80001500:	fef42623          	sw	x15,-20(x8)
80001504:	fec42703          	lw	x14,-20(x8)
80001508:	00900793          	addi	x15,x0,9
8000150c:	f0e7dee3          	bge	x15,x14,80001428 <alloc_proc+0x18>
80001510:	00000793          	addi	x15,x0,0
80001514:	00078513          	addi	x10,x15,0
80001518:	01c12083          	lw	x1,28(x2)
8000151c:	01812403          	lw	x8,24(x2)
80001520:	02010113          	addi	x2,x2,32
80001524:	00008067          	jalr	x0,0(x1)

80001528 <kfork>:
80001528:	fe010113          	addi	x2,x2,-32
8000152c:	00112e23          	sw	x1,28(x2)
80001530:	00812c23          	sw	x8,24(x2)
80001534:	02010413          	addi	x8,x2,32
80001538:	d31ff0ef          	jal	x1,80001268 <myproc>
8000153c:	fea42623          	sw	x10,-20(x8)
80001540:	ed1ff0ef          	jal	x1,80001410 <alloc_proc>
80001544:	fea42423          	sw	x10,-24(x8)
80001548:	fe842783          	lw	x15,-24(x8)
8000154c:	0e078863          	beq	x15,x0,8000163c <kfork+0x114>
80001550:	e51fe0ef          	jal	x1,800003a0 <create_page_table>
80001554:	fea42223          	sw	x10,-28(x8)
80001558:	fe842783          	lw	x15,-24(x8)
8000155c:	fe442703          	lw	x14,-28(x8)
80001560:	02e7a023          	sw	x14,32(x15)
80001564:	fec42783          	lw	x15,-20(x8)
80001568:	0207a703          	lw	x14,32(x15)
8000156c:	fe842783          	lw	x15,-24(x8)
80001570:	0207a783          	lw	x15,32(x15)
80001574:	00078593          	addi	x11,x15,0
80001578:	00070513          	addi	x10,x14,0
8000157c:	cb0ff0ef          	jal	x1,80000a2c <copy_proc_mem>
80001580:	fec42783          	lw	x15,-20(x8)
80001584:	0187a703          	lw	x14,24(x15)
80001588:	fe842783          	lw	x15,-24(x8)
8000158c:	00e7ac23          	sw	x14,24(x15)
80001590:	fe842783          	lw	x15,-24(x8)
80001594:	0207a703          	lw	x14,32(x15)
80001598:	fe842783          	lw	x15,-24(x8)
8000159c:	0247a783          	lw	x15,36(x15)
800015a0:	00078593          	addi	x11,x15,0
800015a4:	00070513          	addi	x10,x14,0
800015a8:	e08ff0ef          	jal	x1,80000bb0 <map_trampoline_and_trapframe>
800015ac:	fe842783          	lw	x15,-24(x8)
800015b0:	0247a703          	lw	x14,36(x15)
800015b4:	fec42783          	lw	x15,-20(x8)
800015b8:	0247a783          	lw	x15,36(x15)
800015bc:	09000613          	addi	x12,x0,144
800015c0:	00078593          	addi	x11,x15,0
800015c4:	00070513          	addi	x10,x14,0
800015c8:	841ff0ef          	jal	x1,80000e08 <k_memcpy>
800015cc:	fe842783          	lw	x15,-24(x8)
800015d0:	0247a783          	lw	x15,36(x15)
800015d4:	0207ac23          	sw	x0,56(x15)
800015d8:	fe842783          	lw	x15,-24(x8)
800015dc:	06078713          	addi	x14,x15,96
800015e0:	fec42783          	lw	x15,-20(x8)
800015e4:	06078793          	addi	x15,x15,96
800015e8:	00078593          	addi	x11,x15,0
800015ec:	00070513          	addi	x10,x14,0
800015f0:	96dff0ef          	jal	x1,80000f5c <k_strcpy>
800015f4:	fe842783          	lw	x15,-24(x8)
800015f8:	fec42703          	lw	x14,-20(x8)
800015fc:	00e7ae23          	sw	x14,28(x15)
80001600:	800027b7          	lui	x15,0x80002
80001604:	a6078713          	addi	x14,x15,-1440 # 80001a60 <_stack_top+0xf8001a60>
80001608:	fe842783          	lw	x15,-24(x8)
8000160c:	02e7a423          	sw	x14,40(x15)
80001610:	fe842783          	lw	x15,-24(x8)
80001614:	0247a783          	lw	x15,36(x15)
80001618:	0007a703          	lw	x14,0(x15)
8000161c:	fe842783          	lw	x15,-24(x8)
80001620:	02e7a623          	sw	x14,44(x15)
80001624:	fe842783          	lw	x15,-24(x8)
80001628:	00300713          	addi	x14,x0,3
8000162c:	00e7a023          	sw	x14,0(x15)
80001630:	fe842783          	lw	x15,-24(x8)
80001634:	0107a783          	lw	x15,16(x15)
80001638:	00c0006f          	jal	x0,80001644 <kfork+0x11c>
8000163c:	00000013          	addi	x0,x0,0
80001640:	00000013          	addi	x0,x0,0
80001644:	00078513          	addi	x10,x15,0
80001648:	01c12083          	lw	x1,28(x2)
8000164c:	01812403          	lw	x8,24(x2)
80001650:	02010113          	addi	x2,x2,32
80001654:	00008067          	jalr	x0,0(x1)

80001658 <parse_segment_header>:
80001658:	fd010113          	addi	x2,x2,-48
8000165c:	02112623          	sw	x1,44(x2)
80001660:	02812423          	sw	x8,40(x2)
80001664:	02912223          	sw	x9,36(x2)
80001668:	03212023          	sw	x18,32(x2)
8000166c:	03010413          	addi	x8,x2,48
80001670:	fca42e23          	sw	x10,-36(x8)
80001674:	fcb42c23          	sw	x11,-40(x8)
80001678:	fcc42a23          	sw	x12,-44(x8)
8000167c:	fdc42783          	lw	x15,-36(x8)
80001680:	0087a783          	lw	x15,8(x15)
80001684:	00078513          	addi	x10,x15,0
80001688:	c5dff0ef          	jal	x1,800012e4 <size_rounddown>
8000168c:	fea42623          	sw	x10,-20(x8)
80001690:	fdc42783          	lw	x15,-36(x8)
80001694:	00c7a703          	lw	x14,12(x15)
80001698:	fdc42783          	lw	x15,-36(x8)
8000169c:	0087a783          	lw	x15,8(x15)
800016a0:	00f70733          	add	x14,x14,x15
800016a4:	fec42783          	lw	x15,-20(x8)
800016a8:	40f707b3          	sub	x15,x14,x15
800016ac:	fef42423          	sw	x15,-24(x8)
800016b0:	fd442783          	lw	x15,-44(x8)
800016b4:	0207a483          	lw	x9,32(x15)
800016b8:	fe842903          	lw	x18,-24(x8)
800016bc:	800037b7          	lui	x15,0x80003
800016c0:	cc878513          	addi	x10,x15,-824 # 80002cc8 <_stack_top+0xf8002cc8>
800016c4:	a51fe0ef          	jal	x1,80000114 <set_perms>
800016c8:	00050793          	addi	x15,x10,0
800016cc:	00078693          	addi	x13,x15,0
800016d0:	00090613          	addi	x12,x18,0
800016d4:	fec42583          	lw	x11,-20(x8)
800016d8:	00048513          	addi	x10,x9,0
800016dc:	f21fe0ef          	jal	x1,800005fc <map_vm>
800016e0:	fd442783          	lw	x15,-44(x8)
800016e4:	0207a503          	lw	x10,32(x15)
800016e8:	fdc42783          	lw	x15,-36(x8)
800016ec:	0047a783          	lw	x15,4(x15)
800016f0:	fd842703          	lw	x14,-40(x8)
800016f4:	00f70733          	add	x14,x14,x15
800016f8:	fdc42783          	lw	x15,-36(x8)
800016fc:	0087a603          	lw	x12,8(x15)
80001700:	fdc42783          	lw	x15,-36(x8)
80001704:	00c7a783          	lw	x15,12(x15)
80001708:	00078693          	addi	x13,x15,0
8000170c:	00070593          	addi	x11,x14,0
80001710:	f7dfe0ef          	jal	x1,8000068c <copyout>
80001714:	00000013          	addi	x0,x0,0
80001718:	02c12083          	lw	x1,44(x2)
8000171c:	02812403          	lw	x8,40(x2)
80001720:	02412483          	lw	x9,36(x2)
80001724:	02012903          	lw	x18,32(x2)
80001728:	03010113          	addi	x2,x2,48
8000172c:	00008067          	jalr	x0,0(x1)

80001730 <kexec>:
80001730:	fb010113          	addi	x2,x2,-80
80001734:	04112623          	sw	x1,76(x2)
80001738:	04812423          	sw	x8,72(x2)
8000173c:	04912223          	sw	x9,68(x2)
80001740:	05212023          	sw	x18,64(x2)
80001744:	05010413          	addi	x8,x2,80
80001748:	faa42e23          	sw	x10,-68(x8)
8000174c:	b1dff0ef          	jal	x1,80001268 <myproc>
80001750:	fca42e23          	sw	x10,-36(x8)
80001754:	bedfe0ef          	jal	x1,80000340 <alloc_page>
80001758:	fca42c23          	sw	x10,-40(x8)
8000175c:	fe042623          	sw	x0,-20(x8)
80001760:	fdc42783          	lw	x15,-36(x8)
80001764:	0207a783          	lw	x15,32(x15)
80001768:	00078863          	beq	x15,x0,80001778 <kexec+0x48>
8000176c:	fdc42783          	lw	x15,-36(x8)
80001770:	0207a783          	lw	x15,32(x15)
80001774:	fef42623          	sw	x15,-20(x8)
80001778:	fbc42583          	lw	x11,-68(x8)
8000177c:	800037b7          	lui	x15,0x80003
80001780:	cd078513          	addi	x10,x15,-816 # 80002cd0 <_stack_top+0xf8002cd0>
80001784:	859ff0ef          	jal	x1,80000fdc <strcmp>
80001788:	00050793          	addi	x15,x10,0
8000178c:	00078863          	beq	x15,x0,8000179c <kexec+0x6c>
80001790:	800057b7          	lui	x15,0x80005
80001794:	fef42423          	sw	x15,-24(x8)
80001798:	0100006f          	jal	x0,800017a8 <kexec+0x78>
8000179c:	fbc42503          	lw	x10,-68(x8)
800017a0:	314010ef          	jal	x1,80002ab4 <get_proc_elf_header>
800017a4:	fea42423          	sw	x10,-24(x8)
800017a8:	fe042223          	sw	x0,-28(x8)
800017ac:	0440006f          	jal	x0,800017f0 <kexec+0xc0>
800017b0:	fe442783          	lw	x15,-28(x8)
800017b4:	fbc42703          	lw	x14,-68(x8)
800017b8:	00f707b3          	add	x15,x14,x15
800017bc:	0007c783          	lbu	x15,0(x15) # 80005000 <_stack_top+0xf8005000>
800017c0:	04078063          	beq	x15,x0,80001800 <kexec+0xd0>
800017c4:	fe442783          	lw	x15,-28(x8)
800017c8:	fbc42703          	lw	x14,-68(x8)
800017cc:	00f707b3          	add	x15,x14,x15
800017d0:	0007c703          	lbu	x14,0(x15)
800017d4:	fdc42683          	lw	x13,-36(x8)
800017d8:	fe442783          	lw	x15,-28(x8)
800017dc:	00f687b3          	add	x15,x13,x15
800017e0:	06e78023          	sb	x14,96(x15)
800017e4:	fe442783          	lw	x15,-28(x8)
800017e8:	00178793          	addi	x15,x15,1
800017ec:	fef42223          	sw	x15,-28(x8)
800017f0:	fe442703          	lw	x14,-28(x8)
800017f4:	00f00793          	addi	x15,x0,15
800017f8:	fae7dce3          	bge	x15,x14,800017b0 <kexec+0x80>
800017fc:	0080006f          	jal	x0,80001804 <kexec+0xd4>
80001800:	00000013          	addi	x0,x0,0
80001804:	fdc42783          	lw	x15,-36(x8)
80001808:	fd842703          	lw	x14,-40(x8)
8000180c:	02e7a023          	sw	x14,32(x15)
80001810:	fe842783          	lw	x15,-24(x8)
80001814:	0007a703          	lw	x14,0(x15)
80001818:	4d200793          	addi	x15,x0,1234
8000181c:	00f70663          	beq	x14,x15,80001828 <kexec+0xf8>
80001820:	fff00793          	addi	x15,x0,-1
80001824:	1b00006f          	jal	x0,800019d4 <kexec+0x2a4>
80001828:	fdc42783          	lw	x15,-36(x8)
8000182c:	0247a783          	lw	x15,36(x15)
80001830:	fe842703          	lw	x14,-24(x8)
80001834:	00472703          	lw	x14,4(x14)
80001838:	00e7a623          	sw	x14,12(x15)
8000183c:	fe842783          	lw	x15,-24(x8)
80001840:	00c7a783          	lw	x15,12(x15)
80001844:	fcf42a23          	sw	x15,-44(x8)
80001848:	01400793          	addi	x15,x0,20
8000184c:	fcf42823          	sw	x15,-48(x8)
80001850:	fe042023          	sw	x0,-32(x8)
80001854:	0780006f          	jal	x0,800018cc <kexec+0x19c>
80001858:	fe042783          	lw	x15,-32(x8)
8000185c:	fd042583          	lw	x11,-48(x8)
80001860:	00078513          	addi	x10,x15,0
80001864:	35c010ef          	jal	x1,80002bc0 <__mulsi3>
80001868:	00050793          	addi	x15,x10,0
8000186c:	00078713          	addi	x14,x15,0
80001870:	fd442783          	lw	x15,-44(x8)
80001874:	00f707b3          	add	x15,x14,x15
80001878:	fe842703          	lw	x14,-24(x8)
8000187c:	00f707b3          	add	x15,x14,x15
80001880:	fcf42423          	sw	x15,-56(x8)
80001884:	fc842783          	lw	x15,-56(x8)
80001888:	00079663          	bne	x15,x0,80001894 <kexec+0x164>
8000188c:	fff00793          	addi	x15,x0,-1
80001890:	1440006f          	jal	x0,800019d4 <kexec+0x2a4>
80001894:	fdc42603          	lw	x12,-36(x8)
80001898:	fe842583          	lw	x11,-24(x8)
8000189c:	fc842503          	lw	x10,-56(x8)
800018a0:	db9ff0ef          	jal	x1,80001658 <parse_segment_header>
800018a4:	fdc42783          	lw	x15,-36(x8)
800018a8:	0187a703          	lw	x14,24(x15)
800018ac:	fc842783          	lw	x15,-56(x8)
800018b0:	00c7a783          	lw	x15,12(x15)
800018b4:	00f70733          	add	x14,x14,x15
800018b8:	fdc42783          	lw	x15,-36(x8)
800018bc:	00e7ac23          	sw	x14,24(x15)
800018c0:	fe042783          	lw	x15,-32(x8)
800018c4:	00178793          	addi	x15,x15,1
800018c8:	fef42023          	sw	x15,-32(x8)
800018cc:	fe842783          	lw	x15,-24(x8)
800018d0:	0087a783          	lw	x15,8(x15)
800018d4:	fe042703          	lw	x14,-32(x8)
800018d8:	f8f740e3          	blt	x14,x15,80001858 <kexec+0x128>
800018dc:	a65fe0ef          	jal	x1,80000340 <alloc_page>
800018e0:	fca42623          	sw	x10,-52(x8)
800018e4:	fdc42783          	lw	x15,-36(x8)
800018e8:	0187a783          	lw	x15,24(x15)
800018ec:	00078513          	addi	x10,x15,0
800018f0:	9a1ff0ef          	jal	x1,80001290 <size_roundup>
800018f4:	00050713          	addi	x14,x10,0
800018f8:	000027b7          	lui	x15,0x2
800018fc:	00f704b3          	add	x9,x14,x15
80001900:	fcc42903          	lw	x18,-52(x8)
80001904:	800037b7          	lui	x15,0x80003
80001908:	cc878513          	addi	x10,x15,-824 # 80002cc8 <_stack_top+0xf8002cc8>
8000190c:	809fe0ef          	jal	x1,80000114 <set_perms>
80001910:	00050793          	addi	x15,x10,0
80001914:	00078693          	addi	x13,x15,0
80001918:	00090613          	addi	x12,x18,0
8000191c:	00048593          	addi	x11,x9,0
80001920:	fd842503          	lw	x10,-40(x8)
80001924:	870ff0ef          	jal	x1,80000994 <map_va_to_pa>
80001928:	fdc42783          	lw	x15,-36(x8)
8000192c:	0187a783          	lw	x15,24(x15)
80001930:	00078513          	addi	x10,x15,0
80001934:	95dff0ef          	jal	x1,80001290 <size_roundup>
80001938:	00050693          	addi	x13,x10,0
8000193c:	fdc42783          	lw	x15,-36(x8)
80001940:	0247a783          	lw	x15,36(x15)
80001944:	00003737          	lui	x14,0x3
80001948:	00e68733          	add	x14,x13,x14
8000194c:	00e7ac23          	sw	x14,24(x15)
80001950:	fdc42783          	lw	x15,-36(x8)
80001954:	0187a783          	lw	x15,24(x15)
80001958:	00078513          	addi	x10,x15,0
8000195c:	935ff0ef          	jal	x1,80001290 <size_roundup>
80001960:	00050713          	addi	x14,x10,0
80001964:	000017b7          	lui	x15,0x1
80001968:	00f70733          	add	x14,x14,x15
8000196c:	fdc42783          	lw	x15,-36(x8)
80001970:	00e7ac23          	sw	x14,24(x15) # 1018 <_start-0x7fffefe8>
80001974:	fdc42783          	lw	x15,-36(x8)
80001978:	0207a703          	lw	x14,32(x15)
8000197c:	fdc42783          	lw	x15,-36(x8)
80001980:	0247a783          	lw	x15,36(x15)
80001984:	00078593          	addi	x11,x15,0
80001988:	00070513          	addi	x10,x14,0 # 3000 <_start-0x7fffd000>
8000198c:	a24ff0ef          	jal	x1,80000bb0 <map_trampoline_and_trapframe>
80001990:	fdc42783          	lw	x15,-36(x8)
80001994:	0007a423          	sw	x0,8(x15)
80001998:	fdc42783          	lw	x15,-36(x8)
8000199c:	0247a783          	lw	x15,36(x15)
800019a0:	80002737          	lui	x14,0x80002
800019a4:	18070713          	addi	x14,x14,384 # 80002180 <_stack_top+0xf8002180>
800019a8:	00e7a223          	sw	x14,4(x15)
800019ac:	fdc42783          	lw	x15,-36(x8)
800019b0:	0247a783          	lw	x15,36(x15)
800019b4:	80003737          	lui	x14,0x80003
800019b8:	60c72703          	lw	x14,1548(x14) # 8000360c <_stack_top+0xf800360c>
800019bc:	00e7a423          	sw	x14,8(x15)
800019c0:	fec42783          	lw	x15,-20(x8)
800019c4:	00078663          	beq	x15,x0,800019d0 <kexec+0x2a0>
800019c8:	fec42503          	lw	x10,-20(x8)
800019cc:	eadfe0ef          	jal	x1,80000878 <unmap_vm>
800019d0:	00000793          	addi	x15,x0,0
800019d4:	00078513          	addi	x10,x15,0
800019d8:	04c12083          	lw	x1,76(x2)
800019dc:	04812403          	lw	x8,72(x2)
800019e0:	04412483          	lw	x9,68(x2)
800019e4:	04012903          	lw	x18,64(x2)
800019e8:	05010113          	addi	x2,x2,80
800019ec:	00008067          	jalr	x0,0(x1)

800019f0 <userinit>:
800019f0:	fe010113          	addi	x2,x2,-32
800019f4:	00112e23          	sw	x1,28(x2)
800019f8:	00812c23          	sw	x8,24(x2)
800019fc:	02010413          	addi	x8,x2,32
80001a00:	a11ff0ef          	jal	x1,80001410 <alloc_proc>
80001a04:	fea42623          	sw	x10,-20(x8)
80001a08:	800037b7          	lui	x15,0x80003
80001a0c:	fec42703          	lw	x14,-20(x8)
80001a10:	5ee7ac23          	sw	x14,1528(x15) # 800035f8 <_stack_top+0xf80035f8>
80001a14:	fec42783          	lw	x15,-20(x8)
80001a18:	00300713          	addi	x14,x0,3
80001a1c:	00e7a023          	sw	x14,0(x15)
80001a20:	fec42783          	lw	x15,-20(x8)
80001a24:	0147a703          	lw	x14,20(x15)
80001a28:	000047b7          	lui	x15,0x4
80001a2c:	00f707b3          	add	x15,x14,x15
80001a30:	00078713          	addi	x14,x15,0 # 4000 <_start-0x7fffc000>
80001a34:	fec42783          	lw	x15,-20(x8)
80001a38:	02e7a623          	sw	x14,44(x15)
80001a3c:	800027b7          	lui	x15,0x80002
80001a40:	a6078713          	addi	x14,x15,-1440 # 80001a60 <_stack_top+0xf8001a60>
80001a44:	fec42783          	lw	x15,-20(x8)
80001a48:	02e7a423          	sw	x14,40(x15)
80001a4c:	00000013          	addi	x0,x0,0
80001a50:	01c12083          	lw	x1,28(x2)
80001a54:	01812403          	lw	x8,24(x2)
80001a58:	02010113          	addi	x2,x2,32
80001a5c:	00008067          	jalr	x0,0(x1)

80001a60 <fork_ret>:
80001a60:	fd010113          	addi	x2,x2,-48
80001a64:	02112623          	sw	x1,44(x2)
80001a68:	02812423          	sw	x8,40(x2)
80001a6c:	03010413          	addi	x8,x2,48
80001a70:	658000ef          	jal	x1,800020c8 <prepare_return>
80001a74:	ff4ff0ef          	jal	x1,80001268 <myproc>
80001a78:	fea42623          	sw	x10,-20(x8)
80001a7c:	fec42783          	lw	x15,-20(x8)
80001a80:	0207a783          	lw	x15,32(x15)
80001a84:	fef42423          	sw	x15,-24(x8)
80001a88:	fe842783          	lw	x15,-24(x8)
80001a8c:	00c7d793          	srli	x15,x15,0xc
80001a90:	fef42223          	sw	x15,-28(x8)
80001a94:	fe442703          	lw	x14,-28(x8)
80001a98:	800007b7          	lui	x15,0x80000
80001a9c:	00f767b3          	or	x15,x14,x15
80001aa0:	fef42023          	sw	x15,-32(x8)
80001aa4:	0bc00593          	addi	x11,x0,188
80001aa8:	fe042503          	lw	x10,-32(x8)
80001aac:	e50ff0ef          	jal	x1,800010fc <sv32_va_to_pa>
80001ab0:	fca42e23          	sw	x10,-36(x8)
80001ab4:	800037b7          	lui	x15,0x80003
80001ab8:	0047a783          	lw	x15,4(x15) # 80003004 <_stack_top+0xf8003004>
80001abc:	fe042503          	lw	x10,-32(x8)
80001ac0:	000780e7          	jalr	x1,0(x15)
80001ac4:	00000013          	addi	x0,x0,0
80001ac8:	02c12083          	lw	x1,44(x2)
80001acc:	02812403          	lw	x8,40(x2)
80001ad0:	03010113          	addi	x2,x2,48
80001ad4:	00008067          	jalr	x0,0(x1)

80001ad8 <kyeild>:
80001ad8:	fe010113          	addi	x2,x2,-32
80001adc:	00112e23          	sw	x1,28(x2)
80001ae0:	00812c23          	sw	x8,24(x2)
80001ae4:	02010413          	addi	x8,x2,32
80001ae8:	f80ff0ef          	jal	x1,80001268 <myproc>
80001aec:	fea42623          	sw	x10,-20(x8)
80001af0:	fec42783          	lw	x15,-20(x8)
80001af4:	00300713          	addi	x14,x0,3
80001af8:	00e7a023          	sw	x14,0(x15)
80001afc:	fec42783          	lw	x15,-20(x8)
80001b00:	0007a703          	lw	x14,0(x15)
80001b04:	00400793          	addi	x15,x0,4
80001b08:	02f70063          	beq	x14,x15,80001b28 <kyeild+0x50>
80001b0c:	fec42783          	lw	x15,-20(x8)
80001b10:	02878713          	addi	x14,x15,40
80001b14:	800037b7          	lui	x15,0x80003
80001b18:	56478593          	addi	x11,x15,1380 # 80003564 <_stack_top+0xf8003564>
80001b1c:	00070513          	addi	x10,x14,0
80001b20:	cecfe0ef          	jal	x1,8000000c <swtch>
80001b24:	0080006f          	jal	x0,80001b2c <kyeild+0x54>
80001b28:	00000013          	addi	x0,x0,0
80001b2c:	01c12083          	lw	x1,28(x2)
80001b30:	01812403          	lw	x8,24(x2)
80001b34:	02010113          	addi	x2,x2,32
80001b38:	00008067          	jalr	x0,0(x1)

80001b3c <killed>:
80001b3c:	fe010113          	addi	x2,x2,-32
80001b40:	00812e23          	sw	x8,28(x2)
80001b44:	02010413          	addi	x8,x2,32
80001b48:	fea42623          	sw	x10,-20(x8)
80001b4c:	fec42783          	lw	x15,-20(x8)
80001b50:	0087a783          	lw	x15,8(x15)
80001b54:	00078513          	addi	x10,x15,0
80001b58:	01c12403          	lw	x8,28(x2)
80001b5c:	02010113          	addi	x2,x2,32
80001b60:	00008067          	jalr	x0,0(x1)

80001b64 <reparent>:
80001b64:	fd010113          	addi	x2,x2,-48
80001b68:	02112623          	sw	x1,44(x2)
80001b6c:	02812423          	sw	x8,40(x2)
80001b70:	03010413          	addi	x8,x2,48
80001b74:	fca42e23          	sw	x10,-36(x8)
80001b78:	fdc42783          	lw	x15,-36(x8)
80001b7c:	0107a783          	lw	x15,16(x15)
80001b80:	fef42423          	sw	x15,-24(x8)
80001b84:	fe042623          	sw	x0,-20(x8)
80001b88:	0780006f          	jal	x0,80001c00 <reparent+0x9c>
80001b8c:	800037b7          	lui	x15,0x80003
80001b90:	10078693          	addi	x13,x15,256 # 80003100 <_stack_top+0xf8003100>
80001b94:	fec42703          	lw	x14,-20(x8)
80001b98:	00070793          	addi	x15,x14,0
80001b9c:	00379793          	slli	x15,x15,0x3
80001ba0:	40e787b3          	sub	x15,x15,x14
80001ba4:	00479793          	slli	x15,x15,0x4
80001ba8:	00f687b3          	add	x15,x13,x15
80001bac:	01c7a783          	lw	x15,28(x15)
80001bb0:	fdc42703          	lw	x14,-36(x8)
80001bb4:	04f71063          	bne	x14,x15,80001bf4 <reparent+0x90>
80001bb8:	800037b7          	lui	x15,0x80003
80001bbc:	5f87a683          	lw	x13,1528(x15) # 800035f8 <_stack_top+0xf80035f8>
80001bc0:	800037b7          	lui	x15,0x80003
80001bc4:	10078613          	addi	x12,x15,256 # 80003100 <_stack_top+0xf8003100>
80001bc8:	fec42703          	lw	x14,-20(x8)
80001bcc:	00070793          	addi	x15,x14,0
80001bd0:	00379793          	slli	x15,x15,0x3
80001bd4:	40e787b3          	sub	x15,x15,x14
80001bd8:	00479793          	slli	x15,x15,0x4
80001bdc:	00f607b3          	add	x15,x12,x15
80001be0:	00d7ae23          	sw	x13,28(x15)
80001be4:	800037b7          	lui	x15,0x80003
80001be8:	5f87a783          	lw	x15,1528(x15) # 800035f8 <_stack_top+0xf80035f8>
80001bec:	00078513          	addi	x10,x15,0
80001bf0:	0a8000ef          	jal	x1,80001c98 <kwakeup>
80001bf4:	fec42783          	lw	x15,-20(x8)
80001bf8:	00178793          	addi	x15,x15,1
80001bfc:	fef42623          	sw	x15,-20(x8)
80001c00:	fec42703          	lw	x14,-20(x8)
80001c04:	00900793          	addi	x15,x0,9
80001c08:	f8e7f2e3          	bgeu	x15,x14,80001b8c <reparent+0x28>
80001c0c:	00000013          	addi	x0,x0,0
80001c10:	00000013          	addi	x0,x0,0
80001c14:	02c12083          	lw	x1,44(x2)
80001c18:	02812403          	lw	x8,40(x2)
80001c1c:	03010113          	addi	x2,x2,48
80001c20:	00008067          	jalr	x0,0(x1)

80001c24 <kexit>:
80001c24:	fd010113          	addi	x2,x2,-48
80001c28:	02112623          	sw	x1,44(x2)
80001c2c:	02812423          	sw	x8,40(x2)
80001c30:	03010413          	addi	x8,x2,48
80001c34:	fca42e23          	sw	x10,-36(x8)
80001c38:	e30ff0ef          	jal	x1,80001268 <myproc>
80001c3c:	fea42623          	sw	x10,-20(x8)
80001c40:	800037b7          	lui	x15,0x80003
80001c44:	5f87a783          	lw	x15,1528(x15) # 800035f8 <_stack_top+0xf80035f8>
80001c48:	fec42703          	lw	x14,-20(x8)
80001c4c:	02f70c63          	beq	x14,x15,80001c84 <kexit+0x60>
80001c50:	fec42503          	lw	x10,-20(x8)
80001c54:	f11ff0ef          	jal	x1,80001b64 <reparent>
80001c58:	fec42783          	lw	x15,-20(x8)
80001c5c:	00500713          	addi	x14,x0,5
80001c60:	00e7a023          	sw	x14,0(x15)
80001c64:	fec42783          	lw	x15,-20(x8)
80001c68:	fdc42703          	lw	x14,-36(x8)
80001c6c:	00e7a623          	sw	x14,12(x15)
80001c70:	fec42783          	lw	x15,-20(x8)
80001c74:	01c7a783          	lw	x15,28(x15)
80001c78:	00078513          	addi	x10,x15,0
80001c7c:	01c000ef          	jal	x1,80001c98 <kwakeup>
80001c80:	0080006f          	jal	x0,80001c88 <kexit+0x64>
80001c84:	00000013          	addi	x0,x0,0
80001c88:	02c12083          	lw	x1,44(x2)
80001c8c:	02812403          	lw	x8,40(x2)
80001c90:	03010113          	addi	x2,x2,48
80001c94:	00008067          	jalr	x0,0(x1)

80001c98 <kwakeup>:
80001c98:	fd010113          	addi	x2,x2,-48
80001c9c:	02112623          	sw	x1,44(x2)
80001ca0:	02812423          	sw	x8,40(x2)
80001ca4:	02912223          	sw	x9,36(x2)
80001ca8:	03010413          	addi	x8,x2,48
80001cac:	fca42e23          	sw	x10,-36(x8)
80001cb0:	fe042623          	sw	x0,-20(x8)
80001cb4:	0940006f          	jal	x0,80001d48 <kwakeup+0xb0>
80001cb8:	fec42703          	lw	x14,-20(x8)
80001cbc:	00070793          	addi	x15,x14,0
80001cc0:	00379793          	slli	x15,x15,0x3
80001cc4:	40e787b3          	sub	x15,x15,x14
80001cc8:	00479793          	slli	x15,x15,0x4
80001ccc:	00078713          	addi	x14,x15,0
80001cd0:	800037b7          	lui	x15,0x80003
80001cd4:	10078793          	addi	x15,x15,256 # 80003100 <_stack_top+0xf8003100>
80001cd8:	00f704b3          	add	x9,x14,x15
80001cdc:	d8cff0ef          	jal	x1,80001268 <myproc>
80001ce0:	00050793          	addi	x15,x10,0
80001ce4:	04f48c63          	beq	x9,x15,80001d3c <kwakeup+0xa4>
80001ce8:	800037b7          	lui	x15,0x80003
80001cec:	10078693          	addi	x13,x15,256 # 80003100 <_stack_top+0xf8003100>
80001cf0:	fec42703          	lw	x14,-20(x8)
80001cf4:	00070793          	addi	x15,x14,0
80001cf8:	00379793          	slli	x15,x15,0x3
80001cfc:	40e787b3          	sub	x15,x15,x14
80001d00:	00479793          	slli	x15,x15,0x4
80001d04:	00f687b3          	add	x15,x13,x15
80001d08:	0047a783          	lw	x15,4(x15)
80001d0c:	fdc42703          	lw	x14,-36(x8)
80001d10:	02f71663          	bne	x14,x15,80001d3c <kwakeup+0xa4>
80001d14:	800037b7          	lui	x15,0x80003
80001d18:	10078693          	addi	x13,x15,256 # 80003100 <_stack_top+0xf8003100>
80001d1c:	fec42703          	lw	x14,-20(x8)
80001d20:	00070793          	addi	x15,x14,0
80001d24:	00379793          	slli	x15,x15,0x3
80001d28:	40e787b3          	sub	x15,x15,x14
80001d2c:	00479793          	slli	x15,x15,0x4
80001d30:	00f687b3          	add	x15,x13,x15
80001d34:	00300713          	addi	x14,x0,3
80001d38:	00e7a023          	sw	x14,0(x15)
80001d3c:	fec42783          	lw	x15,-20(x8)
80001d40:	00178793          	addi	x15,x15,1
80001d44:	fef42623          	sw	x15,-20(x8)
80001d48:	fec42703          	lw	x14,-20(x8)
80001d4c:	00900793          	addi	x15,x0,9
80001d50:	f6e7d4e3          	bge	x15,x14,80001cb8 <kwakeup+0x20>
80001d54:	00000013          	addi	x0,x0,0
80001d58:	00000013          	addi	x0,x0,0
80001d5c:	02c12083          	lw	x1,44(x2)
80001d60:	02812403          	lw	x8,40(x2)
80001d64:	02412483          	lw	x9,36(x2)
80001d68:	03010113          	addi	x2,x2,48
80001d6c:	00008067          	jalr	x0,0(x1)

80001d70 <ksleep>:
80001d70:	fd010113          	addi	x2,x2,-48
80001d74:	02112623          	sw	x1,44(x2)
80001d78:	02812423          	sw	x8,40(x2)
80001d7c:	03010413          	addi	x8,x2,48
80001d80:	fca42e23          	sw	x10,-36(x8)
80001d84:	ce4ff0ef          	jal	x1,80001268 <myproc>
80001d88:	fea42623          	sw	x10,-20(x8)
80001d8c:	fec42783          	lw	x15,-20(x8)
80001d90:	fdc42703          	lw	x14,-36(x8)
80001d94:	00e7a223          	sw	x14,4(x15)
80001d98:	fec42783          	lw	x15,-20(x8)
80001d9c:	00200713          	addi	x14,x0,2
80001da0:	00e7a023          	sw	x14,0(x15)
80001da4:	fec42783          	lw	x15,-20(x8)
80001da8:	02878713          	addi	x14,x15,40
80001dac:	800037b7          	lui	x15,0x80003
80001db0:	56478593          	addi	x11,x15,1380 # 80003564 <_stack_top+0xf8003564>
80001db4:	00070513          	addi	x10,x14,0
80001db8:	a54fe0ef          	jal	x1,8000000c <swtch>
80001dbc:	fec42783          	lw	x15,-20(x8)
80001dc0:	0007a223          	sw	x0,4(x15)
80001dc4:	00000013          	addi	x0,x0,0
80001dc8:	02c12083          	lw	x1,44(x2)
80001dcc:	02812403          	lw	x8,40(x2)
80001dd0:	03010113          	addi	x2,x2,48
80001dd4:	00008067          	jalr	x0,0(x1)

80001dd8 <kwait>:
80001dd8:	fc010113          	addi	x2,x2,-64
80001ddc:	02112e23          	sw	x1,60(x2)
80001de0:	02812c23          	sw	x8,56(x2)
80001de4:	04010413          	addi	x8,x2,64
80001de8:	fca42623          	sw	x10,-52(x8)
80001dec:	c7cff0ef          	jal	x1,80001268 <myproc>
80001df0:	fea42223          	sw	x10,-28(x8)
80001df4:	fe042623          	sw	x0,-20(x8)
80001df8:	fe042423          	sw	x0,-24(x8)
80001dfc:	0c00006f          	jal	x0,80001ebc <kwait+0xe4>
80001e00:	800037b7          	lui	x15,0x80003
80001e04:	10078693          	addi	x13,x15,256 # 80003100 <_stack_top+0xf8003100>
80001e08:	fe842703          	lw	x14,-24(x8)
80001e0c:	00070793          	addi	x15,x14,0
80001e10:	00379793          	slli	x15,x15,0x3
80001e14:	40e787b3          	sub	x15,x15,x14
80001e18:	00479793          	slli	x15,x15,0x4
80001e1c:	00f687b3          	add	x15,x13,x15
80001e20:	01c7a783          	lw	x15,28(x15)
80001e24:	fe442703          	lw	x14,-28(x8)
80001e28:	08f71463          	bne	x14,x15,80001eb0 <kwait+0xd8>
80001e2c:	00100793          	addi	x15,x0,1
80001e30:	fef42623          	sw	x15,-20(x8)
80001e34:	800037b7          	lui	x15,0x80003
80001e38:	10078693          	addi	x13,x15,256 # 80003100 <_stack_top+0xf8003100>
80001e3c:	fe842703          	lw	x14,-24(x8)
80001e40:	00070793          	addi	x15,x14,0
80001e44:	00379793          	slli	x15,x15,0x3
80001e48:	40e787b3          	sub	x15,x15,x14
80001e4c:	00479793          	slli	x15,x15,0x4
80001e50:	00f687b3          	add	x15,x13,x15
80001e54:	0007a703          	lw	x14,0(x15)
80001e58:	00500793          	addi	x15,x0,5
80001e5c:	04f71a63          	bne	x14,x15,80001eb0 <kwait+0xd8>
80001e60:	fcc42783          	lw	x15,-52(x8)
80001e64:	04078263          	beq	x15,x0,80001ea8 <kwait+0xd0>
80001e68:	fe442783          	lw	x15,-28(x8)
80001e6c:	0207a703          	lw	x14,32(x15)
80001e70:	fe042783          	lw	x15,-32(x8)
80001e74:	00c78793          	addi	x15,x15,12
80001e78:	fcc42603          	lw	x12,-52(x8)
80001e7c:	00400693          	addi	x13,x0,4
80001e80:	00078593          	addi	x11,x15,0
80001e84:	00070513          	addi	x10,x14,0
80001e88:	805fe0ef          	jal	x1,8000068c <copyout>
80001e8c:	fe042783          	lw	x15,-32(x8)
80001e90:	0107a783          	lw	x15,16(x15)
80001e94:	fcf42e23          	sw	x15,-36(x8)
80001e98:	fe042503          	lw	x10,-32(x8)
80001e9c:	05c000ef          	jal	x1,80001ef8 <freeproc>
80001ea0:	fdc42783          	lw	x15,-36(x8)
80001ea4:	0400006f          	jal	x0,80001ee4 <kwait+0x10c>
80001ea8:	fff00793          	addi	x15,x0,-1
80001eac:	0380006f          	jal	x0,80001ee4 <kwait+0x10c>
80001eb0:	fe842783          	lw	x15,-24(x8)
80001eb4:	00178793          	addi	x15,x15,1
80001eb8:	fef42423          	sw	x15,-24(x8)
80001ebc:	fe842703          	lw	x14,-24(x8)
80001ec0:	00900793          	addi	x15,x0,9
80001ec4:	f2e7dee3          	bge	x15,x14,80001e00 <kwait+0x28>
80001ec8:	fec42783          	lw	x15,-20(x8)
80001ecc:	00079663          	bne	x15,x0,80001ed8 <kwait+0x100>
80001ed0:	fff00793          	addi	x15,x0,-1
80001ed4:	0100006f          	jal	x0,80001ee4 <kwait+0x10c>
80001ed8:	fe442503          	lw	x10,-28(x8)
80001edc:	e95ff0ef          	jal	x1,80001d70 <ksleep>
80001ee0:	f15ff06f          	jal	x0,80001df4 <kwait+0x1c>
80001ee4:	00078513          	addi	x10,x15,0
80001ee8:	03c12083          	lw	x1,60(x2)
80001eec:	03812403          	lw	x8,56(x2)
80001ef0:	04010113          	addi	x2,x2,64
80001ef4:	00008067          	jalr	x0,0(x1)

80001ef8 <freeproc>:
80001ef8:	ff010113          	addi	x2,x2,-16
80001efc:	00812623          	sw	x8,12(x2)
80001f00:	01010413          	addi	x8,x2,16
80001f04:	0000006f          	jal	x0,80001f04 <freeproc+0xc>

80001f08 <timer_interrupt>:
80001f08:	ff010113          	addi	x2,x2,-16
80001f0c:	00812623          	sw	x8,12(x2)
80001f10:	01010413          	addi	x8,x2,16
80001f14:	800037b7          	lui	x15,0x80003
80001f18:	5fc7a783          	lw	x15,1532(x15) # 800035fc <_stack_top+0xf80035fc>
80001f1c:	00178713          	addi	x14,x15,1
80001f20:	800037b7          	lui	x15,0x80003
80001f24:	5ee7ae23          	sw	x14,1532(x15) # 800035fc <_stack_top+0xf80035fc>
80001f28:	00200793          	addi	x15,x0,2
80001f2c:	1447b073          	csrrc	x0,sip,x15
80001f30:	00000013          	addi	x0,x0,0
80001f34:	00c12403          	lw	x8,12(x2)
80001f38:	01010113          	addi	x2,x2,16
80001f3c:	00008067          	jalr	x0,0(x1)

80001f40 <timerinit>:
80001f40:	fe010113          	addi	x2,x2,-32
80001f44:	00812e23          	sw	x8,28(x2)
80001f48:	02010413          	addi	x8,x2,32
80001f4c:	000f47b7          	lui	x15,0xf4
80001f50:	24078793          	addi	x15,x15,576 # f4240 <_start-0x7ff0bdc0>
80001f54:	fef42623          	sw	x15,-20(x8)
80001f58:	0200c7b7          	lui	x15,0x200c
80001f5c:	ff878793          	addi	x15,x15,-8 # 200bff8 <_start-0x7dff4008>
80001f60:	0007a683          	lw	x13,0(x15)
80001f64:	020047b7          	lui	x15,0x2004
80001f68:	fec42703          	lw	x14,-20(x8)
80001f6c:	00e68733          	add	x14,x13,x14
80001f70:	00e7a023          	sw	x14,0(x15) # 2004000 <_start-0x7dffc000>
80001f74:	800037b7          	lui	x15,0x80003
80001f78:	5a078793          	addi	x15,x15,1440 # 800035a0 <_stack_top+0xf80035a0>
80001f7c:	02004737          	lui	x14,0x2004
80001f80:	00e7a623          	sw	x14,12(x15)
80001f84:	800037b7          	lui	x15,0x80003
80001f88:	5a078793          	addi	x15,x15,1440 # 800035a0 <_stack_top+0xf80035a0>
80001f8c:	fec42703          	lw	x14,-20(x8)
80001f90:	00e7a823          	sw	x14,16(x15)
80001f94:	800007b7          	lui	x15,0x80000
80001f98:	08078793          	addi	x15,x15,128 # 80000080 <_stack_top+0xf8000080>
80001f9c:	30579073          	csrrw	x0,mtvec,x15
80001fa0:	08000793          	addi	x15,x0,128
80001fa4:	3047a073          	csrrs	x0,mie,x15
80001fa8:	00800793          	addi	x15,x0,8
80001fac:	3007a073          	csrrs	x0,mstatus,x15
80001fb0:	00000013          	addi	x0,x0,0
80001fb4:	01c12403          	lw	x8,28(x2)
80001fb8:	02010113          	addi	x2,x2,32
80001fbc:	00008067          	jalr	x0,0(x1)

80001fc0 <scheduler>:
80001fc0:	fe010113          	addi	x2,x2,-32
80001fc4:	00112e23          	sw	x1,28(x2)
80001fc8:	00812c23          	sw	x8,24(x2)
80001fcc:	02010413          	addi	x8,x2,32
80001fd0:	fe042423          	sw	x0,-24(x8)
80001fd4:	fe042623          	sw	x0,-20(x8)
80001fd8:	0e00006f          	jal	x0,800020b8 <scheduler+0xf8>
80001fdc:	800037b7          	lui	x15,0x80003
80001fe0:	10078693          	addi	x13,x15,256 # 80003100 <_stack_top+0xf8003100>
80001fe4:	fec42703          	lw	x14,-20(x8)
80001fe8:	00070793          	addi	x15,x14,0 # 2004000 <_start-0x7dffc000>
80001fec:	00379793          	slli	x15,x15,0x3
80001ff0:	40e787b3          	sub	x15,x15,x14
80001ff4:	00479793          	slli	x15,x15,0x4
80001ff8:	00f687b3          	add	x15,x13,x15
80001ffc:	0007a703          	lw	x14,0(x15)
80002000:	00300793          	addi	x15,x0,3
80002004:	0af71463          	bne	x14,x15,800020ac <scheduler+0xec>
80002008:	800037b7          	lui	x15,0x80003
8000200c:	10078693          	addi	x13,x15,256 # 80003100 <_stack_top+0xf8003100>
80002010:	fec42703          	lw	x14,-20(x8)
80002014:	00070793          	addi	x15,x14,0
80002018:	00379793          	slli	x15,x15,0x3
8000201c:	40e787b3          	sub	x15,x15,x14
80002020:	00479793          	slli	x15,x15,0x4
80002024:	00f687b3          	add	x15,x13,x15
80002028:	00400713          	addi	x14,x0,4
8000202c:	00e7a023          	sw	x14,0(x15)
80002030:	fec42703          	lw	x14,-20(x8)
80002034:	00070793          	addi	x15,x14,0
80002038:	00379793          	slli	x15,x15,0x3
8000203c:	40e787b3          	sub	x15,x15,x14
80002040:	00479793          	slli	x15,x15,0x4
80002044:	00078713          	addi	x14,x15,0
80002048:	800037b7          	lui	x15,0x80003
8000204c:	10078793          	addi	x15,x15,256 # 80003100 <_stack_top+0xf8003100>
80002050:	00f70733          	add	x14,x14,x15
80002054:	800037b7          	lui	x15,0x80003
80002058:	56078793          	addi	x15,x15,1376 # 80003560 <_stack_top+0xf8003560>
8000205c:	00e7a023          	sw	x14,0(x15)
80002060:	fec42703          	lw	x14,-20(x8)
80002064:	00070793          	addi	x15,x14,0
80002068:	00379793          	slli	x15,x15,0x3
8000206c:	40e787b3          	sub	x15,x15,x14
80002070:	00479793          	slli	x15,x15,0x4
80002074:	02078713          	addi	x14,x15,32
80002078:	800037b7          	lui	x15,0x80003
8000207c:	10078793          	addi	x15,x15,256 # 80003100 <_stack_top+0xf8003100>
80002080:	00f707b3          	add	x15,x14,x15
80002084:	00878793          	addi	x15,x15,8
80002088:	00078593          	addi	x11,x15,0
8000208c:	800037b7          	lui	x15,0x80003
80002090:	56478513          	addi	x10,x15,1380 # 80003564 <_stack_top+0xf8003564>
80002094:	f79fd0ef          	jal	x1,8000000c <swtch>
80002098:	800037b7          	lui	x15,0x80003
8000209c:	56078793          	addi	x15,x15,1376 # 80003560 <_stack_top+0xf8003560>
800020a0:	0007a023          	sw	x0,0(x15)
800020a4:	00100793          	addi	x15,x0,1
800020a8:	fef42423          	sw	x15,-24(x8)
800020ac:	fec42783          	lw	x15,-20(x8)
800020b0:	00178793          	addi	x15,x15,1
800020b4:	fef42623          	sw	x15,-20(x8)
800020b8:	fec42703          	lw	x14,-20(x8)
800020bc:	00900793          	addi	x15,x0,9
800020c0:	f0e7dee3          	bge	x15,x14,80001fdc <scheduler+0x1c>
800020c4:	f0dff06f          	jal	x0,80001fd0 <scheduler+0x10>

800020c8 <prepare_return>:
800020c8:	fe010113          	addi	x2,x2,-32
800020cc:	00112e23          	sw	x1,28(x2)
800020d0:	00812c23          	sw	x8,24(x2)
800020d4:	02010413          	addi	x8,x2,32
800020d8:	00200793          	addi	x15,x0,2
800020dc:	1007b073          	csrrc	x0,sstatus,x15
800020e0:	800037b7          	lui	x15,0x80003
800020e4:	6047a783          	lw	x15,1540(x15) # 80003604 <_stack_top+0xf8003604>
800020e8:	10579073          	csrrw	x0,stvec,x15
800020ec:	97cff0ef          	jal	x1,80001268 <myproc>
800020f0:	00050793          	addi	x15,x10,0
800020f4:	fef42623          	sw	x15,-20(x8)
800020f8:	fec42783          	lw	x15,-20(x8)
800020fc:	0147a703          	lw	x14,20(x15)
80002100:	000047b7          	lui	x15,0x4
80002104:	00f70733          	add	x14,x14,x15
80002108:	fec42783          	lw	x15,-20(x8)
8000210c:	0247a783          	lw	x15,36(x15) # 4024 <_start-0x7fffbfdc>
80002110:	00e7a023          	sw	x14,0(x15)
80002114:	800037b7          	lui	x15,0x80003
80002118:	0087a783          	lw	x15,8(x15) # 80003008 <_stack_top+0xf8003008>
8000211c:	00078c63          	beq	x15,x0,80002134 <prepare_return+0x6c>
80002120:	800037b7          	lui	x15,0x80003
80002124:	0007a423          	sw	x0,8(x15) # 80003008 <_stack_top+0xf8003008>
80002128:	800037b7          	lui	x15,0x80003
8000212c:	cd878513          	addi	x10,x15,-808 # 80002cd8 <_stack_top+0xf8002cd8>
80002130:	e00ff0ef          	jal	x1,80001730 <kexec>
80002134:	100027f3          	csrrs	x15,sstatus,x0
80002138:	fef42423          	sw	x15,-24(x8)
8000213c:	fe842783          	lw	x15,-24(x8)
80002140:	eff7f793          	andi	x15,x15,-257
80002144:	fef42423          	sw	x15,-24(x8)
80002148:	fe842783          	lw	x15,-24(x8)
8000214c:	0207e793          	ori	x15,x15,32
80002150:	fef42423          	sw	x15,-24(x8)
80002154:	fe842783          	lw	x15,-24(x8)
80002158:	10079073          	csrrw	x0,sstatus,x15
8000215c:	fec42783          	lw	x15,-20(x8)
80002160:	0247a783          	lw	x15,36(x15)
80002164:	00c7a783          	lw	x15,12(x15)
80002168:	14179073          	csrrw	x0,sepc,x15
8000216c:	00000013          	addi	x0,x0,0
80002170:	01c12083          	lw	x1,28(x2)
80002174:	01812403          	lw	x8,24(x2)
80002178:	02010113          	addi	x2,x2,32
8000217c:	00008067          	jalr	x0,0(x1)

80002180 <usertrap>:
80002180:	fc010113          	addi	x2,x2,-64
80002184:	02112e23          	sw	x1,60(x2)
80002188:	02812c23          	sw	x8,56(x2)
8000218c:	04010413          	addi	x8,x2,64
80002190:	8d8ff0ef          	jal	x1,80001268 <myproc>
80002194:	00050793          	addi	x15,x10,0
80002198:	fef42623          	sw	x15,-20(x8)
8000219c:	141027f3          	csrrs	x15,sepc,x0
800021a0:	fef42423          	sw	x15,-24(x8)
800021a4:	fec42783          	lw	x15,-20(x8)
800021a8:	0247a783          	lw	x15,36(x15)
800021ac:	fe842703          	lw	x14,-24(x8)
800021b0:	00e7a623          	sw	x14,12(x15)
800021b4:	142027f3          	csrrs	x15,scause,x0
800021b8:	fef42223          	sw	x15,-28(x8)
800021bc:	fe442703          	lw	x14,-28(x8)
800021c0:	800007b7          	lui	x15,0x80000
800021c4:	00178793          	addi	x15,x15,1 # 80000001 <_stack_top+0xf8000001>
800021c8:	00f71863          	bne	x14,x15,800021d8 <usertrap+0x58>
800021cc:	d3dff0ef          	jal	x1,80001f08 <timer_interrupt>
800021d0:	909ff0ef          	jal	x1,80001ad8 <kyeild>
800021d4:	1600006f          	jal	x0,80002334 <usertrap+0x1b4>
800021d8:	fe442703          	lw	x14,-28(x8)
800021dc:	00800793          	addi	x15,x0,8
800021e0:	12f71063          	bne	x14,x15,80002300 <usertrap+0x180>
800021e4:	fec42503          	lw	x10,-20(x8)
800021e8:	955ff0ef          	jal	x1,80001b3c <killed>
800021ec:	00050793          	addi	x15,x10,0
800021f0:	00078663          	beq	x15,x0,800021fc <usertrap+0x7c>
800021f4:	fff00513          	addi	x10,x0,-1
800021f8:	a2dff0ef          	jal	x1,80001c24 <kexit>
800021fc:	fec42783          	lw	x15,-20(x8)
80002200:	0247a783          	lw	x15,36(x15)
80002204:	0547a783          	lw	x15,84(x15)
80002208:	fcf42e23          	sw	x15,-36(x8)
8000220c:	fec42783          	lw	x15,-20(x8)
80002210:	0247a783          	lw	x15,36(x15)
80002214:	00c7a703          	lw	x14,12(x15)
80002218:	fec42783          	lw	x15,-20(x8)
8000221c:	0247a783          	lw	x15,36(x15)
80002220:	00470713          	addi	x14,x14,4
80002224:	00e7a623          	sw	x14,12(x15)
80002228:	fdc42703          	lw	x14,-36(x8)
8000222c:	00500793          	addi	x15,x0,5
80002230:	10e7e063          	bltu	x15,x14,80002330 <usertrap+0x1b0>
80002234:	fdc42783          	lw	x15,-36(x8)
80002238:	00279713          	slli	x14,x15,0x2
8000223c:	800037b7          	lui	x15,0x80003
80002240:	ce078793          	addi	x15,x15,-800 # 80002ce0 <_stack_top+0xf8002ce0>
80002244:	00f707b3          	add	x15,x14,x15
80002248:	0007a783          	lw	x15,0(x15)
8000224c:	00078067          	jalr	x0,0(x15)
80002250:	ad8ff0ef          	jal	x1,80001528 <kfork>
80002254:	00050713          	addi	x14,x10,0
80002258:	fec42783          	lw	x15,-20(x8)
8000225c:	0247a783          	lw	x15,36(x15)
80002260:	02e7ac23          	sw	x14,56(x15)
80002264:	0d00006f          	jal	x0,80002334 <usertrap+0x1b4>
80002268:	fec42783          	lw	x15,-20(x8)
8000226c:	0247a783          	lw	x15,36(x15)
80002270:	0387a783          	lw	x15,56(x15)
80002274:	fcf42c23          	sw	x15,-40(x8)
80002278:	fd842783          	lw	x15,-40(x8)
8000227c:	00078513          	addi	x10,x15,0
80002280:	9a5ff0ef          	jal	x1,80001c24 <kexit>
80002284:	0b00006f          	jal	x0,80002334 <usertrap+0x1b4>
80002288:	fec42783          	lw	x15,-20(x8)
8000228c:	0247a783          	lw	x15,36(x15)
80002290:	0387a783          	lw	x15,56(x15)
80002294:	fcf42c23          	sw	x15,-40(x8)
80002298:	fec42783          	lw	x15,-20(x8)
8000229c:	0207a783          	lw	x15,32(x15)
800022a0:	fc840713          	addi	x14,x8,-56
800022a4:	01000693          	addi	x13,x0,16
800022a8:	fd842603          	lw	x12,-40(x8)
800022ac:	00070593          	addi	x11,x14,0
800022b0:	00078513          	addi	x10,x15,0
800022b4:	cccfe0ef          	jal	x1,80000780 <copyin>
800022b8:	fc840793          	addi	x15,x8,-56
800022bc:	00078513          	addi	x10,x15,0
800022c0:	c70ff0ef          	jal	x1,80001730 <kexec>
800022c4:	0700006f          	jal	x0,80002334 <usertrap+0x1b4>
800022c8:	fec42503          	lw	x10,-20(x8)
800022cc:	b0dff0ef          	jal	x1,80001dd8 <kwait>
800022d0:	0640006f          	jal	x0,80002334 <usertrap+0x1b4>
800022d4:	fec42783          	lw	x15,-20(x8)
800022d8:	0247a783          	lw	x15,36(x15)
800022dc:	0387a783          	lw	x15,56(x15)
800022e0:	fcf42c23          	sw	x15,-40(x8)
800022e4:	fd842503          	lw	x10,-40(x8)
800022e8:	991fe0ef          	jal	x1,80000c78 <alloc_mem>
800022ec:	00050713          	addi	x14,x10,0
800022f0:	fec42783          	lw	x15,-20(x8)
800022f4:	0247a783          	lw	x15,36(x15)
800022f8:	02e7ac23          	sw	x14,56(x15)
800022fc:	0380006f          	jal	x0,80002334 <usertrap+0x1b4>
80002300:	fe442703          	lw	x14,-28(x8)
80002304:	800007b7          	lui	x15,0x80000
80002308:	00978793          	addi	x15,x15,9 # 80000009 <_stack_top+0xf8000009>
8000230c:	02f71463          	bne	x14,x15,80002334 <usertrap+0x1b4>
80002310:	02d000ef          	jal	x1,80002b3c <plic_claim>
80002314:	fea42023          	sw	x10,-32(x8)
80002318:	770000ef          	jal	x1,80002a88 <uartintr>
8000231c:	fe042783          	lw	x15,-32(x8)
80002320:	00078a63          	beq	x15,x0,80002334 <usertrap+0x1b4>
80002324:	fe042503          	lw	x10,-32(x8)
80002328:	055000ef          	jal	x1,80002b7c <plic_complete>
8000232c:	0080006f          	jal	x0,80002334 <usertrap+0x1b4>
80002330:	00000013          	addi	x0,x0,0
80002334:	f2cff0ef          	jal	x1,80001a60 <fork_ret>
80002338:	00000013          	addi	x0,x0,0
8000233c:	03c12083          	lw	x1,60(x2)
80002340:	03812403          	lw	x8,56(x2)
80002344:	04010113          	addi	x2,x2,64
80002348:	00008067          	jalr	x0,0(x1)

8000234c <write_csr_medeleg>:
8000234c:	fe010113          	addi	x2,x2,-32
80002350:	00812e23          	sw	x8,28(x2)
80002354:	02010413          	addi	x8,x2,32
80002358:	fea42623          	sw	x10,-20(x8)
8000235c:	fec42783          	lw	x15,-20(x8)
80002360:	30279073          	csrrw	x0,medeleg,x15
80002364:	00000013          	addi	x0,x0,0
80002368:	01c12403          	lw	x8,28(x2)
8000236c:	02010113          	addi	x2,x2,32
80002370:	00008067          	jalr	x0,0(x1)

80002374 <write_csr_mideleg>:
80002374:	fe010113          	addi	x2,x2,-32
80002378:	00812e23          	sw	x8,28(x2)
8000237c:	02010413          	addi	x8,x2,32
80002380:	fea42623          	sw	x10,-20(x8)
80002384:	fec42783          	lw	x15,-20(x8)
80002388:	30379073          	csrrw	x0,mideleg,x15
8000238c:	00000013          	addi	x0,x0,0
80002390:	01c12403          	lw	x8,28(x2)
80002394:	02010113          	addi	x2,x2,32
80002398:	00008067          	jalr	x0,0(x1)

8000239c <read_csr_sie>:
8000239c:	fe010113          	addi	x2,x2,-32
800023a0:	00812e23          	sw	x8,28(x2)
800023a4:	02010413          	addi	x8,x2,32
800023a8:	104027f3          	csrrs	x15,sie,x0
800023ac:	fef42623          	sw	x15,-20(x8)
800023b0:	fec42783          	lw	x15,-20(x8)
800023b4:	00078513          	addi	x10,x15,0
800023b8:	01c12403          	lw	x8,28(x2)
800023bc:	02010113          	addi	x2,x2,32
800023c0:	00008067          	jalr	x0,0(x1)

800023c4 <write_csr_sie>:
800023c4:	fe010113          	addi	x2,x2,-32
800023c8:	00812e23          	sw	x8,28(x2)
800023cc:	02010413          	addi	x8,x2,32
800023d0:	fea42623          	sw	x10,-20(x8)
800023d4:	fec42783          	lw	x15,-20(x8)
800023d8:	10479073          	csrrw	x0,sie,x15
800023dc:	00000013          	addi	x0,x0,0
800023e0:	01c12403          	lw	x8,28(x2)
800023e4:	02010113          	addi	x2,x2,32
800023e8:	00008067          	jalr	x0,0(x1)

800023ec <start>:
800023ec:	fe010113          	addi	x2,x2,-32
800023f0:	00112e23          	sw	x1,28(x2)
800023f4:	00812c23          	sw	x8,24(x2)
800023f8:	02010413          	addi	x8,x2,32
800023fc:	300027f3          	csrrs	x15,mstatus,x0
80002400:	fef42623          	sw	x15,-20(x8)
80002404:	fec42703          	lw	x14,-20(x8)
80002408:	ffffe7b7          	lui	x15,0xffffe
8000240c:	7ff78793          	addi	x15,x15,2047 # ffffe7ff <_stack_top+0x77ffe7ff>
80002410:	00f777b3          	and	x15,x14,x15
80002414:	fef42623          	sw	x15,-20(x8)
80002418:	fec42703          	lw	x14,-20(x8)
8000241c:	000017b7          	lui	x15,0x1
80002420:	80078793          	addi	x15,x15,-2048 # 800 <_start-0x7ffff800>
80002424:	00f767b3          	or	x15,x14,x15
80002428:	fef42623          	sw	x15,-20(x8)
8000242c:	fec42783          	lw	x15,-20(x8)
80002430:	30079073          	csrrw	x0,mstatus,x15
80002434:	800007b7          	lui	x15,0x80000
80002438:	0d078793          	addi	x15,x15,208 # 800000d0 <_stack_top+0xf80000d0>
8000243c:	34179073          	csrrw	x0,mepc,x15
80002440:	fff00793          	addi	x15,x0,-1
80002444:	3b079073          	csrrw	x0,pmpaddr0,x15
80002448:	00f00793          	addi	x15,x0,15
8000244c:	3a079073          	csrrw	x0,pmpcfg0,x15
80002450:	000107b7          	lui	x15,0x10
80002454:	fff78513          	addi	x10,x15,-1 # ffff <_start-0x7fff0001>
80002458:	ef5ff0ef          	jal	x1,8000234c <write_csr_medeleg>
8000245c:	000107b7          	lui	x15,0x10
80002460:	fff78513          	addi	x10,x15,-1 # ffff <_start-0x7fff0001>
80002464:	f11ff0ef          	jal	x1,80002374 <write_csr_mideleg>
80002468:	f35ff0ef          	jal	x1,8000239c <read_csr_sie>
8000246c:	fea42423          	sw	x10,-24(x8)
80002470:	fe842783          	lw	x15,-24(x8)
80002474:	2227e793          	ori	x15,x15,546
80002478:	fef42423          	sw	x15,-24(x8)
8000247c:	fe842503          	lw	x10,-24(x8)
80002480:	f45ff0ef          	jal	x1,800023c4 <write_csr_sie>
80002484:	abdff0ef          	jal	x1,80001f40 <timerinit>
80002488:	30200073          	mret
8000248c:	00000013          	addi	x0,x0,0
80002490:	01c12083          	lw	x1,28(x2)
80002494:	01812403          	lw	x8,24(x2)
80002498:	02010113          	addi	x2,x2,32
8000249c:	00008067          	jalr	x0,0(x1)

800024a0 <map_kva_to_kpa>:
800024a0:	fc010113          	addi	x2,x2,-64
800024a4:	02112e23          	sw	x1,60(x2)
800024a8:	02812c23          	sw	x8,56(x2)
800024ac:	04010413          	addi	x8,x2,64
800024b0:	fca42623          	sw	x10,-52(x8)
800024b4:	fcb42423          	sw	x11,-56(x8)
800024b8:	fcc42783          	lw	x15,-52(x8)
800024bc:	0167d793          	srli	x15,x15,0x16
800024c0:	fef42623          	sw	x15,-20(x8)
800024c4:	fcc42783          	lw	x15,-52(x8)
800024c8:	00c7d793          	srli	x15,x15,0xc
800024cc:	3ff7f793          	andi	x15,x15,1023
800024d0:	fef42423          	sw	x15,-24(x8)
800024d4:	800037b7          	lui	x15,0x80003
800024d8:	6087a703          	lw	x14,1544(x15) # 80003608 <_stack_top+0xf8003608>
800024dc:	fec42783          	lw	x15,-20(x8)
800024e0:	00279793          	slli	x15,x15,0x2
800024e4:	00f707b3          	add	x15,x14,x15
800024e8:	0007a783          	lw	x15,0(x15)
800024ec:	0017f793          	andi	x15,x15,1
800024f0:	02079e63          	bne	x15,x0,8000252c <map_kva_to_kpa+0x8c>
800024f4:	e4dfd0ef          	jal	x1,80000340 <alloc_page>
800024f8:	fea42223          	sw	x10,-28(x8)
800024fc:	fe442783          	lw	x15,-28(x8)
80002500:	00c7d793          	srli	x15,x15,0xc
80002504:	00a79793          	slli	x15,x15,0xa
80002508:	0017e793          	ori	x15,x15,1
8000250c:	fef42023          	sw	x15,-32(x8)
80002510:	800037b7          	lui	x15,0x80003
80002514:	6087a703          	lw	x14,1544(x15) # 80003608 <_stack_top+0xf8003608>
80002518:	fec42783          	lw	x15,-20(x8)
8000251c:	00279793          	slli	x15,x15,0x2
80002520:	00f707b3          	add	x15,x14,x15
80002524:	fe042703          	lw	x14,-32(x8)
80002528:	00e7a023          	sw	x14,0(x15)
8000252c:	800037b7          	lui	x15,0x80003
80002530:	6087a703          	lw	x14,1544(x15) # 80003608 <_stack_top+0xf8003608>
80002534:	fec42783          	lw	x15,-20(x8)
80002538:	00279793          	slli	x15,x15,0x2
8000253c:	00f707b3          	add	x15,x14,x15
80002540:	0007a783          	lw	x15,0(x15)
80002544:	00a7d793          	srli	x15,x15,0xa
80002548:	00c79793          	slli	x15,x15,0xc
8000254c:	fcf42e23          	sw	x15,-36(x8)
80002550:	fe842783          	lw	x15,-24(x8)
80002554:	00279793          	slli	x15,x15,0x2
80002558:	fdc42703          	lw	x14,-36(x8)
8000255c:	00f707b3          	add	x15,x14,x15
80002560:	0007a783          	lw	x15,0(x15)
80002564:	0017f793          	andi	x15,x15,1
80002568:	02079663          	bne	x15,x0,80002594 <map_kva_to_kpa+0xf4>
8000256c:	fc842783          	lw	x15,-56(x8)
80002570:	00c7d793          	srli	x15,x15,0xc
80002574:	00a79713          	slli	x14,x15,0xa
80002578:	fe842783          	lw	x15,-24(x8)
8000257c:	00279793          	slli	x15,x15,0x2
80002580:	fdc42683          	lw	x13,-36(x8)
80002584:	00f687b3          	add	x15,x13,x15
80002588:	00f76713          	ori	x14,x14,15
8000258c:	00e7a023          	sw	x14,0(x15)
80002590:	00000013          	addi	x0,x0,0
80002594:	00000013          	addi	x0,x0,0
80002598:	03c12083          	lw	x1,60(x2)
8000259c:	03812403          	lw	x8,56(x2)
800025a0:	04010113          	addi	x2,x2,64
800025a4:	00008067          	jalr	x0,0(x1)

800025a8 <init_kernel_paging>:
800025a8:	fd010113          	addi	x2,x2,-48
800025ac:	02112623          	sw	x1,44(x2)
800025b0:	02812423          	sw	x8,40(x2)
800025b4:	03010413          	addi	x8,x2,48
800025b8:	d89fd0ef          	jal	x1,80000340 <alloc_page>
800025bc:	00050713          	addi	x14,x10,0
800025c0:	800037b7          	lui	x15,0x80003
800025c4:	60e7a423          	sw	x14,1544(x15) # 80003608 <_stack_top+0xf8003608>
800025c8:	800045b7          	lui	x11,0x80004
800025cc:	00000513          	addi	x10,x0,0
800025d0:	ed1ff0ef          	jal	x1,800024a0 <map_kva_to_kpa>
800025d4:	800007b7          	lui	x15,0x80000
800025d8:	fef42623          	sw	x15,-20(x8)
800025dc:	fe042423          	sw	x0,-24(x8)
800025e0:	02c0006f          	jal	x0,8000260c <init_kernel_paging+0x64>
800025e4:	fec42583          	lw	x11,-20(x8)
800025e8:	fec42503          	lw	x10,-20(x8)
800025ec:	eb5ff0ef          	jal	x1,800024a0 <map_kva_to_kpa>
800025f0:	fec42703          	lw	x14,-20(x8)
800025f4:	000017b7          	lui	x15,0x1
800025f8:	00f707b3          	add	x15,x14,x15
800025fc:	fef42623          	sw	x15,-20(x8)
80002600:	fe842783          	lw	x15,-24(x8)
80002604:	00178793          	addi	x15,x15,1 # 1001 <_start-0x7fffefff>
80002608:	fef42423          	sw	x15,-24(x8)
8000260c:	fe842703          	lw	x14,-24(x8)
80002610:	3ff00793          	addi	x15,x0,1023
80002614:	fce7f8e3          	bgeu	x15,x14,800025e4 <init_kernel_paging+0x3c>
80002618:	020045b7          	lui	x11,0x2004
8000261c:	02004537          	lui	x10,0x2004
80002620:	e81ff0ef          	jal	x1,800024a0 <map_kva_to_kpa>
80002624:	0200c7b7          	lui	x15,0x200c
80002628:	ff878593          	addi	x11,x15,-8 # 200bff8 <_start-0x7dff4008>
8000262c:	0200c7b7          	lui	x15,0x200c
80002630:	ff878513          	addi	x10,x15,-8 # 200bff8 <_start-0x7dff4008>
80002634:	e6dff0ef          	jal	x1,800024a0 <map_kva_to_kpa>
80002638:	100005b7          	lui	x11,0x10000
8000263c:	10000537          	lui	x10,0x10000
80002640:	e61ff0ef          	jal	x1,800024a0 <map_kva_to_kpa>
80002644:	0c0005b7          	lui	x11,0xc000
80002648:	0c000537          	lui	x10,0xc000
8000264c:	e55ff0ef          	jal	x1,800024a0 <map_kva_to_kpa>
80002650:	0c0027b7          	lui	x15,0xc002
80002654:	08078593          	addi	x11,x15,128 # c002080 <_start-0x73ffdf80>
80002658:	0c0027b7          	lui	x15,0xc002
8000265c:	08078513          	addi	x10,x15,128 # c002080 <_start-0x73ffdf80>
80002660:	e41ff0ef          	jal	x1,800024a0 <map_kva_to_kpa>
80002664:	0c2015b7          	lui	x11,0xc201
80002668:	0c201537          	lui	x10,0xc201
8000266c:	e35ff0ef          	jal	x1,800024a0 <map_kva_to_kpa>
80002670:	0c2017b7          	lui	x15,0xc201
80002674:	00478593          	addi	x11,x15,4 # c201004 <_start-0x73dfeffc>
80002678:	0c2017b7          	lui	x15,0xc201
8000267c:	00478513          	addi	x10,x15,4 # c201004 <_start-0x73dfeffc>
80002680:	e21ff0ef          	jal	x1,800024a0 <map_kva_to_kpa>
80002684:	800037b7          	lui	x15,0x80003
80002688:	6087a783          	lw	x15,1544(x15) # 80003608 <_stack_top+0xf8003608>
8000268c:	fef42223          	sw	x15,-28(x8)
80002690:	fe442783          	lw	x15,-28(x8)
80002694:	00c7d793          	srli	x15,x15,0xc
80002698:	fef42023          	sw	x15,-32(x8)
8000269c:	fe042703          	lw	x14,-32(x8)
800026a0:	800007b7          	lui	x15,0x80000
800026a4:	00f76733          	or	x14,x14,x15
800026a8:	800037b7          	lui	x15,0x80003
800026ac:	60e7a623          	sw	x14,1548(x15) # 8000360c <_stack_top+0xf800360c>
800026b0:	800037b7          	lui	x15,0x80003
800026b4:	60c7a703          	lw	x14,1548(x15) # 8000360c <_stack_top+0xf800360c>
800026b8:	100007b7          	lui	x15,0x10000
800026bc:	00578593          	addi	x11,x15,5 # 10000005 <_start-0x6ffffffb>
800026c0:	00070513          	addi	x10,x14,0
800026c4:	a39fe0ef          	jal	x1,800010fc <sv32_va_to_pa>
800026c8:	fca42e23          	sw	x10,-36(x8)
800026cc:	800037b7          	lui	x15,0x80003
800026d0:	60c7a783          	lw	x15,1548(x15) # 8000360c <_stack_top+0xf800360c>
800026d4:	100005b7          	lui	x11,0x10000
800026d8:	00078513          	addi	x10,x15,0
800026dc:	a21fe0ef          	jal	x1,800010fc <sv32_va_to_pa>
800026e0:	fca42e23          	sw	x10,-36(x8)
800026e4:	800037b7          	lui	x15,0x80003
800026e8:	60c7a783          	lw	x15,1548(x15) # 8000360c <_stack_top+0xf800360c>
800026ec:	0c0005b7          	lui	x11,0xc000
800026f0:	00078513          	addi	x10,x15,0
800026f4:	a09fe0ef          	jal	x1,800010fc <sv32_va_to_pa>
800026f8:	fca42e23          	sw	x10,-36(x8)
800026fc:	800037b7          	lui	x15,0x80003
80002700:	60c7a783          	lw	x15,1548(x15) # 8000360c <_stack_top+0xf800360c>
80002704:	18079073          	csrrw	x0,satp,x15
80002708:	12000073          	sfence.vma	x0,x0
8000270c:	00000013          	addi	x0,x0,0
80002710:	02c12083          	lw	x1,44(x2)
80002714:	02812403          	lw	x8,40(x2)
80002718:	03010113          	addi	x2,x2,48
8000271c:	00008067          	jalr	x0,0(x1)

80002720 <uartinit>:
80002720:	ff010113          	addi	x2,x2,-16
80002724:	00812623          	sw	x8,12(x2)
80002728:	01010413          	addi	x8,x2,16
8000272c:	100007b7          	lui	x15,0x10000
80002730:	00178793          	addi	x15,x15,1 # 10000001 <_start-0x6fffffff>
80002734:	00078023          	sb	x0,0(x15)
80002738:	100007b7          	lui	x15,0x10000
8000273c:	00378793          	addi	x15,x15,3 # 10000003 <_start-0x6ffffffd>
80002740:	f8000713          	addi	x14,x0,-128
80002744:	00e78023          	sb	x14,0(x15)
80002748:	100007b7          	lui	x15,0x10000
8000274c:	00300713          	addi	x14,x0,3
80002750:	00e78023          	sb	x14,0(x15) # 10000000 <_start-0x70000000>
80002754:	100007b7          	lui	x15,0x10000
80002758:	00178793          	addi	x15,x15,1 # 10000001 <_start-0x6fffffff>
8000275c:	00078023          	sb	x0,0(x15)
80002760:	100007b7          	lui	x15,0x10000
80002764:	00378793          	addi	x15,x15,3 # 10000003 <_start-0x6ffffffd>
80002768:	00300713          	addi	x14,x0,3
8000276c:	00e78023          	sb	x14,0(x15)
80002770:	100007b7          	lui	x15,0x10000
80002774:	00278793          	addi	x15,x15,2 # 10000002 <_start-0x6ffffffe>
80002778:	00700713          	addi	x14,x0,7
8000277c:	00e78023          	sb	x14,0(x15)
80002780:	100007b7          	lui	x15,0x10000
80002784:	00178793          	addi	x15,x15,1 # 10000001 <_start-0x6fffffff>
80002788:	00300713          	addi	x14,x0,3
8000278c:	00e78023          	sb	x14,0(x15)
80002790:	00000013          	addi	x0,x0,0
80002794:	00c12403          	lw	x8,12(x2)
80002798:	01010113          	addi	x2,x2,16
8000279c:	00008067          	jalr	x0,0(x1)

800027a0 <uart_printc>:
800027a0:	fe010113          	addi	x2,x2,-32
800027a4:	00812e23          	sw	x8,28(x2)
800027a8:	02010413          	addi	x8,x2,32
800027ac:	00050793          	addi	x15,x10,0 # c201000 <_start-0x73dff000>
800027b0:	fef407a3          	sb	x15,-17(x8)
800027b4:	100007b7          	lui	x15,0x10000
800027b8:	00578793          	addi	x15,x15,5 # 10000005 <_start-0x6ffffffb>
800027bc:	0007c783          	lbu	x15,0(x15)
800027c0:	0ff7f793          	andi	x15,x15,255
800027c4:	0207f793          	andi	x15,x15,32
800027c8:	00078863          	beq	x15,x0,800027d8 <uart_printc+0x38>
800027cc:	100007b7          	lui	x15,0x10000
800027d0:	fef44703          	lbu	x14,-17(x8)
800027d4:	00e78023          	sb	x14,0(x15) # 10000000 <_start-0x70000000>
800027d8:	00000013          	addi	x0,x0,0
800027dc:	01c12403          	lw	x8,28(x2)
800027e0:	02010113          	addi	x2,x2,32
800027e4:	00008067          	jalr	x0,0(x1)

800027e8 <uart_insert_into_rx_buff>:
800027e8:	fe010113          	addi	x2,x2,-32
800027ec:	00112e23          	sw	x1,28(x2)
800027f0:	00812c23          	sw	x8,24(x2)
800027f4:	02010413          	addi	x8,x2,32
800027f8:	00050793          	addi	x15,x10,0
800027fc:	fef407a3          	sb	x15,-17(x8)
80002800:	fef44703          	lbu	x14,-17(x8)
80002804:	00800793          	addi	x15,x0,8
80002808:	00f70863          	beq	x14,x15,80002818 <uart_insert_into_rx_buff+0x30>
8000280c:	fef44703          	lbu	x14,-17(x8)
80002810:	07f00793          	addi	x15,x0,127
80002814:	04f71e63          	bne	x14,x15,80002870 <uart_insert_into_rx_buff+0x88>
80002818:	800037b7          	lui	x15,0x80003
8000281c:	6187a703          	lw	x14,1560(x15) # 80003618 <_stack_top+0xf8003618>
80002820:	800037b7          	lui	x15,0x80003
80002824:	61c7a783          	lw	x15,1564(x15) # 8000361c <_stack_top+0xf800361c>
80002828:	04f70463          	beq	x14,x15,80002870 <uart_insert_into_rx_buff+0x88>
8000282c:	800037b7          	lui	x15,0x80003
80002830:	6187a783          	lw	x15,1560(x15) # 80003618 <_stack_top+0xf8003618>
80002834:	00078a63          	beq	x15,x0,80002848 <uart_insert_into_rx_buff+0x60>
80002838:	800037b7          	lui	x15,0x80003
8000283c:	6187a783          	lw	x15,1560(x15) # 80003618 <_stack_top+0xf8003618>
80002840:	fff78793          	addi	x15,x15,-1
80002844:	0080006f          	jal	x0,8000284c <uart_insert_into_rx_buff+0x64>
80002848:	01f00793          	addi	x15,x0,31
8000284c:	80003737          	lui	x14,0x80003
80002850:	60f72c23          	sw	x15,1560(x14) # 80003618 <_stack_top+0xf8003618>
80002854:	00800513          	addi	x10,x0,8
80002858:	f49ff0ef          	jal	x1,800027a0 <uart_printc>
8000285c:	02000513          	addi	x10,x0,32
80002860:	f41ff0ef          	jal	x1,800027a0 <uart_printc>
80002864:	00800513          	addi	x10,x0,8
80002868:	f39ff0ef          	jal	x1,800027a0 <uart_printc>
8000286c:	0cc0006f          	jal	x0,80002938 <uart_insert_into_rx_buff+0x150>
80002870:	fef44703          	lbu	x14,-17(x8)
80002874:	00d00793          	addi	x15,x0,13
80002878:	06f71063          	bne	x14,x15,800028d8 <uart_insert_into_rx_buff+0xf0>
8000287c:	800037b7          	lui	x15,0x80003
80002880:	6187a703          	lw	x14,1560(x15) # 80003618 <_stack_top+0xf8003618>
80002884:	800037b7          	lui	x15,0x80003
80002888:	61c7a783          	lw	x15,1564(x15) # 8000361c <_stack_top+0xf800361c>
8000288c:	00f70733          	add	x14,x14,x15
80002890:	02000793          	addi	x15,x0,32
80002894:	04f70263          	beq	x14,x15,800028d8 <uart_insert_into_rx_buff+0xf0>
80002898:	800037b7          	lui	x15,0x80003
8000289c:	6187a783          	lw	x15,1560(x15) # 80003618 <_stack_top+0xf8003618>
800028a0:	80003737          	lui	x14,0x80003
800028a4:	5d470713          	addi	x14,x14,1492 # 800035d4 <_stack_top+0xf80035d4>
800028a8:	00f707b3          	add	x15,x14,x15
800028ac:	00a00713          	addi	x14,x0,10
800028b0:	00e78023          	sb	x14,0(x15)
800028b4:	800037b7          	lui	x15,0x80003
800028b8:	6187a783          	lw	x15,1560(x15) # 80003618 <_stack_top+0xf8003618>
800028bc:	00178793          	addi	x15,x15,1
800028c0:	01f7f713          	andi	x14,x15,31
800028c4:	800037b7          	lui	x15,0x80003
800028c8:	60e7ac23          	sw	x14,1560(x15) # 80003618 <_stack_top+0xf8003618>
800028cc:	00a00513          	addi	x10,x0,10
800028d0:	ed1ff0ef          	jal	x1,800027a0 <uart_printc>
800028d4:	0640006f          	jal	x0,80002938 <uart_insert_into_rx_buff+0x150>
800028d8:	800037b7          	lui	x15,0x80003
800028dc:	6187a703          	lw	x14,1560(x15) # 80003618 <_stack_top+0xf8003618>
800028e0:	800037b7          	lui	x15,0x80003
800028e4:	61c7a783          	lw	x15,1564(x15) # 8000361c <_stack_top+0xf800361c>
800028e8:	00f70733          	add	x14,x14,x15
800028ec:	02000793          	addi	x15,x0,32
800028f0:	04f70463          	beq	x14,x15,80002938 <uart_insert_into_rx_buff+0x150>
800028f4:	800037b7          	lui	x15,0x80003
800028f8:	6187a783          	lw	x15,1560(x15) # 80003618 <_stack_top+0xf8003618>
800028fc:	80003737          	lui	x14,0x80003
80002900:	5d470713          	addi	x14,x14,1492 # 800035d4 <_stack_top+0xf80035d4>
80002904:	00f707b3          	add	x15,x14,x15
80002908:	fef44703          	lbu	x14,-17(x8)
8000290c:	00e78023          	sb	x14,0(x15)
80002910:	800037b7          	lui	x15,0x80003
80002914:	6187a783          	lw	x15,1560(x15) # 80003618 <_stack_top+0xf8003618>
80002918:	00178793          	addi	x15,x15,1
8000291c:	01f7f713          	andi	x14,x15,31
80002920:	800037b7          	lui	x15,0x80003
80002924:	60e7ac23          	sw	x14,1560(x15) # 80003618 <_stack_top+0xf8003618>
80002928:	fef44783          	lbu	x15,-17(x8)
8000292c:	00078513          	addi	x10,x15,0
80002930:	e71ff0ef          	jal	x1,800027a0 <uart_printc>
80002934:	0040006f          	jal	x0,80002938 <uart_insert_into_rx_buff+0x150>
80002938:	00000013          	addi	x0,x0,0
8000293c:	01c12083          	lw	x1,28(x2)
80002940:	01812403          	lw	x8,24(x2)
80002944:	02010113          	addi	x2,x2,32
80002948:	00008067          	jalr	x0,0(x1)

8000294c <uart_extract_chars_from_tx_buff>:
8000294c:	fe010113          	addi	x2,x2,-32
80002950:	00112e23          	sw	x1,28(x2)
80002954:	00812c23          	sw	x8,24(x2)
80002958:	02010413          	addi	x8,x2,32
8000295c:	0440006f          	jal	x0,800029a0 <uart_extract_chars_from_tx_buff+0x54>
80002960:	800037b7          	lui	x15,0x80003
80002964:	6147a783          	lw	x15,1556(x15) # 80003614 <_stack_top+0xf8003614>
80002968:	80003737          	lui	x14,0x80003
8000296c:	5b470713          	addi	x14,x14,1460 # 800035b4 <_stack_top+0xf80035b4>
80002970:	00f707b3          	add	x15,x14,x15
80002974:	0007c783          	lbu	x15,0(x15)
80002978:	fef407a3          	sb	x15,-17(x8)
8000297c:	800037b7          	lui	x15,0x80003
80002980:	6147a783          	lw	x15,1556(x15) # 80003614 <_stack_top+0xf8003614>
80002984:	00178793          	addi	x15,x15,1
80002988:	01f7f713          	andi	x14,x15,31
8000298c:	800037b7          	lui	x15,0x80003
80002990:	60e7aa23          	sw	x14,1556(x15) # 80003614 <_stack_top+0xf8003614>
80002994:	fef44783          	lbu	x15,-17(x8)
80002998:	00078513          	addi	x10,x15,0
8000299c:	e05ff0ef          	jal	x1,800027a0 <uart_printc>
800029a0:	800037b7          	lui	x15,0x80003
800029a4:	6107a703          	lw	x14,1552(x15) # 80003610 <_stack_top+0xf8003610>
800029a8:	800037b7          	lui	x15,0x80003
800029ac:	6147a783          	lw	x15,1556(x15) # 80003614 <_stack_top+0xf8003614>
800029b0:	faf718e3          	bne	x14,x15,80002960 <uart_extract_chars_from_tx_buff+0x14>
800029b4:	00000013          	addi	x0,x0,0
800029b8:	00000013          	addi	x0,x0,0
800029bc:	01c12083          	lw	x1,28(x2)
800029c0:	01812403          	lw	x8,24(x2)
800029c4:	02010113          	addi	x2,x2,32
800029c8:	00008067          	jalr	x0,0(x1)

800029cc <uart_getc>:
800029cc:	fe010113          	addi	x2,x2,-32
800029d0:	00112e23          	sw	x1,28(x2)
800029d4:	00812c23          	sw	x8,24(x2)
800029d8:	02010413          	addi	x8,x2,32
800029dc:	100007b7          	lui	x15,0x10000
800029e0:	00578793          	addi	x15,x15,5 # 10000005 <_start-0x6ffffffb>
800029e4:	fef42623          	sw	x15,-20(x8)
800029e8:	100007b7          	lui	x15,0x10000
800029ec:	00578793          	addi	x15,x15,5 # 10000005 <_start-0x6ffffffb>
800029f0:	0007c783          	lbu	x15,0(x15)
800029f4:	0ff7f793          	andi	x15,x15,255
800029f8:	0017f793          	andi	x15,x15,1
800029fc:	02078063          	beq	x15,x0,80002a1c <uart_getc+0x50>
80002a00:	100007b7          	lui	x15,0x10000
80002a04:	0007c783          	lbu	x15,0(x15) # 10000000 <_start-0x70000000>
80002a08:	fef405a3          	sb	x15,-21(x8)
80002a0c:	feb44783          	lbu	x15,-21(x8)
80002a10:	00078513          	addi	x10,x15,0
80002a14:	dd5ff0ef          	jal	x1,800027e8 <uart_insert_into_rx_buff>
80002a18:	fc5ff06f          	jal	x0,800029dc <uart_getc+0x10>
80002a1c:	00000013          	addi	x0,x0,0
80002a20:	00000013          	addi	x0,x0,0
80002a24:	00078513          	addi	x10,x15,0
80002a28:	01c12083          	lw	x1,28(x2)
80002a2c:	01812403          	lw	x8,24(x2)
80002a30:	02010113          	addi	x2,x2,32
80002a34:	00008067          	jalr	x0,0(x1)

80002a38 <handle_rx_intr>:
80002a38:	ff010113          	addi	x2,x2,-16
80002a3c:	00112623          	sw	x1,12(x2)
80002a40:	00812423          	sw	x8,8(x2)
80002a44:	01010413          	addi	x8,x2,16
80002a48:	f85ff0ef          	jal	x1,800029cc <uart_getc>
80002a4c:	800037b7          	lui	x15,0x80003
80002a50:	5d478513          	addi	x10,x15,1492 # 800035d4 <_stack_top+0xf80035d4>
80002a54:	a44ff0ef          	jal	x1,80001c98 <kwakeup>
80002a58:	00000013          	addi	x0,x0,0
80002a5c:	00c12083          	lw	x1,12(x2)
80002a60:	00812403          	lw	x8,8(x2)
80002a64:	01010113          	addi	x2,x2,16
80002a68:	00008067          	jalr	x0,0(x1)

80002a6c <handle_tx_intr>:
80002a6c:	ff010113          	addi	x2,x2,-16
80002a70:	00812623          	sw	x8,12(x2)
80002a74:	01010413          	addi	x8,x2,16
80002a78:	00000013          	addi	x0,x0,0
80002a7c:	00c12403          	lw	x8,12(x2)
80002a80:	01010113          	addi	x2,x2,16
80002a84:	00008067          	jalr	x0,0(x1)

80002a88 <uartintr>:
80002a88:	ff010113          	addi	x2,x2,-16
80002a8c:	00112623          	sw	x1,12(x2)
80002a90:	00812423          	sw	x8,8(x2)
80002a94:	01010413          	addi	x8,x2,16
80002a98:	fa1ff0ef          	jal	x1,80002a38 <handle_rx_intr>
80002a9c:	fd1ff0ef          	jal	x1,80002a6c <handle_tx_intr>
80002aa0:	00000013          	addi	x0,x0,0
80002aa4:	00c12083          	lw	x1,12(x2)
80002aa8:	00812403          	lw	x8,8(x2)
80002aac:	01010113          	addi	x2,x2,16
80002ab0:	00008067          	jalr	x0,0(x1)

80002ab4 <get_proc_elf_header>:
80002ab4:	fe010113          	addi	x2,x2,-32
80002ab8:	00812e23          	sw	x8,28(x2)
80002abc:	02010413          	addi	x8,x2,32
80002ac0:	fea42623          	sw	x10,-20(x8)
80002ac4:	800057b7          	lui	x15,0x80005
80002ac8:	00078513          	addi	x10,x15,0 # 80005000 <_stack_top+0xf8005000>
80002acc:	01c12403          	lw	x8,28(x2)
80002ad0:	02010113          	addi	x2,x2,32
80002ad4:	00008067          	jalr	x0,0(x1)

80002ad8 <plicinit>:
80002ad8:	fe010113          	addi	x2,x2,-32
80002adc:	00812e23          	sw	x8,28(x2)
80002ae0:	02010413          	addi	x8,x2,32
80002ae4:	fe042623          	sw	x0,-20(x8)
80002ae8:	0c0007b7          	lui	x15,0xc000
80002aec:	02878793          	addi	x15,x15,40 # c000028 <_start-0x73ffffd8>
80002af0:	00100713          	addi	x14,x0,1
80002af4:	00e7a023          	sw	x14,0(x15)
80002af8:	fec42783          	lw	x15,-20(x8)
80002afc:	00879713          	slli	x14,x15,0x8
80002b00:	0c0027b7          	lui	x15,0xc002
80002b04:	08078793          	addi	x15,x15,128 # c002080 <_start-0x73ffdf80>
80002b08:	00f707b3          	add	x15,x14,x15
80002b0c:	00078713          	addi	x14,x15,0
80002b10:	40000793          	addi	x15,x0,1024
80002b14:	00f72023          	sw	x15,0(x14)
80002b18:	fec42783          	lw	x15,-20(x8)
80002b1c:	00d79713          	slli	x14,x15,0xd
80002b20:	0c2017b7          	lui	x15,0xc201
80002b24:	00f707b3          	add	x15,x14,x15
80002b28:	0007a023          	sw	x0,0(x15) # c201000 <_start-0x73dff000>
80002b2c:	00000013          	addi	x0,x0,0
80002b30:	01c12403          	lw	x8,28(x2)
80002b34:	02010113          	addi	x2,x2,32
80002b38:	00008067          	jalr	x0,0(x1)

80002b3c <plic_claim>:
80002b3c:	fe010113          	addi	x2,x2,-32
80002b40:	00812e23          	sw	x8,28(x2)
80002b44:	02010413          	addi	x8,x2,32
80002b48:	fe042623          	sw	x0,-20(x8)
80002b4c:	fec42783          	lw	x15,-20(x8)
80002b50:	00d79713          	slli	x14,x15,0xd
80002b54:	0c2017b7          	lui	x15,0xc201
80002b58:	00478793          	addi	x15,x15,4 # c201004 <_start-0x73dfeffc>
80002b5c:	00f707b3          	add	x15,x14,x15
80002b60:	0007a783          	lw	x15,0(x15)
80002b64:	fef42423          	sw	x15,-24(x8)
80002b68:	fe842783          	lw	x15,-24(x8)
80002b6c:	00078513          	addi	x10,x15,0
80002b70:	01c12403          	lw	x8,28(x2)
80002b74:	02010113          	addi	x2,x2,32
80002b78:	00008067          	jalr	x0,0(x1)

80002b7c <plic_complete>:
80002b7c:	fd010113          	addi	x2,x2,-48
80002b80:	02812623          	sw	x8,44(x2)
80002b84:	03010413          	addi	x8,x2,48
80002b88:	fca42e23          	sw	x10,-36(x8)
80002b8c:	fe042623          	sw	x0,-20(x8)
80002b90:	fec42783          	lw	x15,-20(x8)
80002b94:	00d79713          	slli	x14,x15,0xd
80002b98:	0c2017b7          	lui	x15,0xc201
80002b9c:	00478793          	addi	x15,x15,4 # c201004 <_start-0x73dfeffc>
80002ba0:	00f707b3          	add	x15,x14,x15
80002ba4:	00078713          	addi	x14,x15,0
80002ba8:	fdc42783          	lw	x15,-36(x8)
80002bac:	00f72023          	sw	x15,0(x14)
80002bb0:	00000013          	addi	x0,x0,0
80002bb4:	02c12403          	lw	x8,44(x2)
80002bb8:	03010113          	addi	x2,x2,48
80002bbc:	00008067          	jalr	x0,0(x1)

80002bc0 <__mulsi3>:
80002bc0:	00050613          	addi	x12,x10,0
80002bc4:	00000513          	addi	x10,x0,0
80002bc8:	0015f693          	andi	x13,x11,1
80002bcc:	00068463          	beq	x13,x0,80002bd4 <__mulsi3+0x14>
80002bd0:	00c50533          	add	x10,x10,x12
80002bd4:	0015d593          	srli	x11,x11,0x1
80002bd8:	00161613          	slli	x12,x12,0x1
80002bdc:	fe0596e3          	bne	x11,x0,80002bc8 <__mulsi3+0x8>
80002be0:	00008067          	jalr	x0,0(x1)

80002be4 <__divsi3>:
80002be4:	06054063          	blt	x10,x0,80002c44 <__umodsi3+0x10>
80002be8:	0605c663          	blt	x11,x0,80002c54 <__umodsi3+0x20>

80002bec <__udivsi3>:
80002bec:	00058613          	addi	x12,x11,0 # c000000 <_start-0x74000000>
80002bf0:	00050593          	addi	x11,x10,0
80002bf4:	fff00513          	addi	x10,x0,-1
80002bf8:	02060c63          	beq	x12,x0,80002c30 <__udivsi3+0x44>
80002bfc:	00100693          	addi	x13,x0,1
80002c00:	00b67a63          	bgeu	x12,x11,80002c14 <__udivsi3+0x28>
80002c04:	00c05863          	bge	x0,x12,80002c14 <__udivsi3+0x28>
80002c08:	00161613          	slli	x12,x12,0x1
80002c0c:	00169693          	slli	x13,x13,0x1
80002c10:	feb66ae3          	bltu	x12,x11,80002c04 <__udivsi3+0x18>
80002c14:	00000513          	addi	x10,x0,0
80002c18:	00c5e663          	bltu	x11,x12,80002c24 <__udivsi3+0x38>
80002c1c:	40c585b3          	sub	x11,x11,x12
80002c20:	00d56533          	or	x10,x10,x13
80002c24:	0016d693          	srli	x13,x13,0x1
80002c28:	00165613          	srli	x12,x12,0x1
80002c2c:	fe0696e3          	bne	x13,x0,80002c18 <__udivsi3+0x2c>
80002c30:	00008067          	jalr	x0,0(x1)

80002c34 <__umodsi3>:
80002c34:	00008293          	addi	x5,x1,0
80002c38:	fb5ff0ef          	jal	x1,80002bec <__udivsi3>
80002c3c:	00058513          	addi	x10,x11,0
80002c40:	00028067          	jalr	x0,0(x5)
80002c44:	40a00533          	sub	x10,x0,x10
80002c48:	00b04863          	blt	x0,x11,80002c58 <__umodsi3+0x24>
80002c4c:	40b005b3          	sub	x11,x0,x11
80002c50:	f9dff06f          	jal	x0,80002bec <__udivsi3>
80002c54:	40b005b3          	sub	x11,x0,x11
80002c58:	00008293          	addi	x5,x1,0
80002c5c:	f91ff0ef          	jal	x1,80002bec <__udivsi3>
80002c60:	40a00533          	sub	x10,x0,x10
80002c64:	00028067          	jalr	x0,0(x5)

80002c68 <__modsi3>:
80002c68:	00008293          	addi	x5,x1,0
80002c6c:	0005ca63          	blt	x11,x0,80002c80 <__modsi3+0x18>
80002c70:	00054c63          	blt	x10,x0,80002c88 <__modsi3+0x20>
80002c74:	f79ff0ef          	jal	x1,80002bec <__udivsi3>
80002c78:	00058513          	addi	x10,x11,0
80002c7c:	00028067          	jalr	x0,0(x5)
80002c80:	40b005b3          	sub	x11,x0,x11
80002c84:	fe0558e3          	bge	x10,x0,80002c74 <__modsi3+0xc>
80002c88:	40a00533          	sub	x10,x0,x10
80002c8c:	f61ff0ef          	jal	x1,80002bec <__udivsi3>
80002c90:	40b00533          	sub	x10,x0,x11
80002c94:	00028067          	jalr	x0,0(x5)

Disassembly of section .rodata:

80002c98 <.rodata>:
	...
80002ca0:	0056                	c.slli	x0,0x15
80002ca2:	0000                	c.unimp
80002ca4:	5752                	c.lwsp	x14,52(x2)
80002ca6:	5558                	c.lw	x14,44(x10)
80002ca8:	0056                	c.slli	x0,0x15
80002caa:	0000                	c.unimp
80002cac:	5855                	c.li	x16,-11
80002cae:	0056                	c.slli	x0,0x15
80002cb0:	5752                	c.lwsp	x14,52(x2)
80002cb2:	5658                	c.lw	x14,44(x12)
80002cb4:	0000                	c.unimp
80002cb6:	0000                	c.unimp
80002cb8:	5752                	c.lwsp	x14,52(x2)
80002cba:	5655                	c.li	x12,-11
80002cbc:	0000                	c.unimp
80002cbe:	0000                	c.unimp
80002cc0:	5752                	c.lwsp	x14,52(x2)
80002cc2:	0056                	c.slli	x0,0x15
80002cc4:	5255                	c.li	x4,-11
80002cc6:	57520057          	0x57520057
80002cca:	5558                	c.lw	x14,44(x10)
80002ccc:	0056                	c.slli	x0,0x15
80002cce:	0000                	c.unimp
80002cd0:	6e69                	c.lui	x28,0x1a
80002cd2:	7469                	c.lui	x8,0xffffa
80002cd4:	0000                	c.unimp
80002cd6:	0000                	c.unimp
80002cd8:	6e69                	c.lui	x28,0x1a
80002cda:	7469                	c.lui	x8,0xffffa
80002cdc:	0000                	c.unimp
80002cde:	0000                	c.unimp
80002ce0:	2330                	c.fld	f12,64(x14)
80002ce2:	8000                	0x8000
80002ce4:	2250                	c.fld	f12,128(x12)
80002ce6:	8000                	0x8000
80002ce8:	2268                	c.fld	f10,192(x12)
80002cea:	8000                	0x8000
80002cec:	2288                	c.fld	f10,0(x13)
80002cee:	8000                	0x8000
80002cf0:	22c8                	c.fld	f10,128(x13)
80002cf2:	8000                	0x8000
80002cf4:	22d4                	c.fld	f13,128(x13)
80002cf6:	8000                	0x8000

Disassembly of section .data:

80002cf8 <pid_counter.0-0x308>:
	...

80003000 <pid_counter.0>:
80003000:	ffff                	0xffff
80003002:	ffff                	0xffff

80003004 <userret>:
80003004:	00b0                	c.addi4spn	x12,x2,72
	...

80003008 <is_first.0>:
80003008:	0001                	c.addi	x0,0
	...

Disassembly of section .bss:

8000300c <processes-0xf4>:
	...

80003100 <processes>:
	...

80003560 <cpu>:
	...

800035a0 <timer_scratch>:
	...

800035b4 <uart_tx_buff>:
	...

800035d4 <uart_rx_buff>:
	...

800035f4 <umem>:
800035f4:	0000                	c.unimp
	...

800035f8 <initproc>:
800035f8:	0000                	c.unimp
	...

800035fc <ticks>:
800035fc:	0000                	c.unimp
	...

80003600 <trampoline>:
80003600:	0000                	c.unimp
	...

80003604 <uservec>:
80003604:	0000                	c.unimp
	...

80003608 <kernel_pagetable>:
80003608:	0000                	c.unimp
	...

8000360c <kernel_satp>:
8000360c:	0000                	c.unimp
	...

80003610 <uart_tx_wr>:
80003610:	0000                	c.unimp
	...

80003614 <uart_tx_r>:
80003614:	0000                	c.unimp
	...

80003618 <uart_rx_wr>:
80003618:	0000                	c.unimp
	...

8000361c <uart_rx_r>:
8000361c:	0000                	c.unimp
	...

Disassembly of section .riscv.attributes:

00000000 <.riscv.attributes>:
   0:	1f41                	c.addi	x30,-16
   2:	0000                	c.unimp
   4:	7200                	c.flw	f8,32(x12)
   6:	7369                	c.lui	x6,0xffffa
   8:	01007663          	bgeu	x0,x16,14 <_start-0x7fffffec>
   c:	0015                	c.addi	x0,5
   e:	0000                	c.unimp
  10:	1004                	c.addi4spn	x9,x2,32
  12:	7205                	c.lui	x4,0xfffe1
  14:	3376                	c.fldsp	f6,376(x2)
  16:	6932                	c.flwsp	f18,12(x2)
  18:	7032                	c.flwsp	f0,44(x2)
  1a:	0030                	c.addi4spn	x12,x2,8
  1c:	0108                	c.addi4spn	x10,x2,128
  1e:	0b0a                	c.slli	x22,0x2

Disassembly of section .comment:

00000000 <.comment>:
   0:	3a434347          	fmsub.d	f6,f6,f4,f7,rmm
   4:	2820                	c.fld	f8,80(x8)
   6:	29554e47          	fmsub.s	f28,f10,f21,f5,rmm
   a:	3120                	c.fld	f8,96(x10)
   c:	2e31                	c.jal	328 <_start-0x7ffffcd8>
   e:	2e31                	c.jal	32a <_start-0x7ffffcd6>
  10:	0030                	c.addi4spn	x12,x2,8

Disassembly of section .debug_line:

00000000 <.debug_line>:
       0:	004c                	c.addi4spn	x11,x2,4
       2:	0000                	c.unimp
       4:	0005                	c.addi	x0,1
       6:	0004                	0x4
       8:	002a                	c.slli	x0,0xa
       a:	0000                	c.unimp
       c:	0101                	c.addi	x2,0
       e:	fb01                	c.bnez	x14,ffffff1e <_stack_top+0x77ffff1e>
      10:	0d0e                	c.slli	x26,0x3
      12:	0100                	c.addi4spn	x8,x2,128
      14:	0101                	c.addi	x2,0
      16:	0001                	c.addi	x0,0
      18:	0000                	c.unimp
      1a:	0001                	c.addi	x0,0
      1c:	0100                	c.addi4spn	x8,x2,128
      1e:	0101                	c.addi	x2,0
      20:	011f 0000 0000      	0x11f
      26:	0102                	c.slli64	x2
      28:	021f 020f 0023      	0x23020f021f
      2e:	0000                	c.unimp
      30:	2300                	c.fld	f8,0(x14)
      32:	0000                	c.unimp
      34:	0000                	c.unimp
      36:	0500                	c.addi4spn	x8,x2,640
      38:	0002                	c.slli64	x0
      3a:	0000                	c.unimp
      3c:	1580                	c.addi4spn	x8,x2,736
      3e:	04090303          	lb	x6,64(x18)
      42:	0100                	c.addi4spn	x8,x2,128
      44:	04090403          	lb	x8,64(x18)
      48:	0100                	c.addi4spn	x8,x2,128
      4a:	0409                	c.addi	x8,2
      4c:	0000                	c.unimp
      4e:	0101                	c.addi	x2,0
      50:	00ea                	c.slli	x1,0x1a
      52:	0000                	c.unimp
      54:	0005                	c.addi	x0,1
      56:	0004                	0x4
      58:	002a                	c.slli	x0,0xa
      5a:	0000                	c.unimp
      5c:	0101                	c.addi	x2,0
      5e:	fb01                	c.bnez	x14,ffffff6e <_stack_top+0x77ffff6e>
      60:	0d0e                	c.slli	x26,0x3
      62:	0100                	c.addi4spn	x8,x2,128
      64:	0101                	c.addi	x2,0
      66:	0001                	c.addi	x0,0
      68:	0000                	c.unimp
      6a:	0001                	c.addi	x0,0
      6c:	0100                	c.addi4spn	x8,x2,128
      6e:	0101                	c.addi	x2,0
      70:	011f 0000 0000      	0x11f
      76:	0102                	c.slli64	x2
      78:	021f 020f 002b      	0x2b020f021f
      7e:	0000                	c.unimp
      80:	2b00                	c.fld	f8,16(x14)
      82:	0000                	c.unimp
      84:	0000                	c.unimp
      86:	0500                	c.addi4spn	x8,x2,640
      88:	0c02                	c.slli64	x24
      8a:	0000                	c.unimp
      8c:	0380                	c.addi4spn	x8,x2,448
      8e:	0109                	c.addi	x2,2
      90:	04090103          	lb	x2,64(x18)
      94:	0100                	c.addi4spn	x8,x2,128
      96:	04090103          	lb	x2,64(x18)
      9a:	0100                	c.addi4spn	x8,x2,128
      9c:	04090103          	lb	x2,64(x18)
      a0:	0100                	c.addi4spn	x8,x2,128
      a2:	04090103          	lb	x2,64(x18)
      a6:	0100                	c.addi4spn	x8,x2,128
      a8:	04090103          	lb	x2,64(x18)
      ac:	0100                	c.addi4spn	x8,x2,128
      ae:	04090103          	lb	x2,64(x18)
      b2:	0100                	c.addi4spn	x8,x2,128
      b4:	04090103          	lb	x2,64(x18)
      b8:	0100                	c.addi4spn	x8,x2,128
      ba:	04090103          	lb	x2,64(x18)
      be:	0100                	c.addi4spn	x8,x2,128
      c0:	04090103          	lb	x2,64(x18)
      c4:	0100                	c.addi4spn	x8,x2,128
      c6:	04090103          	lb	x2,64(x18)
      ca:	0100                	c.addi4spn	x8,x2,128
      cc:	04090103          	lb	x2,64(x18)
      d0:	0100                	c.addi4spn	x8,x2,128
      d2:	04090103          	lb	x2,64(x18)
      d6:	0100                	c.addi4spn	x8,x2,128
      d8:	04090103          	lb	x2,64(x18)
      dc:	0100                	c.addi4spn	x8,x2,128
      de:	04090203          	lb	x4,64(x18)
      e2:	0100                	c.addi4spn	x8,x2,128
      e4:	04090103          	lb	x2,64(x18)
      e8:	0100                	c.addi4spn	x8,x2,128
      ea:	04090103          	lb	x2,64(x18)
      ee:	0100                	c.addi4spn	x8,x2,128
      f0:	04090103          	lb	x2,64(x18)
      f4:	0100                	c.addi4spn	x8,x2,128
      f6:	04090103          	lb	x2,64(x18)
      fa:	0100                	c.addi4spn	x8,x2,128
      fc:	04090103          	lb	x2,64(x18)
     100:	0100                	c.addi4spn	x8,x2,128
     102:	04090103          	lb	x2,64(x18)
     106:	0100                	c.addi4spn	x8,x2,128
     108:	04090103          	lb	x2,64(x18)
     10c:	0100                	c.addi4spn	x8,x2,128
     10e:	04090103          	lb	x2,64(x18)
     112:	0100                	c.addi4spn	x8,x2,128
     114:	04090103          	lb	x2,64(x18)
     118:	0100                	c.addi4spn	x8,x2,128
     11a:	04090103          	lb	x2,64(x18)
     11e:	0100                	c.addi4spn	x8,x2,128
     120:	04090103          	lb	x2,64(x18)
     124:	0100                	c.addi4spn	x8,x2,128
     126:	04090103          	lb	x2,64(x18)
     12a:	0100                	c.addi4spn	x8,x2,128
     12c:	04090103          	lb	x2,64(x18)
     130:	0100                	c.addi4spn	x8,x2,128
     132:	04090203          	lb	x4,64(x18)
     136:	0100                	c.addi4spn	x8,x2,128
     138:	0409                	c.addi	x8,2
     13a:	0000                	c.unimp
     13c:	0101                	c.addi	x2,0
     13e:	00a0                	c.addi4spn	x8,x2,72
     140:	0000                	c.unimp
     142:	0005                	c.addi	x0,1
     144:	0004                	0x4
     146:	002a                	c.slli	x0,0xa
     148:	0000                	c.unimp
     14a:	0101                	c.addi	x2,0
     14c:	fb01                	c.bnez	x14,5c <_start-0x7fffffa4>
     14e:	0d0e                	c.slli	x26,0x3
     150:	0100                	c.addi4spn	x8,x2,128
     152:	0101                	c.addi	x2,0
     154:	0001                	c.addi	x0,0
     156:	0000                	c.unimp
     158:	0001                	c.addi	x0,0
     15a:	0100                	c.addi4spn	x8,x2,128
     15c:	0101                	c.addi	x2,0
     15e:	011f 0000 0000      	0x11f
     164:	0102                	c.slli64	x2
     166:	021f 020f 0033      	0x33020f021f
     16c:	0000                	c.unimp
     16e:	3300                	c.fld	f8,32(x14)
     170:	0000                	c.unimp
     172:	0000                	c.unimp
     174:	0500                	c.addi4spn	x8,x2,640
     176:	8002                	0x8002
     178:	0000                	c.unimp
     17a:	1480                	c.addi4spn	x8,x2,608
     17c:	08090203          	lb	x4,128(x18)
     180:	0100                	c.addi4spn	x8,x2,128
     182:	04090103          	lb	x2,64(x18)
     186:	0100                	c.addi4spn	x8,x2,128
     188:	04090103          	lb	x2,64(x18)
     18c:	0100                	c.addi4spn	x8,x2,128
     18e:	04090403          	lb	x8,64(x18)
     192:	0100                	c.addi4spn	x8,x2,128
     194:	08090103          	lb	x2,128(x18)
     198:	0100                	c.addi4spn	x8,x2,128
     19a:	04090103          	lb	x2,64(x18)
     19e:	0100                	c.addi4spn	x8,x2,128
     1a0:	04090303          	lb	x6,64(x18)
     1a4:	0100                	c.addi4spn	x8,x2,128
     1a6:	04090103          	lb	x2,64(x18)
     1aa:	0100                	c.addi4spn	x8,x2,128
     1ac:	04090103          	lb	x2,64(x18)
     1b0:	0100                	c.addi4spn	x8,x2,128
     1b2:	04090303          	lb	x6,64(x18)
     1b6:	0100                	c.addi4spn	x8,x2,128
     1b8:	04090103          	lb	x2,64(x18)
     1bc:	0100                	c.addi4spn	x8,x2,128
     1be:	04090303          	lb	x6,64(x18)
     1c2:	0100                	c.addi4spn	x8,x2,128
     1c4:	08090103          	lb	x2,128(x18)
     1c8:	0100                	c.addi4spn	x8,x2,128
     1ca:	04090103          	lb	x2,64(x18)
     1ce:	0100                	c.addi4spn	x8,x2,128
     1d0:	04090103          	lb	x2,64(x18)
     1d4:	0100                	c.addi4spn	x8,x2,128
     1d6:	04090203          	lb	x4,64(x18)
     1da:	0100                	c.addi4spn	x8,x2,128
     1dc:	0409                	c.addi	x8,2
     1de:	0000                	c.unimp
     1e0:	0101                	c.addi	x2,0
     1e2:	0099                	c.addi	x1,6
     1e4:	0000                	c.unimp
     1e6:	0005                	c.addi	x0,1
     1e8:	0004                	0x4
     1ea:	00000043          	fmadd.s	f0,f0,f0,f0,rne
     1ee:	0101                	c.addi	x2,0
     1f0:	fb01                	c.bnez	x14,100 <_start-0x7fffff00>
     1f2:	0d0e                	c.slli	x26,0x3
     1f4:	0100                	c.addi4spn	x8,x2,128
     1f6:	0101                	c.addi	x2,0
     1f8:	0001                	c.addi	x0,0
     1fa:	0000                	c.unimp
     1fc:	0001                	c.addi	x0,0
     1fe:	0100                	c.addi4spn	x8,x2,128
     200:	0101                	c.addi	x2,0
     202:	011f 0000 0000      	0x11f
     208:	0102                	c.slli64	x2
     20a:	021f 070f 003e      	0x3e070f021f
     210:	0000                	c.unimp
     212:	3e00                	c.fld	f8,56(x12)
     214:	0000                	c.unimp
     216:	0000                	c.unimp
     218:	0045                	c.addi	x0,17
     21a:	0000                	c.unimp
     21c:	4c00                	c.lw	x8,24(x8)
     21e:	0000                	c.unimp
     220:	0000                	c.unimp
     222:	00000053          	fadd.s	f0,f0,f0,rne
     226:	5a00                	c.lw	x8,48(x12)
     228:	0000                	c.unimp
     22a:	0000                	c.unimp
     22c:	0066                	c.slli	x0,0x19
     22e:	0000                	c.unimp
     230:	0500                	c.addi4spn	x8,x2,640
     232:	0001                	c.addi	x0,0
     234:	0205                	c.addi	x4,1
     236:	00d0                	c.addi4spn	x12,x2,68
     238:	8000                	0x8000
     23a:	05010903          	lb	x18,80(x2)
     23e:	0305                	c.addi	x6,1
     240:	0901                	c.addi	x18,0
     242:	0010                	0x10
     244:	0301                	c.addi	x6,0
     246:	0901                	c.addi	x18,0
     248:	0004                	0x4
     24a:	0301                	c.addi	x6,0
     24c:	0901                	c.addi	x18,0
     24e:	0004                	0x4
     250:	0301                	c.addi	x6,0
     252:	0901                	c.addi	x18,0
     254:	0004                	0x4
     256:	0301                	c.addi	x6,0
     258:	0901                	c.addi	x18,0
     25a:	0004                	0x4
     25c:	0301                	c.addi	x6,0
     25e:	0901                	c.addi	x18,0
     260:	0004                	0x4
     262:	0301                	c.addi	x6,0
     264:	0901                	c.addi	x18,0
     266:	0004                	0x4
     268:	0501                	c.addi	x10,0
     26a:	030c                	c.addi4spn	x11,x2,384
     26c:	0901                	c.addi	x18,0
     26e:	0004                	0x4
     270:	0501                	c.addi	x10,0
     272:	0301                	c.addi	x6,0
     274:	0901                	c.addi	x18,0
     276:	0004                	0x4
     278:	0901                	c.addi	x18,0
     27a:	0014                	0x14
     27c:	0100                	c.addi4spn	x8,x2,128
     27e:	e701                	c.bnez	x14,286 <_start-0x7ffffd7a>
     280:	05000007          	0x5000007
     284:	0400                	c.addi4spn	x8,x2,512
     286:	3900                	c.fld	f8,48(x10)
     288:	0000                	c.unimp
     28a:	0100                	c.addi4spn	x8,x2,128
     28c:	0101                	c.addi	x2,0
     28e:	000d0efb          	0xd0efb
     292:	0101                	c.addi	x2,0
     294:	0101                	c.addi	x2,0
     296:	0000                	c.unimp
     298:	0100                	c.addi4spn	x8,x2,128
     29a:	0000                	c.unimp
     29c:	0101                	c.addi	x2,0
     29e:	1f01                	c.addi	x30,-32
     2a0:	0001                	c.addi	x0,0
     2a2:	0000                	c.unimp
     2a4:	0200                	c.addi4spn	x8,x2,256
     2a6:	1f01                	c.addi	x30,-32
     2a8:	0f02                	c.slli64	x30
     2aa:	6f05                	c.lui	x30,0x1
     2ac:	0000                	c.unimp
     2ae:	0000                	c.unimp
     2b0:	0000006f          	jal	x0,2b0 <_start-0x7ffffd50>
     2b4:	4500                	c.lw	x8,8(x10)
     2b6:	0000                	c.unimp
     2b8:	0000                	c.unimp
     2ba:	0078                	c.addi4spn	x14,x2,12
     2bc:	0000                	c.unimp
     2be:	6600                	c.flw	f8,8(x12)
     2c0:	0000                	c.unimp
     2c2:	0000                	c.unimp
     2c4:	0105                	c.addi	x2,1
     2c6:	0500                	c.addi4spn	x8,x2,640
     2c8:	1402                	c.slli	x8,0x20
     2ca:	0001                	c.addi	x0,0
     2cc:	0380                	c.addi4spn	x8,x2,448
     2ce:	0905010b          	0x905010b
     2d2:	10090203          	lb	x4,256(x18)
     2d6:	0100                	c.addi4spn	x8,x2,128
     2d8:	0d05                	c.addi	x26,1
     2da:	04090103          	lb	x2,64(x18)
     2de:	0100                	c.addi4spn	x8,x2,128
     2e0:	0505                	c.addi	x10,1
     2e2:	04090003          	lb	x0,64(x18)
     2e6:	0100                	c.addi4spn	x8,x2,128
     2e8:	1105                	c.addi	x2,-31
     2ea:	04090203          	lb	x4,64(x18)
     2ee:	0100                	c.addi4spn	x8,x2,128
     2f0:	0c05                	c.addi	x24,1
     2f2:	10090003          	lb	x0,256(x18)
     2f6:	0100                	c.addi4spn	x8,x2,128
     2f8:	1705                	c.addi	x14,-31
     2fa:	08090203          	lb	x4,128(x18)
     2fe:	0100                	c.addi4spn	x8,x2,128
     300:	1605                	c.addi	x12,-31
     302:	10090203          	lb	x4,256(x18)
     306:	0100                	c.addi4spn	x8,x2,128
     308:	1105                	c.addi	x2,-31
     30a:	10090003          	lb	x0,256(x18)
     30e:	0100                	c.addi4spn	x8,x2,128
     310:	1705                	c.addi	x14,-31
     312:	08090203          	lb	x4,128(x18)
     316:	0100                	c.addi4spn	x8,x2,128
     318:	1605                	c.addi	x12,-31
     31a:	10090203          	lb	x4,256(x18)
     31e:	0100                	c.addi4spn	x8,x2,128
     320:	1105                	c.addi	x2,-31
     322:	10090003          	lb	x0,256(x18)
     326:	0100                	c.addi4spn	x8,x2,128
     328:	1705                	c.addi	x14,-31
     32a:	08090203          	lb	x4,128(x18)
     32e:	0100                	c.addi4spn	x8,x2,128
     330:	1605                	c.addi	x12,-31
     332:	10090203          	lb	x4,256(x18)
     336:	0100                	c.addi4spn	x8,x2,128
     338:	1105                	c.addi	x2,-31
     33a:	10090003          	lb	x0,256(x18)
     33e:	0100                	c.addi4spn	x8,x2,128
     340:	1705                	c.addi	x14,-31
     342:	08090203          	lb	x4,128(x18)
     346:	0100                	c.addi4spn	x8,x2,128
     348:	1605                	c.addi	x12,-31
     34a:	10090203          	lb	x4,256(x18)
     34e:	0100                	c.addi4spn	x8,x2,128
     350:	1105                	c.addi	x2,-31
     352:	10090003          	lb	x0,256(x18)
     356:	0100                	c.addi4spn	x8,x2,128
     358:	1705                	c.addi	x14,-31
     35a:	08090203          	lb	x4,128(x18)
     35e:	0100                	c.addi4spn	x8,x2,128
     360:	1d05                	c.addi	x26,-31
     362:	0200                	c.addi4spn	x8,x2,256
     364:	0204                	c.addi4spn	x9,x2,256
     366:	0c096c03          	0xc096c03
     36a:	0100                	c.addi4spn	x8,x2,128
     36c:	1705                	c.addi	x14,-31
     36e:	0200                	c.addi4spn	x8,x2,256
     370:	0104                	c.addi4spn	x9,x2,128
     372:	0c090003          	lb	x0,192(x18)
     376:	0100                	c.addi4spn	x8,x2,128
     378:	0d05                	c.addi	x26,1
     37a:	10091803          	lh	x16,256(x18)
     37e:	0100                	c.addi4spn	x8,x2,128
     380:	0c05                	c.addi	x24,1
     382:	04090303          	lb	x6,64(x18)
     386:	0100                	c.addi4spn	x8,x2,128
     388:	0105                	c.addi	x2,1
     38a:	04090103          	lb	x2,64(x18)
     38e:	0100                	c.addi4spn	x8,x2,128
     390:	10090403          	lb	x8,256(x18)
     394:	0100                	c.addi4spn	x8,x2,128
     396:	1005                	c.addi	x0,-31
     398:	10090103          	lb	x2,256(x18)
     39c:	0100                	c.addi4spn	x8,x2,128
     39e:	0105                	c.addi	x2,1
     3a0:	08090103          	lb	x2,128(x18)
     3a4:	0100                	c.addi4spn	x8,x2,128
     3a6:	10090303          	lb	x6,256(x18)
     3aa:	0100                	c.addi4spn	x8,x2,128
     3ac:	2405                	c.jal	5cc <_start-0x7ffffa34>
     3ae:	14090203          	lb	x4,320(x18)
     3b2:	0100                	c.addi4spn	x8,x2,128
     3b4:	0705                	c.addi	x14,1
     3b6:	10090003          	lb	x0,256(x18)
     3ba:	0100                	c.addi4spn	x8,x2,128
     3bc:	2c05                	c.jal	5ec <_start-0x7ffffa14>
     3be:	0200                	c.addi4spn	x8,x2,256
     3c0:	0104                	c.addi4spn	x9,x2,128
     3c2:	04090003          	lb	x0,64(x18)
     3c6:	0100                	c.addi4spn	x8,x2,128
     3c8:	2905                	c.jal	7f8 <_start-0x7ffff808>
     3ca:	0200                	c.addi4spn	x8,x2,256
     3cc:	0104                	c.addi4spn	x9,x2,128
     3ce:	04090003          	lb	x0,64(x18)
     3d2:	0100                	c.addi4spn	x8,x2,128
     3d4:	4b05                	c.li	x22,1
     3d6:	0200                	c.addi4spn	x8,x2,256
     3d8:	0204                	c.addi4spn	x9,x2,256
     3da:	08090003          	lb	x0,128(x18)
     3de:	0100                	c.addi4spn	x8,x2,128
     3e0:	4805                	c.li	x16,1
     3e2:	0200                	c.addi4spn	x8,x2,256
     3e4:	0204                	c.addi4spn	x9,x2,256
     3e6:	04090003          	lb	x0,64(x18)
     3ea:	0100                	c.addi4spn	x8,x2,128
     3ec:	1005                	c.addi	x0,-31
     3ee:	08090303          	lb	x6,128(x18)
     3f2:	0100                	c.addi4spn	x8,x2,128
     3f4:	0505                	c.addi	x10,1
     3f6:	08090403          	lb	x8,128(x18)
     3fa:	0100                	c.addi4spn	x8,x2,128
     3fc:	0b05                	c.addi	x22,1
     3fe:	10090103          	lb	x2,256(x18)
     402:	0100                	c.addi4spn	x8,x2,128
     404:	1405                	c.addi	x8,-31
     406:	0c090103          	lb	x2,192(x18)
     40a:	0100                	c.addi4spn	x8,x2,128
     40c:	1c05                	c.addi	x24,-31
     40e:	0c090203          	lb	x4,192(x18)
     412:	0100                	c.addi4spn	x8,x2,128
     414:	0c05                	c.addi	x24,1
     416:	0c090103          	lb	x2,192(x18)
     41a:	0100                	c.addi4spn	x8,x2,128
     41c:	0105                	c.addi	x2,1
     41e:	04090103          	lb	x2,64(x18)
     422:	0100                	c.addi4spn	x8,x2,128
     424:	14090403          	lb	x8,320(x18)
     428:	0100                	c.addi4spn	x8,x2,128
     42a:	1605                	c.addi	x12,-31
     42c:	10090103          	lb	x2,256(x18)
     430:	0100                	c.addi4spn	x8,x2,128
     432:	0505                	c.addi	x10,1
     434:	08090003          	lb	x0,128(x18)
     438:	0100                	c.addi4spn	x8,x2,128
     43a:	0905                	c.addi	x18,1
     43c:	0200                	c.addi4spn	x8,x2,256
     43e:	0304                	c.addi4spn	x9,x2,384
     440:	04090203          	lb	x4,64(x18)
     444:	0100                	c.addi4spn	x8,x2,128
     446:	3505                	c.jal	266 <_start-0x7ffffd9a>
     448:	0200                	c.addi4spn	x8,x2,256
     44a:	0304                	c.addi4spn	x9,x2,384
     44c:	0c097e03          	0xc097e03
     450:	0100                	c.addi4spn	x8,x2,128
     452:	2805                	c.jal	482 <_start-0x7ffffb7e>
     454:	0200                	c.addi4spn	x8,x2,256
     456:	0104                	c.addi4spn	x9,x2,128
     458:	10090003          	lb	x0,256(x18)
     45c:	0100                	c.addi4spn	x8,x2,128
     45e:	0105                	c.addi	x2,1
     460:	0c090403          	lb	x8,192(x18)
     464:	0100                	c.addi4spn	x8,x2,128
     466:	18090403          	lb	x8,384(x18)
     46a:	0100                	c.addi4spn	x8,x2,128
     46c:	0b05                	c.addi	x22,1
     46e:	10090103          	lb	x2,256(x18)
     472:	0100                	c.addi4spn	x8,x2,128
     474:	1605                	c.addi	x12,-31
     476:	0c090103          	lb	x2,192(x18)
     47a:	0100                	c.addi4spn	x8,x2,128
     47c:	0b05                	c.addi	x22,1
     47e:	08090003          	lb	x0,128(x18)
     482:	0100                	c.addi4spn	x8,x2,128
     484:	1405                	c.addi	x8,-31
     486:	08090103          	lb	x2,128(x18)
     48a:	0100                	c.addi4spn	x8,x2,128
     48c:	0505                	c.addi	x10,1
     48e:	0c090203          	lb	x4,192(x18)
     492:	0100                	c.addi4spn	x8,x2,128
     494:	0c05                	c.addi	x24,1
     496:	10090103          	lb	x2,256(x18)
     49a:	0100                	c.addi4spn	x8,x2,128
     49c:	0105                	c.addi	x2,1
     49e:	04090103          	lb	x2,64(x18)
     4a2:	0100                	c.addi4spn	x8,x2,128
     4a4:	14090403          	lb	x8,320(x18)
     4a8:	0100                	c.addi4spn	x8,x2,128
     4aa:	1905                	c.addi	x18,-31
     4ac:	10090103          	lb	x2,256(x18)
     4b0:	0100                	c.addi4spn	x8,x2,128
     4b2:	0c05                	c.addi	x24,1
     4b4:	08090103          	lb	x2,128(x18)
     4b8:	0100                	c.addi4spn	x8,x2,128
     4ba:	0105                	c.addi	x2,1
     4bc:	04090103          	lb	x2,64(x18)
     4c0:	0100                	c.addi4spn	x8,x2,128
     4c2:	14090403          	lb	x8,320(x18)
     4c6:	0100                	c.addi4spn	x8,x2,128
     4c8:	1705                	c.addi	x14,-31
     4ca:	10090103          	lb	x2,256(x18)
     4ce:	0100                	c.addi4spn	x8,x2,128
     4d0:	0105                	c.addi	x2,1
     4d2:	08090103          	lb	x2,128(x18)
     4d6:	0100                	c.addi4spn	x8,x2,128
     4d8:	10090403          	lb	x8,256(x18)
     4dc:	0100                	c.addi4spn	x8,x2,128
     4de:	1005                	c.addi	x0,-31
     4e0:	10090103          	lb	x2,256(x18)
     4e4:	0100                	c.addi4spn	x8,x2,128
     4e6:	1705                	c.addi	x14,-31
     4e8:	08090003          	lb	x0,128(x18)
     4ec:	0100                	c.addi4spn	x8,x2,128
     4ee:	0105                	c.addi	x2,1
     4f0:	04090103          	lb	x2,64(x18)
     4f4:	0100                	c.addi4spn	x8,x2,128
     4f6:	10090403          	lb	x8,256(x18)
     4fa:	0100                	c.addi4spn	x8,x2,128
     4fc:	1105                	c.addi	x2,-31
     4fe:	10090203          	lb	x4,256(x18)
     502:	0100                	c.addi4spn	x8,x2,128
     504:	1805                	c.addi	x16,-31
     506:	08090003          	lb	x0,128(x18)
     50a:	0100                	c.addi4spn	x8,x2,128
     50c:	0105                	c.addi	x2,1
     50e:	04090103          	lb	x2,64(x18)
     512:	0100                	c.addi4spn	x8,x2,128
     514:	10090403          	lb	x8,256(x18)
     518:	0100                	c.addi4spn	x8,x2,128
     51a:	1005                	c.addi	x0,-31
     51c:	10090203          	lb	x4,256(x18)
     520:	0100                	c.addi4spn	x8,x2,128
     522:	0105                	c.addi	x2,1
     524:	08090103          	lb	x2,128(x18)
     528:	0100                	c.addi4spn	x8,x2,128
     52a:	10090403          	lb	x8,256(x18)
     52e:	0100                	c.addi4spn	x8,x2,128
     530:	1f05                	c.addi	x30,-31
     532:	1c090103          	lb	x2,448(x18)
     536:	0100                	c.addi4spn	x8,x2,128
     538:	2405                	c.jal	758 <_start-0x7ffff8a8>
     53a:	0c090103          	lb	x2,192(x18)
     53e:	0100                	c.addi4spn	x8,x2,128
     540:	0c05                	c.addi	x24,1
     542:	10090003          	lb	x0,256(x18)
     546:	0100                	c.addi4spn	x8,x2,128
     548:	0905                	c.addi	x18,1
     54a:	08090403          	lb	x8,128(x18)
     54e:	0100                	c.addi4spn	x8,x2,128
     550:	0705                	c.addi	x14,1
     552:	0c090003          	lb	x0,192(x18)
     556:	0100                	c.addi4spn	x8,x2,128
     558:	1605                	c.addi	x12,-31
     55a:	04090203          	lb	x4,64(x18)
     55e:	0100                	c.addi4spn	x8,x2,128
     560:	0905                	c.addi	x18,1
     562:	08090103          	lb	x2,128(x18)
     566:	0100                	c.addi4spn	x8,x2,128
     568:	2905                	c.jal	998 <_start-0x7ffff668>
     56a:	10090103          	lb	x2,256(x18)
     56e:	0100                	c.addi4spn	x8,x2,128
     570:	3405                	c.jal	ffffff90 <_stack_top+0x77ffff90>
     572:	04090003          	lb	x0,64(x18)
     576:	0100                	c.addi4spn	x8,x2,128
     578:	3b05                	c.jal	2a8 <_start-0x7ffffd58>
     57a:	04090003          	lb	x0,64(x18)
     57e:	0100                	c.addi4spn	x8,x2,128
     580:	4505                	c.li	x10,1
     582:	04090003          	lb	x0,64(x18)
     586:	0100                	c.addi4spn	x8,x2,128
     588:	1205                	c.addi	x4,-31
     58a:	14090003          	lb	x0,320(x18)
     58e:	0100                	c.addi4spn	x8,x2,128
     590:	4205                	c.li	x4,1
     592:	10090003          	lb	x0,256(x18)
     596:	0100                	c.addi4spn	x8,x2,128
     598:	2505                	c.jal	bb8 <_start-0x7ffff448>
     59a:	04090003          	lb	x0,64(x18)
     59e:	0100                	c.addi4spn	x8,x2,128
     5a0:	1805                	c.addi	x16,-31
     5a2:	04090103          	lb	x2,64(x18)
     5a6:	0100                	c.addi4spn	x8,x2,128
     5a8:	1a05                	c.addi	x20,-31
     5aa:	0c090503          	lb	x10,192(x18)
     5ae:	0100                	c.addi4spn	x8,x2,128
     5b0:	1805                	c.addi	x16,-31
     5b2:	0c090003          	lb	x0,192(x18)
     5b6:	0100                	c.addi4spn	x8,x2,128
     5b8:	1b05                	c.addi	x22,-31
     5ba:	04090203          	lb	x4,64(x18)
     5be:	0100                	c.addi4spn	x8,x2,128
     5c0:	2605                	c.jal	8e0 <_start-0x7ffff720>
     5c2:	0c090103          	lb	x2,192(x18)
     5c6:	0100                	c.addi4spn	x8,x2,128
     5c8:	0c05                	c.addi	x24,1
     5ca:	10090003          	lb	x0,256(x18)
     5ce:	0100                	c.addi4spn	x8,x2,128
     5d0:	0905                	c.addi	x18,1
     5d2:	08090403          	lb	x8,128(x18)
     5d6:	0100                	c.addi4spn	x8,x2,128
     5d8:	0705                	c.addi	x14,1
     5da:	0c090003          	lb	x0,192(x18)
     5de:	0100                	c.addi4spn	x8,x2,128
     5e0:	1605                	c.addi	x12,-31
     5e2:	04090203          	lb	x4,64(x18)
     5e6:	0100                	c.addi4spn	x8,x2,128
     5e8:	0905                	c.addi	x18,1
     5ea:	08090103          	lb	x2,128(x18)
     5ee:	0100                	c.addi4spn	x8,x2,128
     5f0:	2a05                	c.jal	720 <_start-0x7ffff8e0>
     5f2:	10090103          	lb	x2,256(x18)
     5f6:	0100                	c.addi4spn	x8,x2,128
     5f8:	3505                	c.jal	418 <_start-0x7ffffbe8>
     5fa:	04090003          	lb	x0,64(x18)
     5fe:	0100                	c.addi4spn	x8,x2,128
     600:	3c05                	c.jal	30 <_start-0x7fffffd0>
     602:	04090003          	lb	x0,64(x18)
     606:	0100                	c.addi4spn	x8,x2,128
     608:	4605                	c.li	x12,1
     60a:	04090003          	lb	x0,64(x18)
     60e:	0100                	c.addi4spn	x8,x2,128
     610:	1705                	c.addi	x14,-31
     612:	14090003          	lb	x0,320(x18)
     616:	0100                	c.addi4spn	x8,x2,128
     618:	4305                	c.li	x6,1
     61a:	10090003          	lb	x0,256(x18)
     61e:	0100                	c.addi4spn	x8,x2,128
     620:	2605                	c.jal	940 <_start-0x7ffff6c0>
     622:	04090003          	lb	x0,64(x18)
     626:	0100                	c.addi4spn	x8,x2,128
     628:	2405                	c.jal	848 <_start-0x7ffff7b8>
     62a:	04090103          	lb	x2,64(x18)
     62e:	0100                	c.addi4spn	x8,x2,128
     630:	1005                	c.addi	x0,-31
     632:	10090003          	lb	x0,256(x18)
     636:	0100                	c.addi4spn	x8,x2,128
     638:	1a05                	c.addi	x20,-31
     63a:	08090203          	lb	x4,128(x18)
     63e:	0100                	c.addi4spn	x8,x2,128
     640:	0105                	c.addi	x2,1
     642:	14090103          	lb	x2,320(x18)
     646:	0100                	c.addi4spn	x8,x2,128
     648:	18090403          	lb	x8,384(x18)
     64c:	0100                	c.addi4spn	x8,x2,128
     64e:	0b05                	c.addi	x22,1
     650:	20090203          	lb	x4,512(x18)
     654:	0100                	c.addi4spn	x8,x2,128
     656:	0905                	c.addi	x18,1
     658:	04090103          	lb	x2,64(x18)
     65c:	0100                	c.addi4spn	x8,x2,128
     65e:	0705                	c.addi	x14,1
     660:	04090103          	lb	x2,64(x18)
     664:	0100                	c.addi4spn	x8,x2,128
     666:	1705                	c.addi	x14,-31
     668:	0200                	c.addi4spn	x8,x2,256
     66a:	0104                	c.addi4spn	x9,x2,128
     66c:	08090003          	lb	x0,128(x18)
     670:	0100                	c.addi4spn	x8,x2,128
     672:	1105                	c.addi	x2,-31
     674:	0200                	c.addi4spn	x8,x2,256
     676:	0104                	c.addi4spn	x9,x2,128
     678:	10090003          	lb	x0,256(x18)
     67c:	0100                	c.addi4spn	x8,x2,128
     67e:	0905                	c.addi	x18,1
     680:	0200                	c.addi4spn	x8,x2,256
     682:	0104                	c.addi4spn	x9,x2,128
     684:	04090703          	lb	x14,64(x18)
     688:	0100                	c.addi4spn	x8,x2,128
     68a:	0c05                	c.addi	x24,1
     68c:	0200                	c.addi4spn	x8,x2,256
     68e:	0104                	c.addi4spn	x9,x2,128
     690:	0c090103          	lb	x2,192(x18)
     694:	0100                	c.addi4spn	x8,x2,128
     696:	0e05                	c.addi	x28,1
     698:	0200                	c.addi4spn	x8,x2,256
     69a:	0104                	c.addi4spn	x9,x2,128
     69c:	10090103          	lb	x2,256(x18)
     6a0:	0100                	c.addi4spn	x8,x2,128
     6a2:	1105                	c.addi	x2,-31
     6a4:	0200                	c.addi4spn	x8,x2,256
     6a6:	0104                	c.addi4spn	x9,x2,128
     6a8:	10090203          	lb	x4,256(x18)
     6ac:	0100                	c.addi4spn	x8,x2,128
     6ae:	0905                	c.addi	x18,1
     6b0:	0c097703          	0xc097703
     6b4:	0100                	c.addi4spn	x8,x2,128
     6b6:	0105                	c.addi	x2,1
     6b8:	04090a03          	lb	x20,64(x18)
     6bc:	0100                	c.addi4spn	x8,x2,128
     6be:	10090403          	lb	x8,256(x18)
     6c2:	0100                	c.addi4spn	x8,x2,128
     6c4:	0a05                	c.addi	x20,1
     6c6:	20090103          	lb	x2,512(x18)
     6ca:	0100                	c.addi4spn	x8,x2,128
     6cc:	1605                	c.addi	x12,-31
     6ce:	04090203          	lb	x4,64(x18)
     6d2:	0100                	c.addi4spn	x8,x2,128
     6d4:	1705                	c.addi	x14,-31
     6d6:	10090103          	lb	x2,256(x18)
     6da:	0100                	c.addi4spn	x8,x2,128
     6dc:	3705                	c.jal	5fc <_start-0x7ffffa04>
     6de:	0c090103          	lb	x2,192(x18)
     6e2:	0100                	c.addi4spn	x8,x2,128
     6e4:	1905                	c.addi	x18,-31
     6e6:	10090003          	lb	x0,256(x18)
     6ea:	0100                	c.addi4spn	x8,x2,128
     6ec:	1005                	c.addi	x0,-31
     6ee:	18090103          	lb	x2,384(x18)
     6f2:	0100                	c.addi4spn	x8,x2,128
     6f4:	0e05                	c.addi	x28,1
     6f6:	14090103          	lb	x2,320(x18)
     6fa:	0100                	c.addi4spn	x8,x2,128
     6fc:	0905                	c.addi	x18,1
     6fe:	10090103          	lb	x2,256(x18)
     702:	0100                	c.addi4spn	x8,x2,128
     704:	1c05                	c.addi	x24,-31
     706:	18090103          	lb	x2,384(x18)
     70a:	0100                	c.addi4spn	x8,x2,128
     70c:	0e05                	c.addi	x28,1
     70e:	04090003          	lb	x0,64(x18)
     712:	0100                	c.addi4spn	x8,x2,128
     714:	1b05                	c.addi	x22,-31
     716:	0c090103          	lb	x2,192(x18)
     71a:	0100                	c.addi4spn	x8,x2,128
     71c:	0e05                	c.addi	x28,1
     71e:	04090003          	lb	x0,64(x18)
     722:	0100                	c.addi4spn	x8,x2,128
     724:	0c090103          	lb	x2,192(x18)
     728:	0100                	c.addi4spn	x8,x2,128
     72a:	1105                	c.addi	x2,-31
     72c:	10097603          	0x10097603
     730:	0100                	c.addi4spn	x8,x2,128
     732:	0105                	c.addi	x2,1
     734:	08090c03          	lb	x24,128(x18)
     738:	0100                	c.addi4spn	x8,x2,128
     73a:	18090403          	lb	x8,384(x18)
     73e:	0100                	c.addi4spn	x8,x2,128
     740:	0a05                	c.addi	x20,1
     742:	20090103          	lb	x2,512(x18)
     746:	0100                	c.addi4spn	x8,x2,128
     748:	1605                	c.addi	x12,-31
     74a:	04090203          	lb	x4,64(x18)
     74e:	0100                	c.addi4spn	x8,x2,128
     750:	1705                	c.addi	x14,-31
     752:	10090103          	lb	x2,256(x18)
     756:	0100                	c.addi4spn	x8,x2,128
     758:	1005                	c.addi	x0,-31
     75a:	0c090103          	lb	x2,192(x18)
     75e:	0100                	c.addi4spn	x8,x2,128
     760:	3705                	c.jal	680 <_start-0x7ffff980>
     762:	14090103          	lb	x2,320(x18)
     766:	0100                	c.addi4spn	x8,x2,128
     768:	1905                	c.addi	x18,-31
     76a:	10090003          	lb	x0,256(x18)
     76e:	0100                	c.addi4spn	x8,x2,128
     770:	0e05                	c.addi	x28,1
     772:	18090103          	lb	x2,384(x18)
     776:	0100                	c.addi4spn	x8,x2,128
     778:	0905                	c.addi	x18,1
     77a:	10090103          	lb	x2,256(x18)
     77e:	0100                	c.addi4spn	x8,x2,128
     780:	0e05                	c.addi	x28,1
     782:	18090103          	lb	x2,384(x18)
     786:	0100                	c.addi4spn	x8,x2,128
     788:	10090103          	lb	x2,256(x18)
     78c:	0100                	c.addi4spn	x8,x2,128
     78e:	14090103          	lb	x2,320(x18)
     792:	0100                	c.addi4spn	x8,x2,128
     794:	1105                	c.addi	x2,-31
     796:	10097603          	0x10097603
     79a:	0100                	c.addi4spn	x8,x2,128
     79c:	0105                	c.addi	x2,1
     79e:	08090c03          	lb	x24,128(x18)
     7a2:	0100                	c.addi4spn	x8,x2,128
     7a4:	18090403          	lb	x8,384(x18)
     7a8:	0100                	c.addi4spn	x8,x2,128
     7aa:	0d05                	c.addi	x26,1
     7ac:	14090103          	lb	x2,320(x18)
     7b0:	0100                	c.addi4spn	x8,x2,128
     7b2:	0505                	c.addi	x10,1
     7b4:	04090003          	lb	x0,64(x18)
     7b8:	0100                	c.addi4spn	x8,x2,128
     7ba:	2205                	c.jal	8da <_start-0x7ffff726>
     7bc:	04090203          	lb	x4,64(x18)
     7c0:	0100                	c.addi4spn	x8,x2,128
     7c2:	0c05                	c.addi	x24,1
     7c4:	10090003          	lb	x0,256(x18)
     7c8:	0100                	c.addi4spn	x8,x2,128
     7ca:	0b05                	c.addi	x22,1
     7cc:	10090003          	lb	x0,256(x18)
     7d0:	0100                	c.addi4spn	x8,x2,128
     7d2:	4405                	c.li	x8,1
     7d4:	04090203          	lb	x4,64(x18)
     7d8:	0100                	c.addi4spn	x8,x2,128
     7da:	2605                	c.jal	afa <_start-0x7ffff506>
     7dc:	10090003          	lb	x0,256(x18)
     7e0:	0100                	c.addi4spn	x8,x2,128
     7e2:	1505                	c.addi	x10,-31
     7e4:	10090003          	lb	x0,256(x18)
     7e8:	0100                	c.addi4spn	x8,x2,128
     7ea:	04090103          	lb	x2,64(x18)
     7ee:	0100                	c.addi4spn	x8,x2,128
     7f0:	0d05                	c.addi	x26,1
     7f2:	04090003          	lb	x0,64(x18)
     7f6:	0100                	c.addi4spn	x8,x2,128
     7f8:	2f05                	c.jal	f28 <_start-0x7ffff0d8>
     7fa:	04090203          	lb	x4,64(x18)
     7fe:	0100                	c.addi4spn	x8,x2,128
     800:	1405                	c.addi	x8,-31
     802:	10090003          	lb	x0,256(x18)
     806:	0100                	c.addi4spn	x8,x2,128
     808:	1305                	c.addi	x6,-31
     80a:	10090003          	lb	x0,256(x18)
     80e:	0100                	c.addi4spn	x8,x2,128
     810:	4105                	c.li	x2,1
     812:	04090203          	lb	x4,64(x18)
     816:	0100                	c.addi4spn	x8,x2,128
     818:	1f05                	c.addi	x30,-31
     81a:	10090003          	lb	x0,256(x18)
     81e:	0100                	c.addi4spn	x8,x2,128
     820:	1505                	c.addi	x10,-31
     822:	10090003          	lb	x0,256(x18)
     826:	0100                	c.addi4spn	x8,x2,128
     828:	2b05                	c.jal	d58 <_start-0x7ffff2a8>
     82a:	0200                	c.addi4spn	x8,x2,256
     82c:	0204                	c.addi4spn	x9,x2,256
     82e:	08097c03          	0x8097c03
     832:	0100                	c.addi4spn	x8,x2,128
     834:	1f05                	c.addi	x30,-31
     836:	0200                	c.addi4spn	x8,x2,256
     838:	0104                	c.addi4spn	x9,x2,128
     83a:	0c090003          	lb	x0,192(x18)
     83e:	0100                	c.addi4spn	x8,x2,128
     840:	1705                	c.addi	x14,-31
     842:	0c090703          	lb	x14,192(x18)
     846:	0100                	c.addi4spn	x8,x2,128
     848:	0d05                	c.addi	x26,1
     84a:	10090003          	lb	x0,256(x18)
     84e:	0100                	c.addi4spn	x8,x2,128
     850:	2305                	c.jal	d70 <_start-0x7ffff290>
     852:	0200                	c.addi4spn	x8,x2,256
     854:	0204                	c.addi4spn	x9,x2,256
     856:	08097403          	0x8097403
     85a:	0100                	c.addi4spn	x8,x2,128
     85c:	1705                	c.addi	x14,-31
     85e:	0200                	c.addi4spn	x8,x2,256
     860:	0104                	c.addi4spn	x9,x2,128
     862:	0c090003          	lb	x0,192(x18)
     866:	0100                	c.addi4spn	x8,x2,128
     868:	0505                	c.addi	x10,1
     86a:	0c090f03          	lb	x30,192(x18)
     86e:	0100                	c.addi4spn	x8,x2,128
     870:	0105                	c.addi	x2,1
     872:	08090103          	lb	x2,128(x18)
     876:	0100                	c.addi4spn	x8,x2,128
     878:	14090403          	lb	x8,320(x18)
     87c:	0100                	c.addi4spn	x8,x2,128
     87e:	1305                	c.addi	x6,-31
     880:	20090203          	lb	x4,512(x18)
     884:	0100                	c.addi4spn	x8,x2,128
     886:	0c090103          	lb	x2,192(x18)
     88a:	0100                	c.addi4spn	x8,x2,128
     88c:	4105                	c.li	x2,1
     88e:	0c090203          	lb	x4,192(x18)
     892:	0100                	c.addi4spn	x8,x2,128
     894:	2305                	c.jal	db4 <_start-0x7ffff24c>
     896:	10090003          	lb	x0,256(x18)
     89a:	0100                	c.addi4spn	x8,x2,128
     89c:	0d05                	c.addi	x26,1
     89e:	10090003          	lb	x0,256(x18)
     8a2:	0100                	c.addi4spn	x8,x2,128
     8a4:	2d05                	c.jal	ed4 <_start-0x7ffff12c>
     8a6:	04090103          	lb	x2,64(x18)
     8aa:	0100                	c.addi4spn	x8,x2,128
     8ac:	3405                	c.jal	2cc <_start-0x7ffffd34>
     8ae:	08090003          	lb	x0,128(x18)
     8b2:	0100                	c.addi4spn	x8,x2,128
     8b4:	3b05                	c.jal	5e4 <_start-0x7ffffa1c>
     8b6:	04090003          	lb	x0,64(x18)
     8ba:	0100                	c.addi4spn	x8,x2,128
     8bc:	1705                	c.addi	x14,-31
     8be:	04090003          	lb	x0,64(x18)
     8c2:	0100                	c.addi4spn	x8,x2,128
     8c4:	3b05                	c.jal	5f4 <_start-0x7ffffa0c>
     8c6:	10090003          	lb	x0,256(x18)
     8ca:	0100                	c.addi4spn	x8,x2,128
     8cc:	1e05                	c.addi	x28,-31
     8ce:	04090003          	lb	x0,64(x18)
     8d2:	0100                	c.addi4spn	x8,x2,128
     8d4:	0505                	c.addi	x10,1
     8d6:	04090103          	lb	x2,64(x18)
     8da:	0100                	c.addi4spn	x8,x2,128
     8dc:	0105                	c.addi	x2,1
     8de:	04090103          	lb	x2,64(x18)
     8e2:	0100                	c.addi4spn	x8,x2,128
     8e4:	10090403          	lb	x8,256(x18)
     8e8:	0100                	c.addi4spn	x8,x2,128
     8ea:	0d05                	c.addi	x26,1
     8ec:	1c090203          	lb	x4,448(x18)
     8f0:	0100                	c.addi4spn	x8,x2,128
     8f2:	0505                	c.addi	x10,1
     8f4:	04090003          	lb	x0,64(x18)
     8f8:	0100                	c.addi4spn	x8,x2,128
     8fa:	2905                	c.jal	d2a <_start-0x7ffff2d6>
     8fc:	04090303          	lb	x6,64(x18)
     900:	0100                	c.addi4spn	x8,x2,128
     902:	0c05                	c.addi	x24,1
     904:	10090003          	lb	x0,256(x18)
     908:	0100                	c.addi4spn	x8,x2,128
     90a:	0b05                	c.addi	x22,1
     90c:	10090003          	lb	x0,256(x18)
     910:	0100                	c.addi4spn	x8,x2,128
     912:	4a05                	c.li	x20,1
     914:	04090303          	lb	x6,64(x18)
     918:	0100                	c.addi4spn	x8,x2,128
     91a:	2605                	c.jal	c3a <_start-0x7ffff3c6>
     91c:	10090003          	lb	x0,256(x18)
     920:	0100                	c.addi4spn	x8,x2,128
     922:	1505                	c.addi	x10,-31
     924:	10090003          	lb	x0,256(x18)
     928:	0100                	c.addi4spn	x8,x2,128
     92a:	04090103          	lb	x2,64(x18)
     92e:	0100                	c.addi4spn	x8,x2,128
     930:	0d05                	c.addi	x26,1
     932:	08090003          	lb	x0,128(x18)
     936:	0100                	c.addi4spn	x8,x2,128
     938:	2f05                	c.jal	1068 <_start-0x7fffef98>
     93a:	04090603          	lb	x12,64(x18)
     93e:	0100                	c.addi4spn	x8,x2,128
     940:	1405                	c.addi	x8,-31
     942:	10090003          	lb	x0,256(x18)
     946:	0100                	c.addi4spn	x8,x2,128
     948:	1305                	c.addi	x6,-31
     94a:	10090003          	lb	x0,256(x18)
     94e:	0100                	c.addi4spn	x8,x2,128
     950:	2405                	c.jal	b70 <_start-0x7ffff490>
     952:	04090303          	lb	x6,64(x18)
     956:	0100                	c.addi4spn	x8,x2,128
     958:	3205                	c.jal	278 <_start-0x7ffffd88>
     95a:	08090003          	lb	x0,128(x18)
     95e:	0100                	c.addi4spn	x8,x2,128
     960:	2d05                	c.jal	f90 <_start-0x7ffff070>
     962:	08090003          	lb	x0,128(x18)
     966:	0100                	c.addi4spn	x8,x2,128
     968:	1c05                	c.addi	x24,-31
     96a:	04090003          	lb	x0,64(x18)
     96e:	0100                	c.addi4spn	x8,x2,128
     970:	6005                	c.lui	x0,0x1
     972:	04090103          	lb	x2,64(x18)
     976:	0100                	c.addi4spn	x8,x2,128
     978:	3b05                	c.jal	6a8 <_start-0x7ffff958>
     97a:	10090003          	lb	x0,256(x18)
     97e:	0100                	c.addi4spn	x8,x2,128
     980:	1505                	c.addi	x10,-31
     982:	10090003          	lb	x0,256(x18)
     986:	0100                	c.addi4spn	x8,x2,128
     988:	2705                	c.jal	10a8 <_start-0x7fffef58>
     98a:	14090103          	lb	x2,320(x18)
     98e:	0100                	c.addi4spn	x8,x2,128
     990:	2005                	c.jal	9b0 <_start-0x7ffff650>
     992:	10090103          	lb	x2,256(x18)
     996:	0100                	c.addi4spn	x8,x2,128
     998:	1505                	c.addi	x10,-31
     99a:	0c090103          	lb	x2,192(x18)
     99e:	0100                	c.addi4spn	x8,x2,128
     9a0:	4a05                	c.li	x20,1
     9a2:	04090003          	lb	x0,64(x18)
     9a6:	0100                	c.addi4spn	x8,x2,128
     9a8:	2805                	c.jal	9d8 <_start-0x7ffff628>
     9aa:	10090003          	lb	x0,256(x18)
     9ae:	0100                	c.addi4spn	x8,x2,128
     9b0:	1505                	c.addi	x10,-31
     9b2:	10090003          	lb	x0,256(x18)
     9b6:	0100                	c.addi4spn	x8,x2,128
     9b8:	2a05                	c.jal	ae8 <_start-0x7ffff518>
     9ba:	0200                	c.addi4spn	x8,x2,256
     9bc:	0204                	c.addi4spn	x9,x2,256
     9be:	10097303          	0x10097303
     9c2:	0100                	c.addi4spn	x8,x2,128
     9c4:	1e05                	c.addi	x28,-31
     9c6:	0200                	c.addi4spn	x8,x2,256
     9c8:	0104                	c.addi4spn	x9,x2,128
     9ca:	0c090003          	lb	x0,192(x18)
     9ce:	0100                	c.addi4spn	x8,x2,128
     9d0:	2205                	c.jal	af0 <_start-0x7ffff510>
     9d2:	0200                	c.addi4spn	x8,x2,256
     9d4:	0204                	c.addi4spn	x9,x2,256
     9d6:	0c097903          	0xc097903
     9da:	0100                	c.addi4spn	x8,x2,128
     9dc:	1605                	c.addi	x12,-31
     9de:	0200                	c.addi4spn	x8,x2,256
     9e0:	0104                	c.addi4spn	x9,x2,128
     9e2:	0c090003          	lb	x0,192(x18)
     9e6:	0100                	c.addi4spn	x8,x2,128
     9e8:	0105                	c.addi	x2,1
     9ea:	0c091a03          	lh	x20,192(x18)
     9ee:	0100                	c.addi4spn	x8,x2,128
     9f0:	1c090403          	lb	x8,448(x18)
     9f4:	0100                	c.addi4spn	x8,x2,128
     9f6:	0505                	c.addi	x10,1
     9f8:	1c090203          	lb	x4,448(x18)
     9fc:	0100                	c.addi4spn	x8,x2,128
     9fe:	24090103          	lb	x2,576(x18)
     a02:	0100                	c.addi4spn	x8,x2,128
     a04:	24090303          	lb	x6,576(x18)
     a08:	0100                	c.addi4spn	x8,x2,128
     a0a:	24090103          	lb	x2,576(x18)
     a0e:	0100                	c.addi4spn	x8,x2,128
     a10:	28090103          	lb	x2,640(x18)
     a14:	0100                	c.addi4spn	x8,x2,128
     a16:	0105                	c.addi	x2,1
     a18:	04090103          	lb	x2,64(x18)
     a1c:	0100                	c.addi4spn	x8,x2,128
     a1e:	14090403          	lb	x8,320(x18)
     a22:	0100                	c.addi4spn	x8,x2,128
     a24:	0f05                	c.addi	x30,1
     a26:	1c090103          	lb	x2,448(x18)
     a2a:	0100                	c.addi4spn	x8,x2,128
     a2c:	0b05                	c.addi	x22,1
     a2e:	08090003          	lb	x0,128(x18)
     a32:	0100                	c.addi4spn	x8,x2,128
     a34:	0c05                	c.addi	x24,1
     a36:	04090403          	lb	x8,64(x18)
     a3a:	0100                	c.addi4spn	x8,x2,128
     a3c:	2205                	c.jal	b5c <_start-0x7ffff4a4>
     a3e:	10090403          	lb	x8,256(x18)
     a42:	0100                	c.addi4spn	x8,x2,128
     a44:	0c05                	c.addi	x24,1
     a46:	08090003          	lb	x0,128(x18)
     a4a:	0100                	c.addi4spn	x8,x2,128
     a4c:	0505                	c.addi	x10,1
     a4e:	0c090103          	lb	x2,192(x18)
     a52:	0100                	c.addi4spn	x8,x2,128
     a54:	0c05                	c.addi	x24,1
     a56:	30090203          	lb	x4,768(x18)
     a5a:	0100                	c.addi4spn	x8,x2,128
     a5c:	0105                	c.addi	x2,1
     a5e:	04090103          	lb	x2,64(x18)
     a62:	0100                	c.addi4spn	x8,x2,128
     a64:	1c09                	c.addi	x24,-30
     a66:	0000                	c.unimp
     a68:	0101                	c.addi	x2,0
     a6a:	0461                	c.addi	x8,24
     a6c:	0000                	c.unimp
     a6e:	0005                	c.addi	x0,1
     a70:	0004                	0x4
     a72:	0000002f          	0x2f
     a76:	0101                	c.addi	x2,0
     a78:	fb01                	c.bnez	x14,988 <_start-0x7ffff678>
     a7a:	0d0e                	c.slli	x26,0x3
     a7c:	0100                	c.addi4spn	x8,x2,128
     a7e:	0101                	c.addi	x2,0
     a80:	0001                	c.addi	x0,0
     a82:	0000                	c.unimp
     a84:	0001                	c.addi	x0,0
     a86:	0100                	c.addi4spn	x8,x2,128
     a88:	0101                	c.addi	x2,0
     a8a:	011f 0000 0000      	0x11f
     a90:	0102                	c.slli64	x2
     a92:	021f 030f 0080      	0x80030f021f
     a98:	0000                	c.unimp
     a9a:	8000                	0x8000
     a9c:	0000                	c.unimp
     a9e:	0000                	c.unimp
     aa0:	0078                	c.addi4spn	x14,x2,12
     aa2:	0000                	c.unimp
     aa4:	0500                	c.addi4spn	x8,x2,640
     aa6:	0001                	c.addi	x0,0
     aa8:	0205                	c.addi	x4,1
     aaa:	0d14                	c.addi4spn	x13,x2,656
     aac:	8000                	0x8000
     aae:	0516                	c.slli	x10,0x5
     ab0:	0901030b          	0x901030b
     ab4:	0014                	0x14
     ab6:	0501                	c.addi	x10,0
     ab8:	0301                	c.addi	x6,0
     aba:	0901                	c.addi	x18,0
     abc:	000c                	0xc
     abe:	0301                	c.addi	x6,0
     ac0:	0905                	c.addi	x18,1
     ac2:	0010                	0x10
     ac4:	0501                	c.addi	x10,0
     ac6:	0315                	c.addi	x6,5
     ac8:	0901                	c.addi	x18,0
     aca:	0018                	0x18
     acc:	0501                	c.addi	x10,0
     ace:	09000307          	0x9000307
     ad2:	0008                	0x8
     ad4:	0501                	c.addi	x10,0
     ad6:	0310                	c.addi4spn	x12,x2,384
     ad8:	0901                	c.addi	x18,0
     ada:	0004                	0x4
     adc:	0501                	c.addi	x10,0
     ade:	030d                	c.addi	x6,3
     ae0:	0901                	c.addi	x18,0
     ae2:	0008                	0x8
     ae4:	0501                	c.addi	x10,0
     ae6:	0305                	c.addi	x6,1
     ae8:	0900                	c.addi4spn	x8,x2,144
     aea:	0004                	0x4
     aec:	0501                	c.addi	x10,0
     aee:	000e                	c.slli	x0,0x3
     af0:	0402                	c.slli64	x8
     af2:	09020303          	lb	x6,144(x4) # fffe1090 <_stack_top+0x77fe1090>
     af6:	0004                	0x4
     af8:	0501                	c.addi	x10,0
     afa:	000c                	0xc
     afc:	0402                	c.slli64	x8
     afe:	09010303          	lb	x6,144(x2)
     b02:	0010                	0x10
     b04:	0501                	c.addi	x10,0
     b06:	0021                	c.addi	x0,8
     b08:	0402                	c.slli64	x8
     b0a:	097d0303          	lb	x6,151(x26)
     b0e:	000c                	0xc
     b10:	0501                	c.addi	x10,0
     b12:	04020017          	auipc	x0,0x4020
     b16:	0301                	c.addi	x6,0
     b18:	0900                	c.addi4spn	x8,x2,144
     b1a:	000c                	0xc
     b1c:	0501                	c.addi	x10,0
     b1e:	030c                	c.addi4spn	x11,x2,384
     b20:	0905                	c.addi	x18,1
     b22:	000c                	0xc
     b24:	0501                	c.addi	x10,0
     b26:	0301                	c.addi	x6,0
     b28:	0901                	c.addi	x18,0
     b2a:	0004                	0x4
     b2c:	0301                	c.addi	x6,0
     b2e:	0904                	c.addi4spn	x9,x2,144
     b30:	0010                	0x10
     b32:	0501                	c.addi	x10,0
     b34:	0318                	c.addi4spn	x14,x2,384
     b36:	0901                	c.addi	x18,0
     b38:	0014                	0x14
     b3a:	0501                	c.addi	x10,0
     b3c:	030d                	c.addi	x6,3
     b3e:	0900                	c.addi4spn	x8,x2,144
     b40:	0008                	0x8
     b42:	0501                	c.addi	x10,0
     b44:	0901030b          	0x901030b
     b48:	0010                	0x10
     b4a:	0501                	c.addi	x10,0
     b4c:	0301                	c.addi	x6,0
     b4e:	0901                	c.addi	x18,0
     b50:	000c                	0xc
     b52:	0301                	c.addi	x6,0
     b54:	0904                	c.addi4spn	x9,x2,144
     b56:	0010                	0x10
     b58:	0501                	c.addi	x10,0
     b5a:	030d                	c.addi	x6,3
     b5c:	0901                	c.addi	x18,0
     b5e:	0018                	0x18
     b60:	0501                	c.addi	x10,0
     b62:	0305                	c.addi	x6,1
     b64:	0900                	c.addi4spn	x8,x2,144
     b66:	0004                	0x4
     b68:	0501                	c.addi	x10,0
     b6a:	0016                	c.slli	x0,0x5
     b6c:	0402                	c.slli64	x8
     b6e:	09020303          	lb	x6,144(x4) # 90 <_start-0x7fffff70>
     b72:	0004                	0x4
     b74:	0501                	c.addi	x10,0
     b76:	000d                	c.addi	x0,3
     b78:	0402                	c.slli64	x8
     b7a:	09000303          	lb	x6,144(x0) # 90 <_start-0x7fffff70>
     b7e:	000c                	0xc
     b80:	0501                	c.addi	x10,0
     b82:	0016                	c.slli	x0,0x5
     b84:	0402                	c.slli64	x8
     b86:	09000303          	lb	x6,144(x0) # 90 <_start-0x7fffff70>
     b8a:	000c                	0xc
     b8c:	0501                	c.addi	x10,0
     b8e:	0011                	c.addi	x0,4
     b90:	0402                	c.slli64	x8
     b92:	09000303          	lb	x6,144(x0) # 90 <_start-0x7fffff70>
     b96:	0004                	0x4
     b98:	0501                	c.addi	x10,0
     b9a:	001f 0402 0303      	0x3030402001f
     ba0:	097e                	c.slli	x18,0x1f
     ba2:	0004                	0x4
     ba4:	0501                	c.addi	x10,0
     ba6:	0016                	c.slli	x0,0x5
     ba8:	0402                	c.slli64	x8
     baa:	0301                	c.addi	x6,0
     bac:	0900                	c.addi4spn	x8,x2,144
     bae:	000c                	0xc
     bb0:	0501                	c.addi	x10,0
     bb2:	0301                	c.addi	x6,0
     bb4:	0904                	c.addi4spn	x9,x2,144
     bb6:	000c                	0xc
     bb8:	0301                	c.addi	x6,0
     bba:	0904                	c.addi4spn	x9,x2,144
     bbc:	0014                	0x14
     bbe:	0501                	c.addi	x10,0
     bc0:	09010307          	0x9010307
     bc4:	0014                	0x14
     bc6:	0501                	c.addi	x10,0
     bc8:	0310                	c.addi4spn	x12,x2,384
     bca:	0901                	c.addi	x18,0
     bcc:	000c                	0xc
     bce:	0301                	c.addi	x6,0
     bd0:	0902                	c.slli64	x18
     bd2:	0008                	0x8
     bd4:	0501                	c.addi	x10,0
     bd6:	0301                	c.addi	x6,0
     bd8:	0901                	c.addi	x18,0
     bda:	0004                	0x4
     bdc:	0301                	c.addi	x6,0
     bde:	0904                	c.addi4spn	x9,x2,144
     be0:	0010                	0x10
     be2:	0501                	c.addi	x10,0
     be4:	09010307          	0x9010307
     be8:	0014                	0x14
     bea:	0501                	c.addi	x10,0
     bec:	0310                	c.addi4spn	x12,x2,384
     bee:	0901                	c.addi	x18,0
     bf0:	000c                	0xc
     bf2:	0301                	c.addi	x6,0
     bf4:	0902                	c.slli64	x18
     bf6:	0008                	0x8
     bf8:	0501                	c.addi	x10,0
     bfa:	0301                	c.addi	x6,0
     bfc:	0901                	c.addi	x18,0
     bfe:	0004                	0x4
     c00:	0301                	c.addi	x6,0
     c02:	0904                	c.addi4spn	x9,x2,144
     c04:	0010                	0x10
     c06:	0501                	c.addi	x10,0
     c08:	0309                	c.addi	x6,2
     c0a:	0901                	c.addi	x18,0
     c0c:	0014                	0x14
     c0e:	0501                	c.addi	x10,0
     c10:	030e                	c.slli	x6,0x3
     c12:	0901                	c.addi	x18,0
     c14:	0004                	0x4
     c16:	0501                	c.addi	x10,0
     c18:	0305                	c.addi	x6,1
     c1a:	0900                	c.addi4spn	x8,x2,144
     c1c:	0004                	0x4
     c1e:	0501                	c.addi	x10,0
     c20:	001c                	0x1c
     c22:	0402                	c.slli64	x8
     c24:	09020303          	lb	x6,144(x4) # 90 <_start-0x7fffff70>
     c28:	0004                	0x4
     c2a:	0501                	c.addi	x10,0
     c2c:	04020027          	0x4020027
     c30:	09000303          	lb	x6,144(x0) # 90 <_start-0x7fffff70>
     c34:	0008                	0x8
     c36:	0501                	c.addi	x10,0
     c38:	0011                	c.addi	x0,4
     c3a:	0402                	c.slli64	x8
     c3c:	09000303          	lb	x6,144(x0) # 90 <_start-0x7fffff70>
     c40:	0014                	0x14
     c42:	0501                	c.addi	x10,0
     c44:	0020                	c.addi4spn	x8,x2,8
     c46:	0402                	c.slli64	x8
     c48:	097e0303          	lb	x6,151(x28) # 1a097 <_start-0x7ffe5f69>
     c4c:	0008                	0x8
     c4e:	0501                	c.addi	x10,0
     c50:	04020017          	auipc	x0,0x4020
     c54:	0301                	c.addi	x6,0
     c56:	0900                	c.addi4spn	x8,x2,144
     c58:	000c                	0xc
     c5a:	0501                	c.addi	x10,0
     c5c:	030c                	c.addi4spn	x11,x2,384
     c5e:	0904                	c.addi4spn	x9,x2,144
     c60:	000c                	0xc
     c62:	0501                	c.addi	x10,0
     c64:	0301                	c.addi	x6,0
     c66:	0901                	c.addi	x18,0
     c68:	0004                	0x4
     c6a:	0301                	c.addi	x6,0
     c6c:	0904                	c.addi4spn	x9,x2,144
     c6e:	0010                	0x10
     c70:	0501                	c.addi	x10,0
     c72:	030c                	c.addi4spn	x11,x2,384
     c74:	0901                	c.addi	x18,0
     c76:	0014                	0x14
     c78:	0501                	c.addi	x10,0
     c7a:	030a                	c.slli	x6,0x2
     c7c:	0901                	c.addi	x18,0
     c7e:	0004                	0x4
     c80:	0501                	c.addi	x10,0
     c82:	031a                	c.slli	x6,0x6
     c84:	0902                	c.slli64	x18
     c86:	0004                	0x4
     c88:	0501                	c.addi	x10,0
     c8a:	030d                	c.addi	x6,3
     c8c:	0900                	c.addi4spn	x8,x2,144
     c8e:	000c                	0xc
     c90:	0501                	c.addi	x10,0
     c92:	031a                	c.slli	x6,0x6
     c94:	0900                	c.addi4spn	x8,x2,144
     c96:	000c                	0xc
     c98:	0501                	c.addi	x10,0
     c9a:	0315                	c.addi	x6,5
     c9c:	0900                	c.addi4spn	x8,x2,144
     c9e:	0004                	0x4
     ca0:	0501                	c.addi	x10,0
     ca2:	030e                	c.slli	x6,0x3
     ca4:	0901                	c.addi	x18,0
     ca6:	0004                	0x4
     ca8:	0301                	c.addi	x6,0
     caa:	097d                	c.addi	x18,31
     cac:	000c                	0xc
     cae:	0501                	c.addi	x10,0
     cb0:	0900030b          	0x900030b
     cb4:	0010                	0x10
     cb6:	0501                	c.addi	x10,0
     cb8:	0309                	c.addi	x6,2
     cba:	00040907          	0x40907
     cbe:	0501                	c.addi	x10,0
     cc0:	09000313          	addi	x6,x0,144
     cc4:	0010                	0x10
     cc6:	0501                	c.addi	x10,0
     cc8:	0305                	c.addi	x6,1
     cca:	0901                	c.addi	x18,0
     ccc:	0004                	0x4
     cce:	0501                	c.addi	x10,0
     cd0:	0301                	c.addi	x6,0
     cd2:	0901                	c.addi	x18,0
     cd4:	0004                	0x4
     cd6:	0301                	c.addi	x6,0
     cd8:	000c0903          	lb	x18,0(x24)
     cdc:	0501                	c.addi	x10,0
     cde:	030c                	c.addi4spn	x11,x2,384
     ce0:	0901                	c.addi	x18,0
     ce2:	0014                	0x14
     ce4:	0501                	c.addi	x10,0
     ce6:	030a                	c.slli	x6,0x2
     ce8:	0901                	c.addi	x18,0
     cea:	0004                	0x4
     cec:	0501                	c.addi	x10,0
     cee:	0310                	c.addi4spn	x12,x2,384
     cf0:	0902                	c.slli64	x18
     cf2:	0004                	0x4
     cf4:	0501                	c.addi	x10,0
     cf6:	0900030b          	0x900030b
     cfa:	0010                	0x10
     cfc:	0501                	c.addi	x10,0
     cfe:	0314                	c.addi4spn	x13,x2,384
     d00:	0901                	c.addi	x18,0
     d02:	0004                	0x4
     d04:	0501                	c.addi	x10,0
     d06:	0310                	c.addi4spn	x12,x2,384
     d08:	0901                	c.addi	x18,0
     d0a:	0008                	0x8
     d0c:	0501                	c.addi	x10,0
     d0e:	0321                	c.addi	x6,8
     d10:	0900                	c.addi4spn	x8,x2,144
     d12:	0010                	0x10
     d14:	0501                	c.addi	x10,0
     d16:	0900030b          	0x900030b
     d1a:	0010                	0x10
     d1c:	0501                	c.addi	x10,0
     d1e:	0314                	c.addi4spn	x13,x2,384
     d20:	0901                	c.addi	x18,0
     d22:	0004                	0x4
     d24:	0501                	c.addi	x10,0
     d26:	0310                	c.addi4spn	x12,x2,384
     d28:	0902                	c.slli64	x18
     d2a:	0008                	0x8
     d2c:	0501                	c.addi	x10,0
     d2e:	0979030f          	0x979030f
     d32:	000c                	0xc
     d34:	0501                	c.addi	x10,0
     d36:	0319                	c.addi	x6,6
     d38:	0900                	c.addi4spn	x8,x2,144
     d3a:	0010                	0x10
     d3c:	0501                	c.addi	x10,0
     d3e:	030c                	c.addi4spn	x11,x2,384
     d40:	090a                	c.slli	x18,0x2
     d42:	0004                	0x4
     d44:	0501                	c.addi	x10,0
     d46:	09000307          	0x9000307
     d4a:	0010                	0x10
     d4c:	0501                	c.addi	x10,0
     d4e:	0314                	c.addi4spn	x13,x2,384
     d50:	0901                	c.addi	x18,0
     d52:	0004                	0x4
     d54:	0501                	c.addi	x10,0
     d56:	0310                	c.addi4spn	x12,x2,384
     d58:	0902                	c.slli64	x18
     d5a:	0008                	0x8
     d5c:	0501                	c.addi	x10,0
     d5e:	0301                	c.addi	x6,0
     d60:	0902                	c.slli64	x18
     d62:	0004                	0x4
     d64:	0301                	c.addi	x6,0
     d66:	0904                	c.addi4spn	x9,x2,144
     d68:	0010                	0x10
     d6a:	0501                	c.addi	x10,0
     d6c:	0308                	c.addi4spn	x10,x2,384
     d6e:	0901                	c.addi	x18,0
     d70:	0018                	0x18
     d72:	0501                	c.addi	x10,0
     d74:	001f 0402 0301      	0x3010402001f
     d7a:	0900                	c.addi4spn	x8,x2,144
     d7c:	0008                	0x8
     d7e:	0501                	c.addi	x10,0
     d80:	0312                	c.slli	x6,0x4
     d82:	0902                	c.slli64	x18
     d84:	0008                	0x8
     d86:	0501                	c.addi	x10,0
     d88:	031d                	c.addi	x6,7
     d8a:	0900                	c.addi4spn	x8,x2,144
     d8c:	000c                	0xc
     d8e:	0501                	c.addi	x10,0
     d90:	0322                	c.slli	x6,0x8
     d92:	0900                	c.addi4spn	x8,x2,144
     d94:	0004                	0x4
     d96:	0501                	c.addi	x10,0
     d98:	032e                	c.slli	x6,0xb
     d9a:	0900                	c.addi4spn	x8,x2,144
     d9c:	0010                	0x10
     d9e:	0501                	c.addi	x10,0
     da0:	0301                	c.addi	x6,0
     da2:	0901                	c.addi	x18,0
     da4:	0010                	0x10
     da6:	0301                	c.addi	x6,0
     da8:	090a                	c.slli	x18,0x2
     daa:	0014                	0x14
     dac:	0501                	c.addi	x10,0
     dae:	031d                	c.addi	x6,7
     db0:	0902                	c.slli64	x18
     db2:	0014                	0x14
     db4:	0501                	c.addi	x10,0
     db6:	0308                	c.addi4spn	x10,x2,384
     db8:	0900                	c.addi4spn	x8,x2,144
     dba:	0004                	0x4
     dbc:	0501                	c.addi	x10,0
     dbe:	0310                	c.addi4spn	x12,x2,384
     dc0:	00040903          	lb	x18,0(x8) # ffffa000 <_stack_top+0x77ffa000>
     dc4:	0501                	c.addi	x10,0
     dc6:	030c                	c.addi4spn	x11,x2,384
     dc8:	0904                	c.addi4spn	x9,x2,144
     dca:	0008                	0x8
     dcc:	0301                	c.addi	x6,0
     dce:	0901                	c.addi	x18,0
     dd0:	0014                	0x14
     dd2:	0301                	c.addi	x6,0
     dd4:	000c0903          	lb	x18,0(x24)
     dd8:	0501                	c.addi	x10,0
     dda:	0319                	c.addi	x6,6
     ddc:	0901                	c.addi	x18,0
     dde:	000c                	0xc
     de0:	0501                	c.addi	x10,0
     de2:	030c                	c.addi4spn	x11,x2,384
     de4:	0900                	c.addi4spn	x8,x2,144
     de6:	0008                	0x8
     de8:	0301                	c.addi	x6,0
     dea:	0901                	c.addi	x18,0
     dec:	0008                	0x8
     dee:	0301                	c.addi	x6,0
     df0:	00140903          	lb	x18,1(x8)
     df4:	0501                	c.addi	x10,0
     df6:	0319                	c.addi	x6,6
     df8:	0901                	c.addi	x18,0
     dfa:	0008                	0x8
     dfc:	0501                	c.addi	x10,0
     dfe:	0900030b          	0x900030b
     e02:	0010                	0x10
     e04:	0501                	c.addi	x10,0
     e06:	0902030f          	0x902030f
     e0a:	0008                	0x8
     e0c:	0501                	c.addi	x10,0
     e0e:	0308                	c.addi4spn	x10,x2,384
     e10:	0900                	c.addi4spn	x8,x2,144
     e12:	0008                	0x8
     e14:	0501                	c.addi	x10,0
     e16:	0310                	c.addi4spn	x12,x2,384
     e18:	0902                	c.slli64	x18
     e1a:	0004                	0x4
     e1c:	0501                	c.addi	x10,0
     e1e:	030e                	c.slli	x6,0x3
     e20:	0904                	c.addi4spn	x9,x2,144
     e22:	0008                	0x8
     e24:	0501                	c.addi	x10,0
     e26:	0308                	c.addi4spn	x10,x2,384
     e28:	0900                	c.addi4spn	x8,x2,144
     e2a:	0008                	0x8
     e2c:	0501                	c.addi	x10,0
     e2e:	0310                	c.addi4spn	x12,x2,384
     e30:	0902                	c.slli64	x18
     e32:	0004                	0x4
     e34:	0501                	c.addi	x10,0
     e36:	0315                	c.addi	x6,5
     e38:	0901                	c.addi	x18,0
     e3a:	000c                	0xc
     e3c:	0501                	c.addi	x10,0
     e3e:	0322                	c.slli	x6,0x8
     e40:	0900                	c.addi4spn	x8,x2,144
     e42:	0008                	0x8
     e44:	0501                	c.addi	x10,0
     e46:	031c                	c.addi4spn	x15,x2,384
     e48:	0900                	c.addi4spn	x8,x2,144
     e4a:	0010                	0x10
     e4c:	0501                	c.addi	x10,0
     e4e:	031a                	c.slli	x6,0x6
     e50:	0904                	c.addi4spn	x9,x2,144
     e52:	0008                	0x8
     e54:	0501                	c.addi	x10,0
     e56:	030c                	c.addi4spn	x11,x2,384
     e58:	0900                	c.addi4spn	x8,x2,144
     e5a:	0008                	0x8
     e5c:	0301                	c.addi	x6,0
     e5e:	0901                	c.addi	x18,0
     e60:	0008                	0x8
     e62:	0501                	c.addi	x10,0
     e64:	0901031b          	0x901031b
     e68:	0008                	0x8
     e6a:	0501                	c.addi	x10,0
     e6c:	0900030b          	0x900030b
     e70:	0010                	0x10
     e72:	0501                	c.addi	x10,0
     e74:	0902030f          	0x902030f
     e78:	0008                	0x8
     e7a:	0501                	c.addi	x10,0
     e7c:	0308                	c.addi4spn	x10,x2,384
     e7e:	0900                	c.addi4spn	x8,x2,144
     e80:	0008                	0x8
     e82:	0501                	c.addi	x10,0
     e84:	0310                	c.addi4spn	x12,x2,384
     e86:	0902                	c.slli64	x18
     e88:	0004                	0x4
     e8a:	0501                	c.addi	x10,0
     e8c:	0904030f          	0x904030f
     e90:	0008                	0x8
     e92:	0501                	c.addi	x10,0
     e94:	0308                	c.addi4spn	x10,x2,384
     e96:	0900                	c.addi4spn	x8,x2,144
     e98:	0008                	0x8
     e9a:	0501                	c.addi	x10,0
     e9c:	0310                	c.addi4spn	x12,x2,384
     e9e:	0902                	c.slli64	x18
     ea0:	0004                	0x4
     ea2:	0501                	c.addi	x10,0
     ea4:	030c                	c.addi4spn	x11,x2,384
     ea6:	0904                	c.addi4spn	x9,x2,144
     ea8:	0008                	0x8
     eaa:	0501                	c.addi	x10,0
     eac:	0316                	c.slli	x6,0x5
     eae:	0901                	c.addi	x18,0
     eb0:	000c                	0xc
     eb2:	0501                	c.addi	x10,0
     eb4:	030c                	c.addi4spn	x11,x2,384
     eb6:	0900                	c.addi4spn	x8,x2,144
     eb8:	0008                	0x8
     eba:	0301                	c.addi	x6,0
     ebc:	0901                	c.addi	x18,0
     ebe:	000c                	0xc
     ec0:	0501                	c.addi	x10,0
     ec2:	0301                	c.addi	x6,0
     ec4:	0901                	c.addi	x18,0
     ec6:	0004                	0x4
     ec8:	0901                	c.addi	x18,0
     eca:	0010                	0x10
     ecc:	0100                	c.addi4spn	x8,x2,128
     ece:	8701                	c.srai64	x14
     ed0:	0008                	0x8
     ed2:	0500                	c.addi4spn	x8,x2,640
     ed4:	0400                	c.addi4spn	x8,x2,512
     ed6:	4300                	c.lw	x8,0(x14)
     ed8:	0000                	c.unimp
     eda:	0100                	c.addi4spn	x8,x2,128
     edc:	0101                	c.addi	x2,0
     ede:	000d0efb          	0xd0efb
     ee2:	0101                	c.addi	x2,0
     ee4:	0101                	c.addi	x2,0
     ee6:	0000                	c.unimp
     ee8:	0100                	c.addi4spn	x8,x2,128
     eea:	0000                	c.unimp
     eec:	0101                	c.addi	x2,0
     eee:	1f01                	c.addi	x30,-32
     ef0:	0001                	c.addi	x0,0
     ef2:	0000                	c.unimp
     ef4:	0200                	c.addi4spn	x8,x2,256
     ef6:	1f01                	c.addi	x30,-32
     ef8:	0f02                	c.slli64	x30
     efa:	00008807          	0x8807
     efe:	0000                	c.unimp
     f00:	0088                	c.addi4spn	x10,x2,64
     f02:	0000                	c.unimp
     f04:	7800                	c.flw	f8,48(x8)
     f06:	0000                	c.unimp
     f08:	0000                	c.unimp
     f0a:	0066                	c.slli	x0,0x19
     f0c:	0000                	c.unimp
     f0e:	4500                	c.lw	x8,8(x10)
     f10:	0000                	c.unimp
     f12:	0000                	c.unimp
     f14:	0000008f          	0x8f
     f18:	4c00                	c.lw	x8,24(x8)
     f1a:	0000                	c.unimp
     f1c:	0000                	c.unimp
     f1e:	0105                	c.addi	x2,1
     f20:	0500                	c.addi4spn	x8,x2,640
     f22:	6802                	c.flwsp	f16,0(x2)
     f24:	0012                	c.slli	x0,0x4
     f26:	0380                	c.addi4spn	x8,x2,448
     f28:	0111                	c.addi	x2,4
     f2a:	0f05                	c.addi	x30,1
     f2c:	0c090103          	lb	x2,192(x18)
     f30:	0100                	c.addi4spn	x8,x2,128
     f32:	0105                	c.addi	x2,1
     f34:	0c090103          	lb	x2,192(x18)
     f38:	0100                	c.addi4spn	x8,x2,128
     f3a:	10090403          	lb	x8,256(x18)
     f3e:	0100                	c.addi4spn	x8,x2,128
     f40:	0d05                	c.addi	x26,1
     f42:	10090103          	lb	x2,256(x18)
     f46:	0100                	c.addi4spn	x8,x2,128
     f48:	0705                	c.addi	x14,1
     f4a:	10090003          	lb	x0,256(x18)
     f4e:	0100                	c.addi4spn	x8,x2,128
     f50:	1005                	c.addi	x0,-31
     f52:	04090103          	lb	x2,64(x18)
     f56:	0100                	c.addi4spn	x8,x2,128
     f58:	2205                	c.jal	1078 <_start-0x7fffef88>
     f5a:	08090303          	lb	x6,128(x18)
     f5e:	0100                	c.addi4spn	x8,x2,128
     f60:	2e05                	c.jal	1290 <_start-0x7fffed70>
     f62:	08090003          	lb	x0,128(x18)
     f66:	0100                	c.addi4spn	x8,x2,128
     f68:	0e05                	c.addi	x28,1
     f6a:	04090003          	lb	x0,64(x18)
     f6e:	0100                	c.addi4spn	x8,x2,128
     f70:	1005                	c.addi	x0,-31
     f72:	08090103          	lb	x2,128(x18)
     f76:	0100                	c.addi4spn	x8,x2,128
     f78:	0105                	c.addi	x2,1
     f7a:	04090203          	lb	x4,64(x18)
     f7e:	0100                	c.addi4spn	x8,x2,128
     f80:	10090303          	lb	x6,256(x18)
     f84:	0100                	c.addi4spn	x8,x2,128
     f86:	0d05                	c.addi	x26,1
     f88:	10090103          	lb	x2,256(x18)
     f8c:	0100                	c.addi4spn	x8,x2,128
     f8e:	0705                	c.addi	x14,1
     f90:	10090003          	lb	x0,256(x18)
     f94:	0100                	c.addi4spn	x8,x2,128
     f96:	1005                	c.addi	x0,-31
     f98:	04090103          	lb	x2,64(x18)
     f9c:	0100                	c.addi4spn	x8,x2,128
     f9e:	1f05                	c.addi	x30,-31
     fa0:	08090103          	lb	x2,128(x18)
     fa4:	0100                	c.addi4spn	x8,x2,128
     fa6:	0105                	c.addi	x2,1
     fa8:	0c090103          	lb	x2,192(x18)
     fac:	0100                	c.addi4spn	x8,x2,128
     fae:	10090303          	lb	x6,256(x18)
     fb2:	0100                	c.addi4spn	x8,x2,128
     fb4:	1005                	c.addi	x0,-31
     fb6:	0c090203          	lb	x4,192(x18)
     fba:	0100                	c.addi4spn	x8,x2,128
     fbc:	0c05                	c.addi	x24,1
     fbe:	14090103          	lb	x2,320(x18)
     fc2:	0100                	c.addi4spn	x8,x2,128
     fc4:	0105                	c.addi	x2,1
     fc6:	08090103          	lb	x2,128(x18)
     fca:	0100                	c.addi4spn	x8,x2,128
     fcc:	10090403          	lb	x8,256(x18)
     fd0:	0100                	c.addi4spn	x8,x2,128
     fd2:	1205                	c.addi	x4,-31
     fd4:	0c090103          	lb	x2,192(x18)
     fd8:	0100                	c.addi4spn	x8,x2,128
     fda:	0d05                	c.addi	x26,1
     fdc:	08090103          	lb	x2,128(x18)
     fe0:	0100                	c.addi4spn	x8,x2,128
     fe2:	0505                	c.addi	x10,1
     fe4:	04090003          	lb	x0,64(x18)
     fe8:	0100                	c.addi4spn	x8,x2,128
     fea:	1c05                	c.addi	x24,-31
     fec:	0200                	c.addi4spn	x8,x2,256
     fee:	0304                	c.addi4spn	x9,x2,384
     ff0:	04090303          	lb	x6,64(x18)
     ff4:	0100                	c.addi4spn	x8,x2,128
     ff6:	3705                	c.jal	f16 <_start-0x7ffff0ea>
     ff8:	0200                	c.addi4spn	x8,x2,256
     ffa:	0304                	c.addi4spn	x9,x2,384
     ffc:	24090103          	lb	x2,576(x18)
    1000:	0100                	c.addi4spn	x8,x2,128
    1002:	3c05                	c.jal	a32 <_start-0x7ffff5ce>
    1004:	0200                	c.addi4spn	x8,x2,256
    1006:	0304                	c.addi4spn	x9,x2,384
    1008:	08090003          	lb	x0,128(x18)
    100c:	0100                	c.addi4spn	x8,x2,128
    100e:	3205                	c.jal	92e <_start-0x7ffff6d2>
    1010:	0200                	c.addi4spn	x8,x2,256
    1012:	0304                	c.addi4spn	x9,x2,384
    1014:	08090003          	lb	x0,128(x18)
    1018:	0100                	c.addi4spn	x8,x2,128
    101a:	1f05                	c.addi	x30,-31
    101c:	0200                	c.addi4spn	x8,x2,256
    101e:	0304                	c.addi4spn	x9,x2,384
    1020:	08090003          	lb	x0,128(x18)
    1024:	0100                	c.addi4spn	x8,x2,128
    1026:	1d05                	c.addi	x26,-31
    1028:	0200                	c.addi4spn	x8,x2,256
    102a:	0304                	c.addi4spn	x9,x2,384
    102c:	04090003          	lb	x0,64(x18)
    1030:	0100                	c.addi4spn	x8,x2,128
    1032:	0200                	c.addi4spn	x8,x2,256
    1034:	0304                	c.addi4spn	x9,x2,384
    1036:	24097c03          	0x24097c03
    103a:	0100                	c.addi4spn	x8,x2,128
    103c:	1605                	c.addi	x12,-31
    103e:	0200                	c.addi4spn	x8,x2,256
    1040:	0104                	c.addi4spn	x9,x2,128
    1042:	0c090003          	lb	x0,192(x18)
    1046:	0100                	c.addi4spn	x8,x2,128
    1048:	0105                	c.addi	x2,1
    104a:	0c090603          	lb	x12,192(x18)
    104e:	0100                	c.addi4spn	x8,x2,128
    1050:	14090403          	lb	x8,320(x18)
    1054:	0100                	c.addi4spn	x8,x2,128
    1056:	0d05                	c.addi	x26,1
    1058:	10090103          	lb	x2,256(x18)
    105c:	0100                	c.addi4spn	x8,x2,128
    105e:	0505                	c.addi	x10,1
    1060:	04090003          	lb	x0,64(x18)
    1064:	0100                	c.addi4spn	x8,x2,128
    1066:	1805                	c.addi	x16,-31
    1068:	04090203          	lb	x4,64(x18)
    106c:	0100                	c.addi4spn	x8,x2,128
    106e:	0b05                	c.addi	x22,1
    1070:	24090003          	lb	x0,576(x18)
    1074:	0100                	c.addi4spn	x8,x2,128
    1076:	2005                	c.jal	1096 <_start-0x7fffef6a>
    1078:	04090203          	lb	x4,64(x18)
    107c:	0100                	c.addi4spn	x8,x2,128
    107e:	1e05                	c.addi	x28,-31
    1080:	08090003          	lb	x0,128(x18)
    1084:	0100                	c.addi4spn	x8,x2,128
    1086:	1f05                	c.addi	x30,-31
    1088:	24090303          	lb	x6,576(x18)
    108c:	0100                	c.addi4spn	x8,x2,128
    108e:	2005                	c.jal	10ae <_start-0x7fffef52>
    1090:	08090103          	lb	x2,128(x18)
    1094:	0100                	c.addi4spn	x8,x2,128
    1096:	2b05                	c.jal	15c6 <_start-0x7fffea3a>
    1098:	28090303          	lb	x6,640(x18)
    109c:	0100                	c.addi4spn	x8,x2,128
    109e:	1405                	c.addi	x8,-31
    10a0:	28090103          	lb	x2,640(x18)
    10a4:	0100                	c.addi4spn	x8,x2,128
    10a6:	2305                	c.jal	15c6 <_start-0x7fffea3a>
    10a8:	0200                	c.addi4spn	x8,x2,256
    10aa:	0204                	c.addi4spn	x9,x2,256
    10ac:	24097403          	0x24097403
    10b0:	0100                	c.addi4spn	x8,x2,128
    10b2:	1605                	c.addi	x12,-31
    10b4:	0200                	c.addi4spn	x8,x2,256
    10b6:	0104                	c.addi4spn	x9,x2,128
    10b8:	0c090003          	lb	x0,192(x18)
    10bc:	0100                	c.addi4spn	x8,x2,128
    10be:	0c05                	c.addi	x24,1
    10c0:	0c090f03          	lb	x30,192(x18)
    10c4:	0100                	c.addi4spn	x8,x2,128
    10c6:	0105                	c.addi	x2,1
    10c8:	04090103          	lb	x2,64(x18)
    10cc:	0100                	c.addi4spn	x8,x2,128
    10ce:	14090503          	lb	x10,320(x18)
    10d2:	0100                	c.addi4spn	x8,x2,128
    10d4:	1405                	c.addi	x8,-31
    10d6:	10090103          	lb	x2,256(x18)
    10da:	0100                	c.addi4spn	x8,x2,128
    10dc:	1305                	c.addi	x6,-31
    10de:	08090103          	lb	x2,128(x18)
    10e2:	0100                	c.addi4spn	x8,x2,128
    10e4:	0705                	c.addi	x14,1
    10e6:	08090103          	lb	x2,128(x18)
    10ea:	0100                	c.addi4spn	x8,x2,128
    10ec:	1705                	c.addi	x14,-31
    10ee:	08090303          	lb	x6,128(x18)
    10f2:	0100                	c.addi4spn	x8,x2,128
    10f4:	1605                	c.addi	x12,-31
    10f6:	08090103          	lb	x2,128(x18)
    10fa:	0100                	c.addi4spn	x8,x2,128
    10fc:	0505                	c.addi	x10,1
    10fe:	0c090303          	lb	x6,192(x18)
    1102:	0100                	c.addi4spn	x8,x2,128
    1104:	1905                	c.addi	x18,-31
    1106:	1c090103          	lb	x2,448(x18)
    110a:	0100                	c.addi4spn	x8,x2,128
    110c:	1105                	c.addi	x2,-31
    110e:	08090003          	lb	x0,128(x18)
    1112:	0100                	c.addi4spn	x8,x2,128
    1114:	0505                	c.addi	x10,1
    1116:	08090203          	lb	x4,128(x18)
    111a:	0100                	c.addi4spn	x8,x2,128
    111c:	3905                	c.jal	d4c <_start-0x7ffff2b4>
    111e:	08090003          	lb	x0,128(x18)
    1122:	0100                	c.addi4spn	x8,x2,128
    1124:	0505                	c.addi	x10,1
    1126:	08090003          	lb	x0,128(x18)
    112a:	0100                	c.addi4spn	x8,x2,128
    112c:	1305                	c.addi	x6,-31
    112e:	0c090203          	lb	x4,192(x18)
    1132:	0100                	c.addi4spn	x8,x2,128
    1134:	2d05                	c.jal	1764 <_start-0x7fffe89c>
    1136:	08090003          	lb	x0,128(x18)
    113a:	0100                	c.addi4spn	x8,x2,128
    113c:	0505                	c.addi	x10,1
    113e:	08090003          	lb	x0,128(x18)
    1142:	0100                	c.addi4spn	x8,x2,128
    1144:	0a05                	c.addi	x20,1
    1146:	10090303          	lb	x6,256(x18)
    114a:	0100                	c.addi4spn	x8,x2,128
    114c:	2105                	c.jal	156c <_start-0x7fffea94>
    114e:	08090003          	lb	x0,128(x18)
    1152:	0100                	c.addi4spn	x8,x2,128
    1154:	1305                	c.addi	x6,-31
    1156:	04090303          	lb	x6,64(x18)
    115a:	0100                	c.addi4spn	x8,x2,128
    115c:	2105                	c.jal	157c <_start-0x7fffea84>
    115e:	08090003          	lb	x0,128(x18)
    1162:	0100                	c.addi4spn	x8,x2,128
    1164:	0505                	c.addi	x10,1
    1166:	08090003          	lb	x0,128(x18)
    116a:	0100                	c.addi4spn	x8,x2,128
    116c:	1305                	c.addi	x6,-31
    116e:	0c090203          	lb	x4,192(x18)
    1172:	0100                	c.addi4spn	x8,x2,128
    1174:	1705                	c.addi	x14,-31
    1176:	0c090203          	lb	x4,192(x18)
    117a:	0100                	c.addi4spn	x8,x2,128
    117c:	1e05                	c.addi	x28,-31
    117e:	10090103          	lb	x2,256(x18)
    1182:	0100                	c.addi4spn	x8,x2,128
    1184:	3005                	c.jal	9a4 <_start-0x7ffff65c>
    1186:	08090003          	lb	x0,128(x18)
    118a:	0100                	c.addi4spn	x8,x2,128
    118c:	1705                	c.addi	x14,-31
    118e:	04090003          	lb	x0,64(x18)
    1192:	0100                	c.addi4spn	x8,x2,128
    1194:	1205                	c.addi	x4,-31
    1196:	08090103          	lb	x2,128(x18)
    119a:	0100                	c.addi4spn	x8,x2,128
    119c:	1105                	c.addi	x2,-31
    119e:	0c090303          	lb	x6,192(x18)
    11a2:	0100                	c.addi4spn	x8,x2,128
    11a4:	0905                	c.addi	x18,1
    11a6:	0c096603          	0xc096603
    11aa:	0100                	c.addi4spn	x8,x2,128
    11ac:	0105                	c.addi	x2,1
    11ae:	08091b03          	lh	x22,128(x18)
    11b2:	0100                	c.addi4spn	x8,x2,128
    11b4:	14090503          	lb	x10,320(x18)
    11b8:	0100                	c.addi4spn	x8,x2,128
    11ba:	1a05                	c.addi	x20,-31
    11bc:	24090203          	lb	x4,576(x18)
    11c0:	0100                	c.addi4spn	x8,x2,128
    11c2:	2205                	c.jal	12e2 <_start-0x7fffed1e>
    11c4:	14090103          	lb	x2,320(x18)
    11c8:	0100                	c.addi4spn	x8,x2,128
    11ca:	3705                	c.jal	10ea <_start-0x7fffef16>
    11cc:	08090003          	lb	x0,128(x18)
    11d0:	0100                	c.addi4spn	x8,x2,128
    11d2:	2b05                	c.jal	1702 <_start-0x7fffe8fe>
    11d4:	08090003          	lb	x0,128(x18)
    11d8:	0100                	c.addi4spn	x8,x2,128
    11da:	0c05                	c.addi	x24,1
    11dc:	04090003          	lb	x0,64(x18)
    11e0:	0100                	c.addi4spn	x8,x2,128
    11e2:	0505                	c.addi	x10,1
    11e4:	0c090103          	lb	x2,192(x18)
    11e8:	0100                	c.addi4spn	x8,x2,128
    11ea:	30090403          	lb	x8,768(x18)
    11ee:	0100                	c.addi4spn	x8,x2,128
    11f0:	3805                	c.jal	a20 <_start-0x7ffff5e0>
    11f2:	08090003          	lb	x0,128(x18)
    11f6:	0100                	c.addi4spn	x8,x2,128
    11f8:	0505                	c.addi	x10,1
    11fa:	08090003          	lb	x0,128(x18)
    11fe:	0100                	c.addi4spn	x8,x2,128
    1200:	0105                	c.addi	x2,1
    1202:	24090103          	lb	x2,576(x18)
    1206:	0100                	c.addi4spn	x8,x2,128
    1208:	1c090503          	lb	x10,448(x18)
    120c:	0100                	c.addi4spn	x8,x2,128
    120e:	0f05                	c.addi	x30,1
    1210:	1c090103          	lb	x2,448(x18)
    1214:	0100                	c.addi4spn	x8,x2,128
    1216:	1705                	c.addi	x14,-31
    1218:	08090103          	lb	x2,128(x18)
    121c:	0100                	c.addi4spn	x8,x2,128
    121e:	0b05                	c.addi	x22,1
    1220:	08090103          	lb	x2,128(x18)
    1224:	0100                	c.addi4spn	x8,x2,128
    1226:	0905                	c.addi	x18,1
    1228:	04090103          	lb	x2,64(x18)
    122c:	0100                	c.addi4spn	x8,x2,128
    122e:	0705                	c.addi	x14,1
    1230:	08090003          	lb	x0,128(x18)
    1234:	0100                	c.addi4spn	x8,x2,128
    1236:	1705                	c.addi	x14,-31
    1238:	04090103          	lb	x2,64(x18)
    123c:	0100                	c.addi4spn	x8,x2,128
    123e:	0805                	c.addi	x16,1
    1240:	0c090403          	lb	x8,192(x18)
    1244:	0100                	c.addi4spn	x8,x2,128
    1246:	0705                	c.addi	x14,1
    1248:	14090003          	lb	x0,320(x18)
    124c:	0100                	c.addi4spn	x8,x2,128
    124e:	1405                	c.addi	x8,-31
    1250:	04090103          	lb	x2,64(x18)
    1254:	0100                	c.addi4spn	x8,x2,128
    1256:	1605                	c.addi	x12,-31
    1258:	0c090203          	lb	x4,192(x18)
    125c:	0100                	c.addi4spn	x8,x2,128
    125e:	0d05                	c.addi	x26,1
    1260:	0c090303          	lb	x6,192(x18)
    1264:	0100                	c.addi4spn	x8,x2,128
    1266:	0505                	c.addi	x10,1
    1268:	04090003          	lb	x0,64(x18)
    126c:	0100                	c.addi4spn	x8,x2,128
    126e:	1005                	c.addi	x0,-31
    1270:	04090203          	lb	x4,64(x18)
    1274:	0100                	c.addi4spn	x8,x2,128
    1276:	0b05                	c.addi	x22,1
    1278:	10090003          	lb	x0,256(x18)
    127c:	0100                	c.addi4spn	x8,x2,128
    127e:	1a05                	c.addi	x20,-31
    1280:	0200                	c.addi4spn	x8,x2,256
    1282:	0204                	c.addi4spn	x9,x2,256
    1284:	04090203          	lb	x4,64(x18)
    1288:	0100                	c.addi4spn	x8,x2,128
    128a:	1405                	c.addi	x8,-31
    128c:	0200                	c.addi4spn	x8,x2,256
    128e:	0204                	c.addi4spn	x9,x2,256
    1290:	10090003          	lb	x0,256(x18)
    1294:	0100                	c.addi4spn	x8,x2,128
    1296:	1e05                	c.addi	x28,-31
    1298:	0200                	c.addi4spn	x8,x2,256
    129a:	0204                	c.addi4spn	x9,x2,256
    129c:	10097c03          	0x10097c03
    12a0:	0100                	c.addi4spn	x8,x2,128
    12a2:	1705                	c.addi	x14,-31
    12a4:	0200                	c.addi4spn	x8,x2,256
    12a6:	0104                	c.addi4spn	x9,x2,128
    12a8:	0c090003          	lb	x0,192(x18)
    12ac:	0100                	c.addi4spn	x8,x2,128
    12ae:	0d05                	c.addi	x26,1
    12b0:	10090303          	lb	x6,256(x18)
    12b4:	0100                	c.addi4spn	x8,x2,128
    12b6:	1205                	c.addi	x4,-31
    12b8:	04090503          	lb	x10,64(x18)
    12bc:	0100                	c.addi4spn	x8,x2,128
    12be:	0c090203          	lb	x4,192(x18)
    12c2:	0100                	c.addi4spn	x8,x2,128
    12c4:	0705                	c.addi	x14,1
    12c6:	08090003          	lb	x0,128(x18)
    12ca:	0100                	c.addi4spn	x8,x2,128
    12cc:	1005                	c.addi	x0,-31
    12ce:	08090203          	lb	x4,128(x18)
    12d2:	0100                	c.addi4spn	x8,x2,128
    12d4:	0605                	c.addi	x12,1
    12d6:	08090303          	lb	x6,128(x18)
    12da:	0100                	c.addi4spn	x8,x2,128
    12dc:	2a05                	c.jal	140c <_start-0x7fffebf4>
    12de:	08090003          	lb	x0,128(x18)
    12e2:	0100                	c.addi4spn	x8,x2,128
    12e4:	1e05                	c.addi	x28,-31
    12e6:	08090003          	lb	x0,128(x18)
    12ea:	0100                	c.addi4spn	x8,x2,128
    12ec:	0c05                	c.addi	x24,1
    12ee:	04090303          	lb	x6,64(x18)
    12f2:	0100                	c.addi4spn	x8,x2,128
    12f4:	1205                	c.addi	x4,-31
    12f6:	0c090103          	lb	x2,192(x18)
    12fa:	0100                	c.addi4spn	x8,x2,128
    12fc:	0d05                	c.addi	x26,1
    12fe:	08090103          	lb	x2,128(x18)
    1302:	0100                	c.addi4spn	x8,x2,128
    1304:	0505                	c.addi	x10,1
    1306:	04090003          	lb	x0,64(x18)
    130a:	0100                	c.addi4spn	x8,x2,128
    130c:	5f05                	c.li	x30,-31
    130e:	04090303          	lb	x6,64(x18)
    1312:	0100                	c.addi4spn	x8,x2,128
    1314:	5b05                	c.li	x22,-31
    1316:	18090003          	lb	x0,384(x18)
    131a:	0100                	c.addi4spn	x8,x2,128
    131c:	1905                	c.addi	x18,-31
    131e:	08090003          	lb	x0,128(x18)
    1322:	0100                	c.addi4spn	x8,x2,128
    1324:	0b05                	c.addi	x22,1
    1326:	0c090103          	lb	x2,192(x18)
    132a:	0100                	c.addi4spn	x8,x2,128
    132c:	1405                	c.addi	x8,-31
    132e:	08090103          	lb	x2,128(x18)
    1332:	0100                	c.addi4spn	x8,x2,128
    1334:	0905                	c.addi	x18,1
    1336:	0200                	c.addi4spn	x8,x2,256
    1338:	0204                	c.addi4spn	x9,x2,256
    133a:	08090203          	lb	x4,128(x18)
    133e:	0100                	c.addi4spn	x8,x2,128
    1340:	1105                	c.addi	x2,-31
    1342:	0200                	c.addi4spn	x8,x2,256
    1344:	0204                	c.addi4spn	x9,x2,256
    1346:	10090103          	lb	x2,256(x18)
    134a:	0100                	c.addi4spn	x8,x2,128
    134c:	1e05                	c.addi	x28,-31
    134e:	0200                	c.addi4spn	x8,x2,256
    1350:	0204                	c.addi4spn	x9,x2,256
    1352:	08090003          	lb	x0,128(x18)
    1356:	0100                	c.addi4spn	x8,x2,128
    1358:	1105                	c.addi	x2,-31
    135a:	0200                	c.addi4spn	x8,x2,256
    135c:	0204                	c.addi4spn	x9,x2,256
    135e:	08090003          	lb	x0,128(x18)
    1362:	0100                	c.addi4spn	x8,x2,128
    1364:	3405                	c.jal	d84 <_start-0x7ffff27c>
    1366:	0200                	c.addi4spn	x8,x2,256
    1368:	0204                	c.addi4spn	x9,x2,256
    136a:	0c097803          	0xc097803
    136e:	0100                	c.addi4spn	x8,x2,128
    1370:	2205                	c.jal	1490 <_start-0x7fffeb70>
    1372:	0200                	c.addi4spn	x8,x2,256
    1374:	0104                	c.addi4spn	x9,x2,128
    1376:	0c090003          	lb	x0,192(x18)
    137a:	0100                	c.addi4spn	x8,x2,128
    137c:	1605                	c.addi	x12,-31
    137e:	0200                	c.addi4spn	x8,x2,256
    1380:	0104                	c.addi4spn	x9,x2,128
    1382:	08090003          	lb	x0,128(x18)
    1386:	0100                	c.addi4spn	x8,x2,128
    1388:	1405                	c.addi	x8,-31
    138a:	08090c03          	lb	x24,128(x18)
    138e:	0100                	c.addi4spn	x8,x2,128
    1390:	2605                	c.jal	16b0 <_start-0x7fffe950>
    1392:	08090103          	lb	x2,128(x18)
    1396:	0100                	c.addi4spn	x8,x2,128
    1398:	0505                	c.addi	x10,1
    139a:	14090003          	lb	x0,320(x18)
    139e:	0100                	c.addi4spn	x8,x2,128
    13a0:	1f05                	c.addi	x30,-31
    13a2:	30090103          	lb	x2,768(x18)
    13a6:	0100                	c.addi4spn	x8,x2,128
    13a8:	0605                	c.addi	x12,1
    13aa:	14090003          	lb	x0,320(x18)
    13ae:	0100                	c.addi4spn	x8,x2,128
    13b0:	4005                	c.li	x0,1
    13b2:	08090003          	lb	x0,128(x18)
    13b6:	0100                	c.addi4spn	x8,x2,128
    13b8:	1d05                	c.addi	x26,-31
    13ba:	08090003          	lb	x0,128(x18)
    13be:	0100                	c.addi4spn	x8,x2,128
    13c0:	0f05                	c.addi	x30,1
    13c2:	04090403          	lb	x8,64(x18)
    13c6:	0100                	c.addi4spn	x8,x2,128
    13c8:	2505                	c.jal	19e8 <_start-0x7fffe618>
    13ca:	14090003          	lb	x0,320(x18)
    13ce:	0100                	c.addi4spn	x8,x2,128
    13d0:	0d05                	c.addi	x26,1
    13d2:	08090003          	lb	x0,128(x18)
    13d6:	0100                	c.addi4spn	x8,x2,128
    13d8:	0505                	c.addi	x10,1
    13da:	08090303          	lb	x6,128(x18)
    13de:	0100                	c.addi4spn	x8,x2,128
    13e0:	4405                	c.li	x8,1
    13e2:	08090003          	lb	x0,128(x18)
    13e6:	0100                	c.addi4spn	x8,x2,128
    13e8:	0505                	c.addi	x10,1
    13ea:	08090003          	lb	x0,128(x18)
    13ee:	0100                	c.addi4spn	x8,x2,128
    13f0:	0f05                	c.addi	x30,1
    13f2:	0c090103          	lb	x2,192(x18)
    13f6:	0100                	c.addi4spn	x8,x2,128
    13f8:	0605                	c.addi	x12,1
    13fa:	08090303          	lb	x6,128(x18)
    13fe:	0100                	c.addi4spn	x8,x2,128
    1400:	2805                	c.jal	1430 <_start-0x7fffebd0>
    1402:	08090003          	lb	x0,128(x18)
    1406:	0100                	c.addi4spn	x8,x2,128
    1408:	2605                	c.jal	1728 <_start-0x7fffe8d8>
    140a:	08090003          	lb	x0,128(x18)
    140e:	0100                	c.addi4spn	x8,x2,128
    1410:	0605                	c.addi	x12,1
    1412:	04090303          	lb	x6,64(x18)
    1416:	0100                	c.addi4spn	x8,x2,128
    1418:	2605                	c.jal	1738 <_start-0x7fffe8c8>
    141a:	08090003          	lb	x0,128(x18)
    141e:	0100                	c.addi4spn	x8,x2,128
    1420:	0705                	c.addi	x14,1
    1422:	0c090303          	lb	x6,192(x18)
    1426:	0100                	c.addi4spn	x8,x2,128
    1428:	0905                	c.addi	x18,1
    142a:	08090103          	lb	x2,128(x18)
    142e:	0100                	c.addi4spn	x8,x2,128
    1430:	0c05                	c.addi	x24,1
    1432:	08090203          	lb	x4,128(x18)
    1436:	0100                	c.addi4spn	x8,x2,128
    1438:	0105                	c.addi	x2,1
    143a:	04090103          	lb	x2,64(x18)
    143e:	0100                	c.addi4spn	x8,x2,128
    1440:	1c090403          	lb	x8,448(x18)
    1444:	0100                	c.addi4spn	x8,x2,128
    1446:	0f05                	c.addi	x30,1
    1448:	10090203          	lb	x4,256(x18)
    144c:	0100                	c.addi4spn	x8,x2,128
    144e:	0e05                	c.addi	x28,1
    1450:	08090103          	lb	x2,128(x18)
    1454:	0100                	c.addi4spn	x8,x2,128
    1456:	0c090103          	lb	x2,192(x18)
    145a:	0100                	c.addi4spn	x8,x2,128
    145c:	1605                	c.addi	x12,-31
    145e:	0c090103          	lb	x2,192(x18)
    1462:	0100                	c.addi4spn	x8,x2,128
    1464:	1f05                	c.addi	x30,-31
    1466:	08090003          	lb	x0,128(x18)
    146a:	0100                	c.addi4spn	x8,x2,128
    146c:	1305                	c.addi	x6,-31
    146e:	08090003          	lb	x0,128(x18)
    1472:	0100                	c.addi4spn	x8,x2,128
    1474:	0c090103          	lb	x2,192(x18)
    1478:	0100                	c.addi4spn	x8,x2,128
    147a:	0505                	c.addi	x10,1
    147c:	10090303          	lb	x6,256(x18)
    1480:	0100                	c.addi4spn	x8,x2,128
    1482:	0105                	c.addi	x2,1
    1484:	04090103          	lb	x2,64(x18)
    1488:	0100                	c.addi4spn	x8,x2,128
    148a:	10090403          	lb	x8,256(x18)
    148e:	0100                	c.addi4spn	x8,x2,128
    1490:	0505                	c.addi	x10,1
    1492:	10090103          	lb	x2,256(x18)
    1496:	0100                	c.addi4spn	x8,x2,128
    1498:	0f05                	c.addi	x30,1
    149a:	04090103          	lb	x2,64(x18)
    149e:	0100                	c.addi4spn	x8,x2,128
    14a0:	2105                	c.jal	18c0 <_start-0x7fffe740>
    14a2:	08090203          	lb	x4,128(x18)
    14a6:	0100                	c.addi4spn	x8,x2,128
    14a8:	0c05                	c.addi	x24,1
    14aa:	08090003          	lb	x0,128(x18)
    14ae:	0100                	c.addi4spn	x8,x2,128
    14b0:	04090103          	lb	x2,64(x18)
    14b4:	0100                	c.addi4spn	x8,x2,128
    14b6:	0c090103          	lb	x2,192(x18)
    14ba:	0100                	c.addi4spn	x8,x2,128
    14bc:	1305                	c.addi	x6,-31
    14be:	10090103          	lb	x2,256(x18)
    14c2:	0100                	c.addi4spn	x8,x2,128
    14c4:	0605                	c.addi	x12,1
    14c6:	10090103          	lb	x2,256(x18)
    14ca:	0100                	c.addi4spn	x8,x2,128
    14cc:	0105                	c.addi	x2,1
    14ce:	10090103          	lb	x2,256(x18)
    14d2:	0100                	c.addi4spn	x8,x2,128
    14d4:	14090603          	lb	x12,320(x18)
    14d8:	0100                	c.addi4spn	x8,x2,128
    14da:	0f05                	c.addi	x30,1
    14dc:	10090103          	lb	x2,256(x18)
    14e0:	0100                	c.addi4spn	x8,x2,128
    14e2:	0e05                	c.addi	x28,1
    14e4:	08090103          	lb	x2,128(x18)
    14e8:	0100                	c.addi4spn	x8,x2,128
    14ea:	0905                	c.addi	x18,1
    14ec:	0c090403          	lb	x8,192(x18)
    14f0:	0100                	c.addi4spn	x8,x2,128
    14f2:	0705                	c.addi	x14,1
    14f4:	08090003          	lb	x0,128(x18)
    14f8:	0100                	c.addi4spn	x8,x2,128
    14fa:	0505                	c.addi	x10,1
    14fc:	08090303          	lb	x6,128(x18)
    1500:	0100                	c.addi4spn	x8,x2,128
    1502:	0905                	c.addi	x18,1
    1504:	1c097e03          	0x1c097e03
    1508:	0100                	c.addi4spn	x8,x2,128
    150a:	0105                	c.addi	x2,1
    150c:	04090303          	lb	x6,64(x18)
    1510:	0100                	c.addi4spn	x8,x2,128
    1512:	10090303          	lb	x6,256(x18)
    1516:	0100                	c.addi4spn	x8,x2,128
    1518:	0d05                	c.addi	x26,1
    151a:	10090103          	lb	x2,256(x18)
    151e:	0100                	c.addi4spn	x8,x2,128
    1520:	0105                	c.addi	x2,1
    1522:	08090103          	lb	x2,128(x18)
    1526:	0100                	c.addi4spn	x8,x2,128
    1528:	10090403          	lb	x8,256(x18)
    152c:	0100                	c.addi4spn	x8,x2,128
    152e:	0905                	c.addi	x18,1
    1530:	14090103          	lb	x2,320(x18)
    1534:	0100                	c.addi4spn	x8,x2,128
    1536:	1005                	c.addi	x0,-31
    1538:	0c090203          	lb	x4,192(x18)
    153c:	0100                	c.addi4spn	x8,x2,128
    153e:	0505                	c.addi	x10,1
    1540:	04090003          	lb	x0,64(x18)
    1544:	0100                	c.addi4spn	x8,x2,128
    1546:	1805                	c.addi	x16,-31
    1548:	04090203          	lb	x4,64(x18)
    154c:	0100                	c.addi4spn	x8,x2,128
    154e:	0b05                	c.addi	x22,1
    1550:	24090003          	lb	x0,576(x18)
    1554:	0100                	c.addi4spn	x8,x2,128
    1556:	2105                	c.jal	1976 <_start-0x7fffe68a>
    1558:	08090303          	lb	x6,128(x18)
    155c:	0100                	c.addi4spn	x8,x2,128
    155e:	0d05                	c.addi	x26,1
    1560:	2c090303          	lb	x6,704(x18)
    1564:	0100                	c.addi4spn	x8,x2,128
    1566:	2805                	c.jal	1596 <_start-0x7fffea6a>
    1568:	0200                	c.addi4spn	x8,x2,256
    156a:	0204                	c.addi4spn	x9,x2,256
    156c:	10097803          	0x10097803
    1570:	0100                	c.addi4spn	x8,x2,128
    1572:	1a05                	c.addi	x20,-31
    1574:	0200                	c.addi4spn	x8,x2,256
    1576:	0104                	c.addi4spn	x9,x2,128
    1578:	0c090003          	lb	x0,192(x18)
    157c:	0100                	c.addi4spn	x8,x2,128
    157e:	0105                	c.addi	x2,1
    1580:	0c090b03          	lb	x22,192(x18)
    1584:	0100                	c.addi4spn	x8,x2,128
    1586:	18090303          	lb	x6,384(x18)
    158a:	0100                	c.addi4spn	x8,x2,128
    158c:	0f05                	c.addi	x30,1
    158e:	14090203          	lb	x4,320(x18)
    1592:	0100                	c.addi4spn	x8,x2,128
    1594:	0a05                	c.addi	x20,1
    1596:	08090203          	lb	x4,128(x18)
    159a:	0100                	c.addi4spn	x8,x2,128
    159c:	0705                	c.addi	x14,1
    159e:	08090003          	lb	x0,128(x18)
    15a2:	0100                	c.addi4spn	x8,x2,128
    15a4:	0505                	c.addi	x10,1
    15a6:	08090403          	lb	x8,128(x18)
    15aa:	0100                	c.addi4spn	x8,x2,128
    15ac:	0e05                	c.addi	x28,1
    15ae:	08090203          	lb	x4,128(x18)
    15b2:	0100                	c.addi4spn	x8,x2,128
    15b4:	1005                	c.addi	x0,-31
    15b6:	0c090103          	lb	x2,192(x18)
    15ba:	0100                	c.addi4spn	x8,x2,128
    15bc:	0e05                	c.addi	x28,1
    15be:	0c090203          	lb	x4,192(x18)
    15c2:	0100                	c.addi4spn	x8,x2,128
    15c4:	0505                	c.addi	x10,1
    15c6:	08090003          	lb	x0,128(x18)
    15ca:	0100                	c.addi4spn	x8,x2,128
    15cc:	0905                	c.addi	x18,1
    15ce:	0c097803          	0xc097803
    15d2:	0100                	c.addi4spn	x8,x2,128
    15d4:	0105                	c.addi	x2,1
    15d6:	04090903          	lb	x18,64(x18)
    15da:	0100                	c.addi4spn	x8,x2,128
    15dc:	10090403          	lb	x8,256(x18)
    15e0:	0100                	c.addi4spn	x8,x2,128
    15e2:	0d05                	c.addi	x26,1
    15e4:	18090103          	lb	x2,384(x18)
    15e8:	0100                	c.addi4spn	x8,x2,128
    15ea:	0505                	c.addi	x10,1
    15ec:	04090003          	lb	x0,64(x18)
    15f0:	0100                	c.addi4spn	x8,x2,128
    15f2:	1705                	c.addi	x14,-31
    15f4:	04090203          	lb	x4,64(x18)
    15f8:	0100                	c.addi4spn	x8,x2,128
    15fa:	1f05                	c.addi	x30,-31
    15fc:	24090003          	lb	x0,576(x18)
    1600:	0100                	c.addi4spn	x8,x2,128
    1602:	0b05                	c.addi	x22,1
    1604:	08090003          	lb	x0,128(x18)
    1608:	0100                	c.addi4spn	x8,x2,128
    160a:	1c05                	c.addi	x24,-31
    160c:	04090203          	lb	x4,64(x18)
    1610:	0100                	c.addi4spn	x8,x2,128
    1612:	0f05                	c.addi	x30,1
    1614:	24090003          	lb	x0,576(x18)
    1618:	0100                	c.addi4spn	x8,x2,128
    161a:	2405                	c.jal	183a <_start-0x7fffe7c6>
    161c:	08090203          	lb	x4,128(x18)
    1620:	0100                	c.addi4spn	x8,x2,128
    1622:	0200                	c.addi4spn	x8,x2,256
    1624:	0204                	c.addi4spn	x9,x2,256
    1626:	28097a03          	0x28097a03
    162a:	0100                	c.addi4spn	x8,x2,128
    162c:	1705                	c.addi	x14,-31
    162e:	0200                	c.addi4spn	x8,x2,256
    1630:	0104                	c.addi4spn	x9,x2,128
    1632:	0c090003          	lb	x0,192(x18)
    1636:	0100                	c.addi4spn	x8,x2,128
    1638:	0105                	c.addi	x2,1
    163a:	0c090a03          	lb	x20,192(x18)
    163e:	0100                	c.addi4spn	x8,x2,128
    1640:	1c090303          	lb	x6,448(x18)
    1644:	0100                	c.addi4spn	x8,x2,128
    1646:	0f05                	c.addi	x30,1
    1648:	14090103          	lb	x2,320(x18)
    164c:	0100                	c.addi4spn	x8,x2,128
    164e:	0d05                	c.addi	x26,1
    1650:	08090203          	lb	x4,128(x18)
    1654:	0100                	c.addi4spn	x8,x2,128
    1656:	0e05                	c.addi	x28,1
    1658:	0c090103          	lb	x2,192(x18)
    165c:	0100                	c.addi4spn	x8,x2,128
    165e:	0505                	c.addi	x10,1
    1660:	0c090203          	lb	x4,192(x18)
    1664:	0100                	c.addi4spn	x8,x2,128
    1666:	0d05                	c.addi	x26,1
    1668:	18090203          	lb	x4,384(x18)
    166c:	0100                	c.addi4spn	x8,x2,128
    166e:	0105                	c.addi	x2,1
    1670:	08090203          	lb	x4,128(x18)
    1674:	0100                	c.addi4spn	x8,x2,128
    1676:	14090403          	lb	x8,320(x18)
    167a:	0100                	c.addi4spn	x8,x2,128
    167c:	1405                	c.addi	x8,-31
    167e:	14090103          	lb	x2,320(x18)
    1682:	0100                	c.addi4spn	x8,x2,128
    1684:	1205                	c.addi	x4,-31
    1686:	08090703          	lb	x14,128(x18)
    168a:	0100                	c.addi4spn	x8,x2,128
    168c:	1105                	c.addi	x2,-31
    168e:	04090103          	lb	x2,64(x18)
    1692:	0100                	c.addi4spn	x8,x2,128
    1694:	0905                	c.addi	x18,1
    1696:	04090003          	lb	x0,64(x18)
    169a:	0100                	c.addi4spn	x8,x2,128
    169c:	1c05                	c.addi	x24,-31
    169e:	04090303          	lb	x6,64(x18)
    16a2:	0100                	c.addi4spn	x8,x2,128
    16a4:	0f05                	c.addi	x30,1
    16a6:	24090003          	lb	x0,576(x18)
    16aa:	0100                	c.addi4spn	x8,x2,128
    16ac:	1a05                	c.addi	x20,-31
    16ae:	08090203          	lb	x4,128(x18)
    16b2:	0100                	c.addi4spn	x8,x2,128
    16b4:	2005                	c.jal	16d4 <_start-0x7fffe92c>
    16b6:	08090303          	lb	x6,128(x18)
    16ba:	0100                	c.addi4spn	x8,x2,128
    16bc:	1305                	c.addi	x6,-31
    16be:	24090003          	lb	x0,576(x18)
    16c2:	0100                	c.addi4spn	x8,x2,128
    16c4:	1705                	c.addi	x14,-31
    16c6:	08090303          	lb	x6,128(x18)
    16ca:	0100                	c.addi4spn	x8,x2,128
    16cc:	1905                	c.addi	x18,-31
    16ce:	08090203          	lb	x4,128(x18)
    16d2:	0100                	c.addi4spn	x8,x2,128
    16d4:	3c05                	c.jal	1104 <_start-0x7fffeefc>
    16d6:	08090003          	lb	x0,128(x18)
    16da:	0100                	c.addi4spn	x8,x2,128
    16dc:	1905                	c.addi	x18,-31
    16de:	08090003          	lb	x0,128(x18)
    16e2:	0100                	c.addi4spn	x8,x2,128
    16e4:	14090603          	lb	x12,320(x18)
    16e8:	0100                	c.addi4spn	x8,x2,128
    16ea:	1505                	c.addi	x10,-31
    16ec:	0c090303          	lb	x6,192(x18)
    16f0:	0100                	c.addi4spn	x8,x2,128
    16f2:	1c05                	c.addi	x24,-31
    16f4:	08090203          	lb	x4,128(x18)
    16f8:	0100                	c.addi4spn	x8,x2,128
    16fa:	2005                	c.jal	171a <_start-0x7fffe8e6>
    16fc:	08097803          	0x8097803
    1700:	0100                	c.addi4spn	x8,x2,128
    1702:	2805                	c.jal	1732 <_start-0x7fffe8ce>
    1704:	0200                	c.addi4spn	x8,x2,256
    1706:	0204                	c.addi4spn	x9,x2,256
    1708:	08097003          	0x8097003
    170c:	0100                	c.addi4spn	x8,x2,128
    170e:	1b05                	c.addi	x22,-31
    1710:	0200                	c.addi4spn	x8,x2,256
    1712:	0104                	c.addi4spn	x9,x2,128
    1714:	0c090003          	lb	x0,192(x18)
    1718:	0100                	c.addi4spn	x8,x2,128
    171a:	0b05                	c.addi	x22,1
    171c:	0c091f03          	lh	x30,192(x18)
    1720:	0100                	c.addi4spn	x8,x2,128
    1722:	1405                	c.addi	x8,-31
    1724:	08090203          	lb	x4,128(x18)
    1728:	0100                	c.addi4spn	x8,x2,128
    172a:	0905                	c.addi	x18,1
    172c:	08090403          	lb	x8,128(x18)
    1730:	0100                	c.addi4spn	x8,x2,128
    1732:	1205                	c.addi	x4,-31
    1734:	08095a03          	lhu	x20,128(x18)
    1738:	0100                	c.addi4spn	x8,x2,128
    173a:	0105                	c.addi	x2,1
    173c:	04092903          	lw	x18,64(x18)
    1740:	0100                	c.addi4spn	x8,x2,128
    1742:	14090a03          	lb	x20,320(x18)
    1746:	0100                	c.addi4spn	x8,x2,128
    1748:	0a05                	c.addi	x20,1
    174a:	0200                	c.addi4spn	x8,x2,256
    174c:	0104                	c.addi4spn	x9,x2,128
    174e:	0c090103          	lb	x2,192(x18)
    1752:	0100                	c.addi4spn	x8,x2,128
    1754:	0409                	c.addi	x8,2
    1756:	0000                	c.unimp
    1758:	0101                	c.addi	x2,0
    175a:	00be                	c.slli	x1,0xf
    175c:	0000                	c.unimp
    175e:	0005                	c.addi	x0,1
    1760:	0004                	0x4
    1762:	0034                	c.addi4spn	x13,x2,8
    1764:	0000                	c.unimp
    1766:	0101                	c.addi	x2,0
    1768:	fb01                	c.bnez	x14,1678 <_start-0x7fffe988>
    176a:	0d0e                	c.slli	x26,0x3
    176c:	0100                	c.addi4spn	x8,x2,128
    176e:	0101                	c.addi	x2,0
    1770:	0001                	c.addi	x0,0
    1772:	0000                	c.unimp
    1774:	0001                	c.addi	x0,0
    1776:	0100                	c.addi4spn	x8,x2,128
    1778:	0101                	c.addi	x2,0
    177a:	011f 0000 0000      	0x11f
    1780:	0102                	c.slli64	x2
    1782:	021f 040f 0096      	0x96040f021f
    1788:	0000                	c.unimp
    178a:	9600                	0x9600
    178c:	0000                	c.unimp
    178e:	0000                	c.unimp
    1790:	0078                	c.addi4spn	x14,x2,12
    1792:	0000                	c.unimp
    1794:	9e00                	0x9e00
    1796:	0000                	c.unimp
    1798:	0000                	c.unimp
    179a:	0105                	c.addi	x2,1
    179c:	0500                	c.addi4spn	x8,x2,640
    179e:	0802                	c.slli64	x16
    17a0:	001f 0380 010b      	0x10b0380001f
    17a6:	0a05                	c.addi	x20,1
    17a8:	0c090203          	lb	x4,192(x18)
    17ac:	0100                	c.addi4spn	x8,x2,128
    17ae:	0505                	c.addi	x10,1
    17b0:	14090303          	lb	x6,320(x18)
    17b4:	0100                	c.addi4spn	x8,x2,128
    17b6:	0105                	c.addi	x2,1
    17b8:	08090103          	lb	x2,128(x18)
    17bc:	0100                	c.addi4spn	x8,x2,128
    17be:	10090303          	lb	x6,256(x18)
    17c2:	0100                	c.addi4spn	x8,x2,128
    17c4:	0c05                	c.addi	x24,1
    17c6:	0c090103          	lb	x2,192(x18)
    17ca:	0100                	c.addi4spn	x8,x2,128
    17cc:	1c05                	c.addi	x24,-31
    17ce:	0c090303          	lb	x6,192(x18)
    17d2:	0100                	c.addi4spn	x8,x2,128
    17d4:	0505                	c.addi	x10,1
    17d6:	0c090003          	lb	x0,192(x18)
    17da:	0100                	c.addi4spn	x8,x2,128
    17dc:	2e05                	c.jal	1b0c <_start-0x7fffe4f4>
    17de:	04090003          	lb	x0,64(x18)
    17e2:	0100                	c.addi4spn	x8,x2,128
    17e4:	1a05                	c.addi	x20,-31
    17e6:	08090003          	lb	x0,128(x18)
    17ea:	0100                	c.addi4spn	x8,x2,128
    17ec:	1605                	c.addi	x12,-31
    17ee:	04090203          	lb	x4,64(x18)
    17f2:	0100                	c.addi4spn	x8,x2,128
    17f4:	10090103          	lb	x2,256(x18)
    17f8:	0100                	c.addi4spn	x8,x2,128
    17fa:	0505                	c.addi	x10,1
    17fc:	10090303          	lb	x6,256(x18)
    1800:	0100                	c.addi4spn	x8,x2,128
    1802:	0c090503          	lb	x10,192(x18)
    1806:	0100                	c.addi4spn	x8,x2,128
    1808:	08090103          	lb	x2,128(x18)
    180c:	0100                	c.addi4spn	x8,x2,128
    180e:	0105                	c.addi	x2,1
    1810:	08090203          	lb	x4,128(x18)
    1814:	0100                	c.addi4spn	x8,x2,128
    1816:	1009                	c.addi	x0,-30
    1818:	0000                	c.unimp
    181a:	0101                	c.addi	x2,0
    181c:	00c4                	c.addi4spn	x9,x2,68
    181e:	0000                	c.unimp
    1820:	0005                	c.addi	x0,1
    1822:	0004                	0x4
    1824:	0034                	c.addi4spn	x13,x2,8
    1826:	0000                	c.unimp
    1828:	0101                	c.addi	x2,0
    182a:	fb01                	c.bnez	x14,173a <_start-0x7fffe8c6>
    182c:	0d0e                	c.slli	x26,0x3
    182e:	0100                	c.addi4spn	x8,x2,128
    1830:	0101                	c.addi	x2,0
    1832:	0001                	c.addi	x0,0
    1834:	0000                	c.unimp
    1836:	0001                	c.addi	x0,0
    1838:	0100                	c.addi4spn	x8,x2,128
    183a:	0101                	c.addi	x2,0
    183c:	011f 0000 0000      	0x11f
    1842:	0102                	c.slli64	x2
    1844:	021f 040f 00a6      	0xa6040f021f
    184a:	0000                	c.unimp
    184c:	a600                	c.fsd	f8,8(x12)
    184e:	0000                	c.unimp
    1850:	0000                	c.unimp
    1852:	0045                	c.addi	x0,17
    1854:	0000                	c.unimp
    1856:	7800                	c.flw	f8,48(x8)
    1858:	0000                	c.unimp
    185a:	0000                	c.unimp
    185c:	0105                	c.addi	x2,1
    185e:	0500                	c.addi4spn	x8,x2,640
    1860:	c002                	c.swsp	x0,0(x2)
    1862:	001f 1880 0d05      	0xd051880001f
    1868:	10090303          	lb	x6,256(x18)
    186c:	0100                	c.addi4spn	x8,x2,128
    186e:	1105                	c.addi	x2,-31
    1870:	04090103          	lb	x2,64(x18)
    1874:	0100                	c.addi4spn	x8,x2,128
    1876:	0905                	c.addi	x18,1
    1878:	04090003          	lb	x0,64(x18)
    187c:	0100                	c.addi4spn	x8,x2,128
    187e:	1c05                	c.addi	x24,-31
    1880:	04090303          	lb	x6,64(x18)
    1884:	0100                	c.addi4spn	x8,x2,128
    1886:	0f05                	c.addi	x30,1
    1888:	24090003          	lb	x0,576(x18)
    188c:	0100                	c.addi4spn	x8,x2,128
    188e:	2405                	c.jal	1aae <_start-0x7fffe552>
    1890:	08090303          	lb	x6,128(x18)
    1894:	0100                	c.addi4spn	x8,x2,128
    1896:	2e05                	c.jal	1bc6 <_start-0x7fffe43a>
    1898:	28090103          	lb	x2,640(x18)
    189c:	0100                	c.addi4spn	x8,x2,128
    189e:	2205                	c.jal	19be <_start-0x7fffe642>
    18a0:	24090003          	lb	x0,576(x18)
    18a4:	0100                	c.addi4spn	x8,x2,128
    18a6:	1105                	c.addi	x2,-31
    18a8:	0c090103          	lb	x2,192(x18)
    18ac:	0100                	c.addi4spn	x8,x2,128
    18ae:	2205                	c.jal	19ce <_start-0x7fffe632>
    18b0:	38090203          	lb	x4,896(x18)
    18b4:	0100                	c.addi4spn	x8,x2,128
    18b6:	1705                	c.addi	x14,-31
    18b8:	0c090103          	lb	x2,192(x18)
    18bc:	0100                	c.addi4spn	x8,x2,128
    18be:	2705                	c.jal	1fde <_start-0x7fffe022>
    18c0:	0200                	c.addi4spn	x8,x2,256
    18c2:	0204                	c.addi4spn	x9,x2,256
    18c4:	08097503          	0x8097503
    18c8:	0100                	c.addi4spn	x8,x2,128
    18ca:	1a05                	c.addi	x20,-31
    18cc:	0200                	c.addi4spn	x8,x2,256
    18ce:	0104                	c.addi4spn	x9,x2,128
    18d0:	0c090003          	lb	x0,192(x18)
    18d4:	0100                	c.addi4spn	x8,x2,128
    18d6:	0505                	c.addi	x10,1
    18d8:	0c097e03          	0xc097e03
    18dc:	0100                	c.addi4spn	x8,x2,128
    18de:	0409                	c.addi	x8,2
    18e0:	0000                	c.unimp
    18e2:	0101                	c.addi	x2,0
    18e4:	0281                	c.addi	x5,0
    18e6:	0000                	c.unimp
    18e8:	0005                	c.addi	x0,1
    18ea:	0004                	0x4
    18ec:	00000043          	fmadd.s	f0,f0,f0,f0,rne
    18f0:	0101                	c.addi	x2,0
    18f2:	fb01                	c.bnez	x14,1802 <_start-0x7fffe7fe>
    18f4:	0d0e                	c.slli	x26,0x3
    18f6:	0100                	c.addi4spn	x8,x2,128
    18f8:	0101                	c.addi	x2,0
    18fa:	0001                	c.addi	x0,0
    18fc:	0000                	c.unimp
    18fe:	0001                	c.addi	x0,0
    1900:	0100                	c.addi4spn	x8,x2,128
    1902:	0101                	c.addi	x2,0
    1904:	011f 0000 0000      	0x11f
    190a:	0102                	c.slli64	x2
    190c:	021f 070f 00b2      	0xb2070f021f
    1912:	0000                	c.unimp
    1914:	b200                	c.fsd	f8,32(x12)
    1916:	0000                	c.unimp
    1918:	0000                	c.unimp
    191a:	0045                	c.addi	x0,17
    191c:	0000                	c.unimp
    191e:	7800                	c.flw	f8,48(x8)
    1920:	0000                	c.unimp
    1922:	0000                	c.unimp
    1924:	00000053          	fadd.s	f0,f0,f0,rne
    1928:	6600                	c.flw	f8,8(x12)
    192a:	0000                	c.unimp
    192c:	0000                	c.unimp
    192e:	009e                	c.slli	x1,0x7
    1930:	0000                	c.unimp
    1932:	0500                	c.addi4spn	x8,x2,640
    1934:	0001                	c.addi	x0,0
    1936:	0205                	c.addi	x4,1
    1938:	20c8                	c.fld	f10,128(x9)
    193a:	8000                	0x8000
    193c:	05010d03          	lb	x26,80(x2)
    1940:	0305                	c.addi	x6,1
    1942:	0904                	c.addi4spn	x9,x2,144
    1944:	0010                	0x10
    1946:	0301                	c.addi	x6,0
    1948:	00080903          	lb	x18,0(x16)
    194c:	0501                	c.addi	x10,0
    194e:	0903030f          	0x903030f
    1952:	000c                	0xc
    1954:	0501                	c.addi	x10,0
    1956:	0900030b          	0x900030b
    195a:	0008                	0x8
    195c:	0501                	c.addi	x10,0
    195e:	09010327          	0x9010327
    1962:	0004                	0x4
    1964:	0501                	c.addi	x10,0
    1966:	0330                	c.addi4spn	x12,x2,392
    1968:	0900                	c.addi4spn	x8,x2,144
    196a:	0008                	0x8
    196c:	0501                	c.addi	x10,0
    196e:	0306                	c.slli	x6,0x1
    1970:	0900                	c.addi4spn	x8,x2,144
    1972:	0008                	0x8
    1974:	0501                	c.addi	x10,0
    1976:	0324                	c.addi4spn	x9,x2,392
    1978:	0900                	c.addi4spn	x8,x2,144
    197a:	0008                	0x8
    197c:	0501                	c.addi	x10,0
    197e:	0309                	c.addi	x6,2
    1980:	0902                	c.slli64	x18
    1982:	0004                	0x4
    1984:	0501                	c.addi	x10,0
    1986:	0308                	c.addi4spn	x10,x2,384
    1988:	0900                	c.addi4spn	x8,x2,144
    198a:	0008                	0x8
    198c:	0501                	c.addi	x10,0
    198e:	0312                	c.slli	x6,0x4
    1990:	0902                	c.slli64	x18
    1992:	0004                	0x4
    1994:	0501                	c.addi	x10,0
    1996:	0309                	c.addi	x6,2
    1998:	0901                	c.addi	x18,0
    199a:	0008                	0x8
    199c:	0501                	c.addi	x10,0
    199e:	0305                	c.addi	x6,1
    19a0:	0904                	c.addi4spn	x9,x2,144
    19a2:	000c                	0xc
    19a4:	0501                	c.addi	x10,0
    19a6:	09010307          	0x9010307
    19aa:	0008                	0x8
    19ac:	0301                	c.addi	x6,0
    19ae:	0901                	c.addi	x18,0
    19b0:	000c                	0xc
    19b2:	0501                	c.addi	x10,0
    19b4:	0305                	c.addi	x6,1
    19b6:	0901                	c.addi	x18,0
    19b8:	000c                	0xc
    19ba:	0501                	c.addi	x10,0
    19bc:	0903032b          	0x903032b
    19c0:	0008                	0x8
    19c2:	0501                	c.addi	x10,0
    19c4:	033d                	c.addi	x6,15
    19c6:	0900                	c.addi4spn	x8,x2,144
    19c8:	0008                	0x8
    19ca:	0501                	c.addi	x10,0
    19cc:	0305                	c.addi	x6,1
    19ce:	0900                	c.addi4spn	x8,x2,144
    19d0:	0004                	0x4
    19d2:	0501                	c.addi	x10,0
    19d4:	0301                	c.addi	x6,0
    19d6:	0902                	c.slli64	x18
    19d8:	0004                	0x4
    19da:	0301                	c.addi	x6,0
    19dc:	0905                	c.addi	x18,1
    19de:	0014                	0x14
    19e0:	0501                	c.addi	x10,0
    19e2:	0904030f          	0x904030f
    19e6:	0010                	0x10
    19e8:	0501                	c.addi	x10,0
    19ea:	0900030b          	0x900030b
    19ee:	0008                	0x8
    19f0:	0501                	c.addi	x10,0
    19f2:	0305                	c.addi	x6,1
    19f4:	0902                	c.slli64	x18
    19f6:	0004                	0x4
    19f8:	0501                	c.addi	x10,0
    19fa:	0306                	c.slli	x6,0x1
    19fc:	0901                	c.addi	x18,0
    19fe:	0008                	0x8
    1a00:	0501                	c.addi	x10,0
    1a02:	031e                	c.slli	x6,0x7
    1a04:	0900                	c.addi4spn	x8,x2,144
    1a06:	0008                	0x8
    1a08:	0501                	c.addi	x10,0
    1a0a:	0305                	c.addi	x6,1
    1a0c:	0905                	c.addi	x18,1
    1a0e:	0008                	0x8
    1a10:	0501                	c.addi	x10,0
    1a12:	09020307          	0x9020307
    1a16:	0008                	0x8
    1a18:	0501                	c.addi	x10,0
    1a1a:	0309                	c.addi	x6,2
    1a1c:	00100903          	lb	x18,1(x0) # 1 <_start-0x7fffffff>
    1a20:	0301                	c.addi	x6,0
    1a22:	0901                	c.addi	x18,0
    1a24:	0004                	0x4
    1a26:	0501                	c.addi	x10,0
    1a28:	030c                	c.addi4spn	x11,x2,384
    1a2a:	00080903          	lb	x18,0(x16)
    1a2e:	0301                	c.addi	x6,0
    1a30:	0906                	c.slli	x18,0x1
    1a32:	000c                	0xc
    1a34:	0501                	c.addi	x10,0
    1a36:	0900030b          	0x900030b
    1a3a:	000c                	0xc
    1a3c:	0501                	c.addi	x10,0
    1a3e:	030d                	c.addi	x6,3
    1a40:	0902                	c.slli64	x18
    1a42:	0004                	0x4
    1a44:	0501                	c.addi	x10,0
    1a46:	031c                	c.addi4spn	x15,x2,384
    1a48:	0905                	c.addi	x18,1
    1a4a:	0008                	0x8
    1a4c:	0501                	c.addi	x10,0
    1a4e:	032e                	c.slli	x6,0xb
    1a50:	0900                	c.addi4spn	x8,x2,144
    1a52:	0008                	0x8
    1a54:	0501                	c.addi	x10,0
    1a56:	030d                	c.addi	x6,3
    1a58:	0900                	c.addi4spn	x8,x2,144
    1a5a:	0004                	0x4
    1a5c:	0501                	c.addi	x10,0
    1a5e:	030a                	c.slli	x6,0x2
    1a60:	0902                	c.slli64	x18
    1a62:	0004                	0x4
    1a64:	0501                	c.addi	x10,0
    1a66:	0322                	c.slli	x6,0x8
    1a68:	0900                	c.addi4spn	x8,x2,144
    1a6a:	0008                	0x8
    1a6c:	0501                	c.addi	x10,0
    1a6e:	030a                	c.slli	x6,0x2
    1a70:	0900                	c.addi4spn	x8,x2,144
    1a72:	0004                	0x4
    1a74:	0501                	c.addi	x10,0
    1a76:	0322                	c.slli	x6,0x8
    1a78:	0900                	c.addi4spn	x8,x2,144
    1a7a:	0008                	0x8
    1a7c:	0501                	c.addi	x10,0
    1a7e:	0309                	c.addi	x6,2
    1a80:	0905                	c.addi	x18,1
    1a82:	0008                	0x8
    1a84:	0501                	c.addi	x10,0
    1a86:	0903032b          	0x903032b
    1a8a:	0028                	c.addi4spn	x10,x2,8
    1a8c:	0501                	c.addi	x10,0
    1a8e:	0312                	c.slli	x6,0x4
    1a90:	0900                	c.addi4spn	x8,x2,144
    1a92:	0008                	0x8
    1a94:	0501                	c.addi	x10,0
    1a96:	0329                	c.addi	x6,10
    1a98:	0900                	c.addi4spn	x8,x2,144
    1a9a:	0008                	0x8
    1a9c:	0501                	c.addi	x10,0
    1a9e:	0311                	c.addi	x6,4
    1aa0:	0901                	c.addi	x18,0
    1aa2:	0004                	0x4
    1aa4:	0501                	c.addi	x10,0
    1aa6:	031c                	c.addi4spn	x15,x2,384
    1aa8:	00040903          	lb	x18,0(x8)
    1aac:	0501                	c.addi	x10,0
    1aae:	0319                	c.addi	x6,6
    1ab0:	0900                	c.addi4spn	x8,x2,144
    1ab2:	0008                	0x8
    1ab4:	0501                	c.addi	x10,0
    1ab6:	0311                	c.addi	x6,4
    1ab8:	0901                	c.addi	x18,0
    1aba:	0008                	0x8
    1abc:	0301                	c.addi	x6,0
    1abe:	0901                	c.addi	x18,0
    1ac0:	000c                	0xc
    1ac2:	0501                	c.addi	x10,0
    1ac4:	031c                	c.addi4spn	x15,x2,384
    1ac6:	00040903          	lb	x18,0(x8)
    1aca:	0501                	c.addi	x10,0
    1acc:	0319                	c.addi	x6,6
    1ace:	0900                	c.addi4spn	x8,x2,144
    1ad0:	0008                	0x8
    1ad2:	0501                	c.addi	x10,0
    1ad4:	0311                	c.addi	x6,4
    1ad6:	0901                	c.addi	x18,0
    1ad8:	0008                	0x8
    1ada:	0301                	c.addi	x6,0
    1adc:	0901                	c.addi	x18,0
    1ade:	0020                	c.addi4spn	x8,x2,8
    1ae0:	0301                	c.addi	x6,0
    1ae2:	0901                	c.addi	x18,0
    1ae4:	000c                	0xc
    1ae6:	0301                	c.addi	x6,0
    1ae8:	0904                	c.addi4spn	x9,x2,144
    1aea:	0004                	0x4
    1aec:	0301                	c.addi	x6,0
    1aee:	0901                	c.addi	x18,0
    1af0:	0008                	0x8
    1af2:	0501                	c.addi	x10,0
    1af4:	031c                	c.addi4spn	x15,x2,384
    1af6:	00040903          	lb	x18,0(x8)
    1afa:	0501                	c.addi	x10,0
    1afc:	0319                	c.addi	x6,6
    1afe:	0900                	c.addi4spn	x8,x2,144
    1b00:	0008                	0x8
    1b02:	0501                	c.addi	x10,0
    1b04:	0901032b          	0x901032b
    1b08:	0008                	0x8
    1b0a:	0501                	c.addi	x10,0
    1b0c:	0312                	c.slli	x6,0x4
    1b0e:	0900                	c.addi4spn	x8,x2,144
    1b10:	000c                	0xc
    1b12:	0501                	c.addi	x10,0
    1b14:	0329                	c.addi	x6,10
    1b16:	0900                	c.addi4spn	x8,x2,144
    1b18:	0008                	0x8
    1b1a:	0501                	c.addi	x10,0
    1b1c:	0311                	c.addi	x6,4
    1b1e:	0901                	c.addi	x18,0
    1b20:	0004                	0x4
    1b22:	0501                	c.addi	x10,0
    1b24:	030c                	c.addi4spn	x11,x2,384
    1b26:	0906                	c.slli	x18,0x1
    1b28:	0004                	0x4
    1b2a:	0501                	c.addi	x10,0
    1b2c:	09040313          	addi	x6,x8,144
    1b30:	0010                	0x10
    1b32:	0501                	c.addi	x10,0
    1b34:	0309                	c.addi	x6,2
    1b36:	0905                	c.addi	x18,1
    1b38:	0008                	0x8
    1b3a:	0501                	c.addi	x10,0
    1b3c:	0902030b          	0x902030b
    1b40:	0004                	0x4
    1b42:	0501                	c.addi	x10,0
    1b44:	030d                	c.addi	x6,3
    1b46:	0901                	c.addi	x18,0
    1b48:	0008                	0x8
    1b4a:	0501                	c.addi	x10,0
    1b4c:	0311                	c.addi	x6,4
    1b4e:	0970                	c.addi4spn	x12,x2,156
    1b50:	000c                	0xc
    1b52:	0501                	c.addi	x10,0
    1b54:	0304                	c.addi4spn	x9,x2,384
    1b56:	00040913          	addi	x18,x8,0
    1b5a:	0501                	c.addi	x10,0
    1b5c:	0301                	c.addi	x6,0
    1b5e:	0901                	c.addi	x18,0
    1b60:	0004                	0x4
    1b62:	0901                	c.addi	x18,0
    1b64:	0014                	0x14
    1b66:	0100                	c.addi4spn	x8,x2,128
    1b68:	1401                	c.addi	x8,-32
    1b6a:	0001                	c.addi	x0,0
    1b6c:	0500                	c.addi4spn	x8,x2,640
    1b6e:	0400                	c.addi4spn	x8,x2,512
    1b70:	3400                	c.fld	f8,40(x8)
    1b72:	0000                	c.unimp
    1b74:	0100                	c.addi4spn	x8,x2,128
    1b76:	0101                	c.addi	x2,0
    1b78:	000d0efb          	0xd0efb
    1b7c:	0101                	c.addi	x2,0
    1b7e:	0101                	c.addi	x2,0
    1b80:	0000                	c.unimp
    1b82:	0100                	c.addi4spn	x8,x2,128
    1b84:	0000                	c.unimp
    1b86:	0101                	c.addi	x2,0
    1b88:	1f01                	c.addi	x30,-32
    1b8a:	0001                	c.addi	x0,0
    1b8c:	0000                	c.unimp
    1b8e:	0200                	c.addi4spn	x8,x2,256
    1b90:	1f01                	c.addi	x30,-32
    1b92:	0f02                	c.slli64	x30
    1b94:	b904                	c.fsd	f9,48(x10)
    1b96:	0000                	c.unimp
    1b98:	0000                	c.unimp
    1b9a:	00b9                	c.addi	x1,14
    1b9c:	0000                	c.unimp
    1b9e:	7800                	c.flw	f8,48(x8)
    1ba0:	0000                	c.unimp
    1ba2:	0000                	c.unimp
    1ba4:	009e                	c.slli	x1,0x7
    1ba6:	0000                	c.unimp
    1ba8:	0500                	c.addi4spn	x8,x2,640
    1baa:	0001                	c.addi	x0,0
    1bac:	0205                	c.addi	x4,1
    1bae:	234c                	c.fld	f11,128(x14)
    1bb0:	8000                	0x8000
    1bb2:	0519                	c.addi	x10,6
    1bb4:	0305                	c.addi	x6,1
    1bb6:	0901                	c.addi	x18,0
    1bb8:	0010                	0x10
    1bba:	0501                	c.addi	x10,0
    1bbc:	0301                	c.addi	x6,0
    1bbe:	0901                	c.addi	x18,0
    1bc0:	0008                	0x8
    1bc2:	0301                	c.addi	x6,0
    1bc4:	00100903          	lb	x18,1(x0) # 1 <_start-0x7fffffff>
    1bc8:	0501                	c.addi	x10,0
    1bca:	0305                	c.addi	x6,1
    1bcc:	0901                	c.addi	x18,0
    1bce:	0010                	0x10
    1bd0:	0501                	c.addi	x10,0
    1bd2:	0301                	c.addi	x6,0
    1bd4:	0901                	c.addi	x18,0
    1bd6:	0008                	0x8
    1bd8:	0301                	c.addi	x6,0
    1bda:	00100903          	lb	x18,1(x0) # 1 <_start-0x7fffffff>
    1bde:	0501                	c.addi	x10,0
    1be0:	0305                	c.addi	x6,1
    1be2:	0902                	c.slli64	x18
    1be4:	000c                	0xc
    1be6:	0501                	c.addi	x10,0
    1be8:	030c                	c.addi4spn	x11,x2,384
    1bea:	0901                	c.addi	x18,0
    1bec:	0008                	0x8
    1bee:	0501                	c.addi	x10,0
    1bf0:	0301                	c.addi	x6,0
    1bf2:	0901                	c.addi	x18,0
    1bf4:	0004                	0x4
    1bf6:	0301                	c.addi	x6,0
    1bf8:	00100903          	lb	x18,1(x0) # 1 <_start-0x7fffffff>
    1bfc:	0501                	c.addi	x10,0
    1bfe:	0305                	c.addi	x6,1
    1c00:	0901                	c.addi	x18,0
    1c02:	0010                	0x10
    1c04:	0501                	c.addi	x10,0
    1c06:	0301                	c.addi	x6,0
    1c08:	0901                	c.addi	x18,0
    1c0a:	0008                	0x8
    1c0c:	0301                	c.addi	x6,0
    1c0e:	0908                	c.addi4spn	x10,x2,144
    1c10:	0010                	0x10
    1c12:	0501                	c.addi	x10,0
    1c14:	0305                	c.addi	x6,1
    1c16:	00100903          	lb	x18,1(x0) # 1 <_start-0x7fffffff>
    1c1a:	0501                	c.addi	x10,0
    1c1c:	09010307          	0x9010307
    1c20:	0008                	0x8
    1c22:	0301                	c.addi	x6,0
    1c24:	0901                	c.addi	x18,0
    1c26:	0014                	0x14
    1c28:	0501                	c.addi	x10,0
    1c2a:	0305                	c.addi	x6,1
    1c2c:	0901                	c.addi	x18,0
    1c2e:	0014                	0x14
    1c30:	0301                	c.addi	x6,0
    1c32:	00080903          	lb	x18,0(x16)
    1c36:	0301                	c.addi	x6,0
    1c38:	0906                	c.slli	x18,0x1
    1c3a:	000c                	0xc
    1c3c:	0301                	c.addi	x6,0
    1c3e:	0901                	c.addi	x18,0
    1c40:	0008                	0x8
    1c42:	0301                	c.addi	x6,0
    1c44:	0904                	c.addi4spn	x9,x2,144
    1c46:	0008                	0x8
    1c48:	0301                	c.addi	x6,0
    1c4a:	000c0903          	lb	x18,0(x24)
    1c4e:	0501                	c.addi	x10,0
    1c50:	0312                	c.slli	x6,0x4
    1c52:	000c0903          	lb	x18,0(x24)
    1c56:	0501                	c.addi	x10,0
    1c58:	0309                	c.addi	x6,2
    1c5a:	0901                	c.addi	x18,0
    1c5c:	0008                	0x8
    1c5e:	0501                	c.addi	x10,0
    1c60:	0305                	c.addi	x6,1
    1c62:	0901                	c.addi	x18,0
    1c64:	000c                	0xc
    1c66:	0301                	c.addi	x6,0
    1c68:	00080903          	lb	x18,0(x16)
    1c6c:	0301                	c.addi	x6,0
    1c6e:	0905                	c.addi	x18,1
    1c70:	0004                	0x4
    1c72:	0501                	c.addi	x10,0
    1c74:	0301                	c.addi	x6,0
    1c76:	0902                	c.slli64	x18
    1c78:	0004                	0x4
    1c7a:	0901                	c.addi	x18,0
    1c7c:	0014                	0x14
    1c7e:	0100                	c.addi4spn	x8,x2,128
    1c80:	0a01                	c.addi	x20,0
    1c82:	0002                	c.slli64	x0
    1c84:	0500                	c.addi4spn	x8,x2,640
    1c86:	0400                	c.addi4spn	x8,x2,512
    1c88:	3400                	c.fld	f8,40(x8)
    1c8a:	0000                	c.unimp
    1c8c:	0100                	c.addi4spn	x8,x2,128
    1c8e:	0101                	c.addi	x2,0
    1c90:	000d0efb          	0xd0efb
    1c94:	0101                	c.addi	x2,0
    1c96:	0101                	c.addi	x2,0
    1c98:	0000                	c.unimp
    1c9a:	0100                	c.addi4spn	x8,x2,128
    1c9c:	0000                	c.unimp
    1c9e:	0101                	c.addi	x2,0
    1ca0:	1f01                	c.addi	x30,-32
    1ca2:	0001                	c.addi	x0,0
    1ca4:	0000                	c.unimp
    1ca6:	0200                	c.addi4spn	x8,x2,256
    1ca8:	1f01                	c.addi	x30,-32
    1caa:	0f02                	c.slli64	x30
    1cac:	c104                	c.sw	x9,0(x10)
    1cae:	0000                	c.unimp
    1cb0:	0000                	c.unimp
    1cb2:	00c1                	c.addi	x1,16
    1cb4:	0000                	c.unimp
    1cb6:	7800                	c.flw	f8,48(x8)
    1cb8:	0000                	c.unimp
    1cba:	0000                	c.unimp
    1cbc:	0066                	c.slli	x0,0x19
    1cbe:	0000                	c.unimp
    1cc0:	0500                	c.addi4spn	x8,x2,640
    1cc2:	0001                	c.addi	x0,0
    1cc4:	0205                	c.addi	x4,1
    1cc6:	24a0                	c.fld	f8,72(x9)
    1cc8:	8000                	0x8000
    1cca:	05010d03          	lb	x26,80(x2)
    1cce:	030c                	c.addi4spn	x11,x2,384
    1cd0:	0902                	c.slli64	x18
    1cd2:	0018                	0x18
    1cd4:	0501                	c.addi	x10,0
    1cd6:	09030317          	auipc	x6,0x9030
    1cda:	000c                	0xc
    1cdc:	0501                	c.addi	x10,0
    1cde:	030c                	c.addi4spn	x11,x2,384
    1ce0:	0900                	c.addi4spn	x8,x2,144
    1ce2:	0008                	0x8
    1ce4:	0501                	c.addi	x10,0
    1ce6:	031a                	c.slli	x6,0x6
    1ce8:	00080903          	lb	x18,0(x16)
    1cec:	0501                	c.addi	x10,0
    1cee:	0321                	c.addi	x6,8
    1cf0:	0900                	c.addi4spn	x8,x2,144
    1cf2:	0018                	0x18
    1cf4:	0501                	c.addi	x10,0
    1cf6:	09000307          	0x9000307
    1cfa:	0004                	0x4
    1cfc:	0501                	c.addi	x10,0
    1cfe:	0316                	c.slli	x6,0x5
    1d00:	00040903          	lb	x18,0(x8)
    1d04:	0501                	c.addi	x10,0
    1d06:	09010317          	auipc	x6,0x9010
    1d0a:	0008                	0x8
    1d0c:	0501                	c.addi	x10,0
    1d0e:	0322                	c.slli	x6,0x8
    1d10:	0900                	c.addi4spn	x8,x2,144
    1d12:	0004                	0x4
    1d14:	0501                	c.addi	x10,0
    1d16:	0329                	c.addi	x6,10
    1d18:	0900                	c.addi4spn	x8,x2,144
    1d1a:	0004                	0x4
    1d1c:	0501                	c.addi	x10,0
    1d1e:	0310                	c.addi4spn	x12,x2,384
    1d20:	0900                	c.addi4spn	x8,x2,144
    1d22:	0004                	0x4
    1d24:	0501                	c.addi	x10,0
    1d26:	0319                	c.addi	x6,6
    1d28:	0901                	c.addi	x18,0
    1d2a:	0008                	0x8
    1d2c:	0501                	c.addi	x10,0
    1d2e:	0320                	c.addi4spn	x8,x2,392
    1d30:	0900                	c.addi4spn	x8,x2,144
    1d32:	0014                	0x14
    1d34:	0501                	c.addi	x10,0
    1d36:	0903032f          	0x903032f
    1d3a:	0008                	0x8
    1d3c:	0501                	c.addi	x10,0
    1d3e:	0336                	c.slli	x6,0xd
    1d40:	0900                	c.addi4spn	x8,x2,144
    1d42:	0018                	0x18
    1d44:	0501                	c.addi	x10,0
    1d46:	033d                	c.addi	x6,15
    1d48:	0900                	c.addi4spn	x8,x2,144
    1d4a:	0004                	0x4
    1d4c:	0501                	c.addi	x10,0
    1d4e:	030d                	c.addi	x6,3
    1d50:	0900                	c.addi4spn	x8,x2,144
    1d52:	0004                	0x4
    1d54:	0501                	c.addi	x10,0
    1d56:	0318                	c.addi4spn	x14,x2,384
    1d58:	00040903          	lb	x18,0(x8)
    1d5c:	0501                	c.addi	x10,0
    1d5e:	031f 0900 0014      	0x140900031f
    1d64:	0501                	c.addi	x10,0
    1d66:	09000307          	0x9000307
    1d6a:	0004                	0x4
    1d6c:	0501                	c.addi	x10,0
    1d6e:	0325                	c.addi	x6,9
    1d70:	00040903          	lb	x18,0(x8)
    1d74:	0501                	c.addi	x10,0
    1d76:	032c                	c.addi4spn	x11,x2,392
    1d78:	0900                	c.addi4spn	x8,x2,144
    1d7a:	0008                	0x8
    1d7c:	0501                	c.addi	x10,0
    1d7e:	09000317          	auipc	x6,0x9000
    1d82:	0004                	0x4
    1d84:	0501                	c.addi	x10,0
    1d86:	09000333          	0x9000333
    1d8a:	0010                	0x10
    1d8c:	0501                	c.addi	x10,0
    1d8e:	031e                	c.slli	x6,0x7
    1d90:	0900                	c.addi4spn	x8,x2,144
    1d92:	0004                	0x4
    1d94:	0501                	c.addi	x10,0
    1d96:	0305                	c.addi	x6,1
    1d98:	0905                	c.addi	x18,1
    1d9a:	0004                	0x4
    1d9c:	0501                	c.addi	x10,0
    1d9e:	0301                	c.addi	x6,0
    1da0:	0901                	c.addi	x18,0
    1da2:	0008                	0x8
    1da4:	0301                	c.addi	x6,0
    1da6:	0904                	c.addi4spn	x9,x2,144
    1da8:	0010                	0x10
    1daa:	0501                	c.addi	x10,0
    1dac:	0318                	c.addi4spn	x14,x2,384
    1dae:	0902                	c.slli64	x18
    1db0:	0010                	0x10
    1db2:	0501                	c.addi	x10,0
    1db4:	0316                	c.slli	x6,0x5
    1db6:	0900                	c.addi4spn	x8,x2,144
    1db8:	0008                	0x8
    1dba:	0501                	c.addi	x10,0
    1dbc:	0305                	c.addi	x6,1
    1dbe:	00080903          	lb	x18,0(x16)
    1dc2:	0501                	c.addi	x10,0
    1dc4:	030c                	c.addi4spn	x11,x2,384
    1dc6:	000c0903          	lb	x18,0(x24)
    1dca:	0501                	c.addi	x10,0
    1dcc:	0310                	c.addi4spn	x12,x2,384
    1dce:	0901                	c.addi	x18,0
    1dd0:	0008                	0x8
    1dd2:	0501                	c.addi	x10,0
    1dd4:	0305                	c.addi	x6,1
    1dd6:	0900                	c.addi4spn	x8,x2,144
    1dd8:	0004                	0x4
    1dda:	0501                	c.addi	x10,0
    1ddc:	0009                	c.addi	x0,2
    1dde:	0402                	c.slli64	x8
    1de0:	09020303          	lb	x6,144(x4) # 90 <_start-0x7fffff70>
    1de4:	0004                	0x4
    1de6:	0501                	c.addi	x10,0
    1de8:	000c                	0xc
    1dea:	0402                	c.slli64	x8
    1dec:	09010303          	lb	x6,144(x2)
    1df0:	000c                	0xc
    1df2:	0501                	c.addi	x10,0
    1df4:	0025                	c.addi	x0,9
    1df6:	0402                	c.slli64	x8
    1df8:	097d0303          	lb	x6,151(x26)
    1dfc:	0010                	0x10
    1dfe:	0501                	c.addi	x10,0
    1e00:	0019                	c.addi	x0,6
    1e02:	0402                	c.slli64	x8
    1e04:	0301                	c.addi	x6,0
    1e06:	0900                	c.addi4spn	x8,x2,144
    1e08:	000c                	0xc
    1e0a:	0501                	c.addi	x10,0
    1e0c:	0305                	c.addi	x6,1
    1e0e:	000c0907          	0xc0907
    1e12:	0301                	c.addi	x6,0
    1e14:	0901                	c.addi	x18,0
    1e16:	000c                	0xc
    1e18:	0301                	c.addi	x6,0
    1e1a:	00140903          	lb	x18,1(x8)
    1e1e:	0301                	c.addi	x6,0
    1e20:	000c0903          	lb	x18,0(x24)
    1e24:	0301                	c.addi	x6,0
    1e26:	0901                	c.addi	x18,0
    1e28:	000c                	0xc
    1e2a:	0301                	c.addi	x6,0
    1e2c:	0901                	c.addi	x18,0
    1e2e:	0014                	0x14
    1e30:	0301                	c.addi	x6,0
    1e32:	0901                	c.addi	x18,0
    1e34:	000c                	0xc
    1e36:	0501                	c.addi	x10,0
    1e38:	09040317          	auipc	x6,0x9040
    1e3c:	0014                	0x14
    1e3e:	0501                	c.addi	x10,0
    1e40:	030c                	c.addi4spn	x11,x2,384
    1e42:	0900                	c.addi4spn	x8,x2,144
    1e44:	0008                	0x8
    1e46:	0301                	c.addi	x6,0
    1e48:	0901                	c.addi	x18,0
    1e4a:	0004                	0x4
    1e4c:	0501                	c.addi	x10,0
    1e4e:	031e                	c.slli	x6,0x7
    1e50:	0902                	c.slli64	x18
    1e52:	000c                	0xc
    1e54:	0501                	c.addi	x10,0
    1e56:	0311                	c.addi	x6,4
    1e58:	0900                	c.addi4spn	x8,x2,144
    1e5a:	000c                	0xc
    1e5c:	0501                	c.addi	x10,0
    1e5e:	09020313          	addi	x6,x4,144 # 90 <_start-0x7fffff70>
    1e62:	0008                	0x8
    1e64:	0501                	c.addi	x10,0
    1e66:	030c                	c.addi4spn	x11,x2,384
    1e68:	0901                	c.addi	x18,0
    1e6a:	001c                	0x1c
    1e6c:	0301                	c.addi	x6,0
    1e6e:	0901                	c.addi	x18,0
    1e70:	0018                	0x18
    1e72:	0501                	c.addi	x10,0
    1e74:	0305                	c.addi	x6,1
    1e76:	0901                	c.addi	x18,0
    1e78:	0018                	0x18
    1e7a:	0301                	c.addi	x6,0
    1e7c:	0901                	c.addi	x18,0
    1e7e:	000c                	0xc
    1e80:	0501                	c.addi	x10,0
    1e82:	0301                	c.addi	x6,0
    1e84:	0902                	c.slli64	x18
    1e86:	0004                	0x4
    1e88:	0901                	c.addi	x18,0
    1e8a:	0014                	0x14
    1e8c:	0100                	c.addi4spn	x8,x2,128
    1e8e:	e001                	c.bnez	x8,1e8e <_start-0x7fffe172>
    1e90:	0002                	c.slli64	x0
    1e92:	0500                	c.addi4spn	x8,x2,640
    1e94:	0400                	c.addi4spn	x8,x2,512
    1e96:	3400                	c.fld	f8,40(x8)
    1e98:	0000                	c.unimp
    1e9a:	0100                	c.addi4spn	x8,x2,128
    1e9c:	0101                	c.addi	x2,0
    1e9e:	000d0efb          	0xd0efb
    1ea2:	0101                	c.addi	x2,0
    1ea4:	0101                	c.addi	x2,0
    1ea6:	0000                	c.unimp
    1ea8:	0100                	c.addi4spn	x8,x2,128
    1eaa:	0000                	c.unimp
    1eac:	0101                	c.addi	x2,0
    1eae:	1f01                	c.addi	x30,-32
    1eb0:	0001                	c.addi	x0,0
    1eb2:	0000                	c.unimp
    1eb4:	0200                	c.addi4spn	x8,x2,256
    1eb6:	1f01                	c.addi	x30,-32
    1eb8:	0f02                	c.slli64	x30
    1eba:	cd04                	c.sw	x9,24(x10)
    1ebc:	0000                	c.unimp
    1ebe:	0000                	c.unimp
    1ec0:	00cd                	c.addi	x1,19
    1ec2:	0000                	c.unimp
    1ec4:	4500                	c.lw	x8,8(x10)
    1ec6:	0000                	c.unimp
    1ec8:	0000                	c.unimp
    1eca:	0078                	c.addi4spn	x14,x2,12
    1ecc:	0000                	c.unimp
    1ece:	0500                	c.addi4spn	x8,x2,640
    1ed0:	0001                	c.addi	x0,0
    1ed2:	0205                	c.addi	x4,1
    1ed4:	2720                	c.fld	f8,72(x14)
    1ed6:	8000                	0x8000
    1ed8:	05010f03          	lb	x30,80(x2)
    1edc:	0305                	c.addi	x6,1
    1ede:	0902                	c.slli64	x18
    1ee0:	000c                	0xc
    1ee2:	0301                	c.addi	x6,0
    1ee4:	000c0903          	lb	x18,0(x24)
    1ee8:	0301                	c.addi	x6,0
    1eea:	00100903          	lb	x18,1(x0) # 1 <_start-0x7fffffff>
    1eee:	0301                	c.addi	x6,0
    1ef0:	000c0903          	lb	x18,0(x24)
    1ef4:	0301                	c.addi	x6,0
    1ef6:	0904                	c.addi4spn	x9,x2,144
    1ef8:	000c                	0xc
    1efa:	0301                	c.addi	x6,0
    1efc:	00100903          	lb	x18,1(x0) # 1 <_start-0x7fffffff>
    1f00:	0301                	c.addi	x6,0
    1f02:	00100903          	lb	x18,1(x0) # 1 <_start-0x7fffffff>
    1f06:	0501                	c.addi	x10,0
    1f08:	0301                	c.addi	x6,0
    1f0a:	0901                	c.addi	x18,0
    1f0c:	0010                	0x10
    1f0e:	0501                	c.addi	x10,0
    1f10:	031a                	c.slli	x6,0x6
    1f12:	00100903          	lb	x18,1(x0) # 1 <_start-0x7fffffff>
    1f16:	0501                	c.addi	x10,0
    1f18:	0321                	c.addi	x6,8
    1f1a:	0900                	c.addi4spn	x8,x2,144
    1f1c:	0014                	0x14
    1f1e:	0501                	c.addi	x10,0
    1f20:	032e                	c.slli	x6,0xb
    1f22:	0900                	c.addi4spn	x8,x2,144
    1f24:	0010                	0x10
    1f26:	0501                	c.addi	x10,0
    1f28:	031f 0900 0004      	0x40900031f
    1f2e:	0501                	c.addi	x10,0
    1f30:	0045                	c.addi	x0,17
    1f32:	0402                	c.slli64	x8
    1f34:	0301                	c.addi	x6,0
    1f36:	0900                	c.addi4spn	x8,x2,144
    1f38:	0004                	0x4
    1f3a:	0501                	c.addi	x10,0
    1f3c:	0358                	c.addi4spn	x14,x2,388
    1f3e:	0900                	c.addi4spn	x8,x2,144
    1f40:	000c                	0xc
    1f42:	0501                	c.addi	x10,0
    1f44:	0301                	c.addi	x6,0
    1f46:	0904                	c.addi4spn	x9,x2,144
    1f48:	0010                	0x10
    1f4a:	0501                	c.addi	x10,0
    1f4c:	09020307          	0x9020307
    1f50:	0018                	0x18
    1f52:	0501                	c.addi	x10,0
    1f54:	0014                	0x14
    1f56:	0402                	c.slli64	x8
    1f58:	0302                	c.slli64	x6
    1f5a:	0900                	c.addi4spn	x8,x2,144
    1f5c:	000c                	0xc
    1f5e:	0501                	c.addi	x10,0
    1f60:	04020033          	0x4020033
    1f64:	09000303          	lb	x6,144(x0) # 90 <_start-0x7fffff70>
    1f68:	000c                	0xc
    1f6a:	0501                	c.addi	x10,0
    1f6c:	0025                	c.addi	x0,9
    1f6e:	0402                	c.slli64	x8
    1f70:	09000303          	lb	x6,144(x0) # 90 <_start-0x7fffff70>
    1f74:	0010                	0x10
    1f76:	0501                	c.addi	x10,0
    1f78:	0322                	c.slli	x6,0x8
    1f7a:	00040903          	lb	x18,0(x8)
    1f7e:	0501                	c.addi	x10,0
    1f80:	0342                	c.slli	x6,0x10
    1f82:	0900                	c.addi4spn	x8,x2,144
    1f84:	0008                	0x8
    1f86:	0501                	c.addi	x10,0
    1f88:	0402004f          	0x402004f
    1f8c:	0301                	c.addi	x6,0
    1f8e:	0900                	c.addi4spn	x8,x2,144
    1f90:	0004                	0x4
    1f92:	0501                	c.addi	x10,0
    1f94:	0042                	c.slli	x0,0x10
    1f96:	0402                	c.slli64	x8
    1f98:	0301                	c.addi	x6,0
    1f9a:	0900                	c.addi4spn	x8,x2,144
    1f9c:	0008                	0x8
    1f9e:	0001                	c.addi	x0,0
    1fa0:	0402                	c.slli64	x8
    1fa2:	0602                	c.slli64	x12
    1fa4:	08090003          	lb	x0,128(x18)
    1fa8:	0100                	c.addi4spn	x8,x2,128
    1faa:	1405                	c.addi	x8,-31
    1fac:	0200                	c.addi4spn	x8,x2,256
    1fae:	0404                	c.addi4spn	x9,x2,512
    1fb0:	0306                	c.slli	x6,0x1
    1fb2:	0900                	c.addi4spn	x8,x2,144
    1fb4:	0004                	0x4
    1fb6:	0501                	c.addi	x10,0
    1fb8:	0009                	c.addi	x0,2
    1fba:	0402                	c.slli64	x8
    1fbc:	0304                	c.addi4spn	x9,x2,384
    1fbe:	0901                	c.addi	x18,0
    1fc0:	0008                	0x8
    1fc2:	0001                	c.addi	x0,0
    1fc4:	0402                	c.slli64	x8
    1fc6:	0304                	c.addi4spn	x9,x2,384
    1fc8:	0901                	c.addi	x18,0
    1fca:	0008                	0x8
    1fcc:	0001                	c.addi	x0,0
    1fce:	0402                	c.slli64	x8
    1fd0:	0304                	c.addi4spn	x9,x2,384
    1fd2:	0901                	c.addi	x18,0
    1fd4:	0008                	0x8
    1fd6:	0501                	c.addi	x10,0
    1fd8:	030c                	c.addi4spn	x11,x2,384
    1fda:	0902                	c.slli64	x18
    1fdc:	000c                	0xc
    1fde:	0501                	c.addi	x10,0
    1fe0:	0025                	c.addi	x0,9
    1fe2:	0402                	c.slli64	x8
    1fe4:	0301                	c.addi	x6,0
    1fe6:	0900                	c.addi4spn	x8,x2,144
    1fe8:	000c                	0xc
    1fea:	0501                	c.addi	x10,0
    1fec:	04020017          	auipc	x0,0x4020
    1ff0:	0301                	c.addi	x6,0
    1ff2:	0900                	c.addi4spn	x8,x2,144
    1ff4:	0014                	0x14
    1ff6:	0501                	c.addi	x10,0
    1ff8:	0315                	c.addi	x6,5
    1ffa:	00080903          	lb	x18,0(x16)
    1ffe:	0501                	c.addi	x10,0
    2000:	0322                	c.slli	x6,0x8
    2002:	0900                	c.addi4spn	x8,x2,144
    2004:	0008                	0x8
    2006:	0501                	c.addi	x10,0
    2008:	09010323          	sb	x16,134(x2)
    200c:	0014                	0x14
    200e:	0501                	c.addi	x10,0
    2010:	0329                	c.addi	x6,10
    2012:	0900                	c.addi4spn	x8,x2,144
    2014:	000c                	0xc
    2016:	0501                	c.addi	x10,0
    2018:	0314                	c.addi4spn	x13,x2,384
    201a:	0900                	c.addi4spn	x8,x2,144
    201c:	0004                	0x4
    201e:	0501                	c.addi	x10,0
    2020:	0309                	c.addi	x6,2
    2022:	0901                	c.addi	x18,0
    2024:	0008                	0x8
    2026:	0501                	c.addi	x10,0
    2028:	09040317          	auipc	x6,0x9040
    202c:	000c                	0xc
    202e:	0501                	c.addi	x10,0
    2030:	0900030b          	0x900030b
    2034:	0014                	0x14
    2036:	0501                	c.addi	x10,0
    2038:	0319                	c.addi	x6,6
    203a:	0902                	c.slli64	x18
    203c:	0008                	0x8
    203e:	0501                	c.addi	x10,0
    2040:	0326                	c.slli	x6,0x9
    2042:	0900                	c.addi4spn	x8,x2,144
    2044:	0008                	0x8
    2046:	0501                	c.addi	x10,0
    2048:	09010327          	0x9010327
    204c:	0014                	0x14
    204e:	0501                	c.addi	x10,0
    2050:	032d                	c.addi	x6,11
    2052:	0900                	c.addi4spn	x8,x2,144
    2054:	000c                	0xc
    2056:	0501                	c.addi	x10,0
    2058:	0318                	c.addi4spn	x14,x2,384
    205a:	0900                	c.addi4spn	x8,x2,144
    205c:	0004                	0x4
    205e:	0501                	c.addi	x10,0
    2060:	030d                	c.addi	x6,3
    2062:	0901                	c.addi	x18,0
    2064:	0008                	0x8
    2066:	0501                	c.addi	x10,0
    2068:	0301                	c.addi	x6,0
    206a:	000c0903          	lb	x18,0(x24)
    206e:	0301                	c.addi	x6,0
    2070:	00180903          	lb	x18,1(x16)
    2074:	0501                	c.addi	x10,0
    2076:	030a                	c.slli	x6,0x2
    2078:	0901                	c.addi	x18,0
    207a:	0010                	0x10
    207c:	0501                	c.addi	x10,0
    207e:	031e                	c.slli	x6,0x7
    2080:	00040903          	lb	x18,0(x8)
    2084:	0501                	c.addi	x10,0
    2086:	030e                	c.slli	x6,0x3
    2088:	0900                	c.addi4spn	x8,x2,144
    208a:	0008                	0x8
    208c:	0501                	c.addi	x10,0
    208e:	0320                	c.addi4spn	x8,x2,392
    2090:	0901                	c.addi	x18,0
    2092:	0014                	0x14
    2094:	0501                	c.addi	x10,0
    2096:	0325                	c.addi	x6,9
    2098:	0900                	c.addi4spn	x8,x2,144
    209a:	000c                	0xc
    209c:	0501                	c.addi	x10,0
    209e:	09000313          	addi	x6,x0,144
    20a2:	0004                	0x4
    20a4:	0501                	c.addi	x10,0
    20a6:	0309                	c.addi	x6,2
    20a8:	0901                	c.addi	x18,0
    20aa:	0008                	0x8
    20ac:	0501                	c.addi	x10,0
    20ae:	0316                	c.slli	x6,0x5
    20b0:	000c097b          	0xc097b
    20b4:	0501                	c.addi	x10,0
    20b6:	0301                	c.addi	x6,0
    20b8:	00140907          	0x140907
    20bc:	0301                	c.addi	x6,0
    20be:	0904                	c.addi4spn	x9,x2,144
    20c0:	0018                	0x18
    20c2:	0501                	c.addi	x10,0
    20c4:	0311                	c.addi	x6,4
    20c6:	0904                	c.addi4spn	x9,x2,144
    20c8:	0010                	0x10
    20ca:	0501                	c.addi	x10,0
    20cc:	030c                	c.addi4spn	x11,x2,384
    20ce:	0901                	c.addi	x18,0
    20d0:	000c                	0xc
    20d2:	0501                	c.addi	x10,0
    20d4:	0319                	c.addi	x6,6
    20d6:	0900                	c.addi4spn	x8,x2,144
    20d8:	0010                	0x10
    20da:	0501                	c.addi	x10,0
    20dc:	0900030b          	0x900030b
    20e0:	0004                	0x4
    20e2:	0501                	c.addi	x10,0
    20e4:	0311                	c.addi	x6,4
    20e6:	00040903          	lb	x18,0(x8)
    20ea:	0501                	c.addi	x10,0
    20ec:	0900030f          	0x900030f
    20f0:	0004                	0x4
    20f2:	0501                	c.addi	x10,0
    20f4:	030d                	c.addi	x6,3
    20f6:	0902                	c.slli64	x18
    20f8:	0008                	0x8
    20fa:	0501                	c.addi	x10,0
    20fc:	0305                	c.addi	x6,1
    20fe:	0979                	c.addi	x18,30
    2100:	000c                	0xc
    2102:	0501                	c.addi	x10,0
    2104:	030d                	c.addi	x6,3
    2106:	090c                	c.addi4spn	x11,x2,144
    2108:	0004                	0x4
    210a:	0501                	c.addi	x10,0
    210c:	0301                	c.addi	x6,0
    210e:	00040903          	lb	x18,0(x8)
    2112:	0301                	c.addi	x6,0
    2114:	00180903          	lb	x18,1(x16)
    2118:	0501                	c.addi	x10,0
    211a:	0305                	c.addi	x6,1
    211c:	0902                	c.slli64	x18
    211e:	0010                	0x10
    2120:	0301                	c.addi	x6,0
    2122:	00040903          	lb	x18,0(x8)
    2126:	0501                	c.addi	x10,0
    2128:	0301                	c.addi	x6,0
    212a:	0901                	c.addi	x18,0
    212c:	000c                	0xc
    212e:	0301                	c.addi	x6,0
    2130:	00140903          	lb	x18,1(x8)
    2134:	0301                	c.addi	x6,0
    2136:	0904                	c.addi4spn	x9,x2,144
    2138:	000c                	0xc
    213a:	0301                	c.addi	x6,0
    213c:	00100903          	lb	x18,1(x0) # 1 <_start-0x7fffffff>
    2140:	0501                	c.addi	x10,0
    2142:	0305                	c.addi	x6,1
    2144:	0901                	c.addi	x18,0
    2146:	0010                	0x10
    2148:	0301                	c.addi	x6,0
    214a:	0902                	c.slli64	x18
    214c:	0004                	0x4
    214e:	0501                	c.addi	x10,0
    2150:	0301                	c.addi	x6,0
    2152:	0901                	c.addi	x18,0
    2154:	0004                	0x4
    2156:	0301                	c.addi	x6,0
    2158:	00140903          	lb	x18,1(x8)
    215c:	0501                	c.addi	x10,0
    215e:	030c                	c.addi4spn	x11,x2,384
    2160:	0901                	c.addi	x18,0
    2162:	0010                	0x10
    2164:	0501                	c.addi	x10,0
    2166:	0301                	c.addi	x6,0
    2168:	0901                	c.addi	x18,0
    216a:	0004                	0x4
    216c:	0901                	c.addi	x18,0
    216e:	0010                	0x10
    2170:	0100                	c.addi4spn	x8,x2,128
    2172:	f301                	c.bnez	x14,2072 <_start-0x7fffdf8e>
    2174:	0000                	c.unimp
    2176:	0500                	c.addi4spn	x8,x2,640
    2178:	0400                	c.addi4spn	x8,x2,512
    217a:	2f00                	c.fld	f8,24(x14)
    217c:	0000                	c.unimp
    217e:	0100                	c.addi4spn	x8,x2,128
    2180:	0101                	c.addi	x2,0
    2182:	000d0efb          	0xd0efb
    2186:	0101                	c.addi	x2,0
    2188:	0101                	c.addi	x2,0
    218a:	0000                	c.unimp
    218c:	0100                	c.addi4spn	x8,x2,128
    218e:	0000                	c.unimp
    2190:	0101                	c.addi	x2,0
    2192:	1f01                	c.addi	x30,-32
    2194:	0001                	c.addi	x0,0
    2196:	0000                	c.unimp
    2198:	0200                	c.addi4spn	x8,x2,256
    219a:	1f01                	c.addi	x30,-32
    219c:	0f02                	c.slli64	x30
    219e:	0000d403          	lhu	x8,0(x1)
    21a2:	0000                	c.unimp
    21a4:	00d4                	c.addi4spn	x13,x2,68
    21a6:	0000                	c.unimp
    21a8:	7800                	c.flw	f8,48(x8)
    21aa:	0000                	c.unimp
    21ac:	0000                	c.unimp
    21ae:	0105                	c.addi	x2,1
    21b0:	0500                	c.addi4spn	x8,x2,640
    21b2:	d802                	c.swsp	x0,48(x2)
    21b4:	002a                	c.slli	x0,0xa
    21b6:	1580                	c.addi4spn	x8,x2,736
    21b8:	0905                	c.addi	x18,1
    21ba:	0c090203          	lb	x4,192(x18)
    21be:	0100                	c.addi4spn	x8,x2,128
    21c0:	0505                	c.addi	x10,1
    21c2:	04090303          	lb	x6,64(x18)
    21c6:	0100                	c.addi4spn	x8,x2,128
    21c8:	2405                	c.jal	23e8 <_start-0x7fffdc18>
    21ca:	08090003          	lb	x0,128(x18)
    21ce:	0100                	c.addi4spn	x8,x2,128
    21d0:	0f05                	c.addi	x30,1
    21d2:	08090303          	lb	x6,128(x18)
    21d6:	0100                	c.addi4spn	x8,x2,128
    21d8:	0605                	c.addi	x12,1
    21da:	14090003          	lb	x0,320(x18)
    21de:	0100                	c.addi4spn	x8,x2,128
    21e0:	2105                	c.jal	2600 <_start-0x7fffda00>
    21e2:	04090003          	lb	x0,64(x18)
    21e6:	0100                	c.addi4spn	x8,x2,128
    21e8:	0f05                	c.addi	x30,1
    21ea:	08090303          	lb	x6,128(x18)
    21ee:	0100                	c.addi4spn	x8,x2,128
    21f0:	2405                	c.jal	2410 <_start-0x7fffdbf0>
    21f2:	10090003          	lb	x0,256(x18)
    21f6:	0100                	c.addi4spn	x8,x2,128
    21f8:	0105                	c.addi	x2,1
    21fa:	04090103          	lb	x2,64(x18)
    21fe:	0100                	c.addi4spn	x8,x2,128
    2200:	10090303          	lb	x6,256(x18)
    2204:	0100                	c.addi4spn	x8,x2,128
    2206:	0705                	c.addi	x14,1
    2208:	0c090103          	lb	x2,192(x18)
    220c:	0100                	c.addi4spn	x8,x2,128
    220e:	1705                	c.addi	x14,-31
    2210:	04090103          	lb	x2,64(x18)
    2214:	0100                	c.addi4spn	x8,x2,128
    2216:	0d05                	c.addi	x26,1
    2218:	14090003          	lb	x0,320(x18)
    221c:	0100                	c.addi4spn	x8,x2,128
    221e:	0705                	c.addi	x14,1
    2220:	04090003          	lb	x0,64(x18)
    2224:	0100                	c.addi4spn	x8,x2,128
    2226:	0a05                	c.addi	x20,1
    2228:	04090103          	lb	x2,64(x18)
    222c:	0100                	c.addi4spn	x8,x2,128
    222e:	0105                	c.addi	x2,1
    2230:	04090103          	lb	x2,64(x18)
    2234:	0100                	c.addi4spn	x8,x2,128
    2236:	10090403          	lb	x8,256(x18)
    223a:	0100                	c.addi4spn	x8,x2,128
    223c:	0705                	c.addi	x14,1
    223e:	10090103          	lb	x2,256(x18)
    2242:	0100                	c.addi4spn	x8,x2,128
    2244:	0d05                	c.addi	x26,1
    2246:	04090103          	lb	x2,64(x18)
    224a:	0100                	c.addi4spn	x8,x2,128
    224c:	0405                	c.addi	x8,1
    224e:	14090003          	lb	x0,320(x18)
    2252:	0100                	c.addi4spn	x8,x2,128
    2254:	1f05                	c.addi	x30,-31
    2256:	04090003          	lb	x0,64(x18)
    225a:	0100                	c.addi4spn	x8,x2,128
    225c:	0105                	c.addi	x2,1
    225e:	08090103          	lb	x2,128(x18)
    2262:	0100                	c.addi4spn	x8,x2,128
    2264:	1009                	c.addi	x0,-30
    2266:	0000                	c.unimp
    2268:	0101                	c.addi	x2,0
    226a:	0076                	c.slli	x0,0x1d
    226c:	0000                	c.unimp
    226e:	0005                	c.addi	x0,1
    2270:	0004                	0x4
    2272:	002e                	c.slli	x0,0xb
    2274:	0000                	c.unimp
    2276:	0101                	c.addi	x2,0
    2278:	fb01                	c.bnez	x14,2188 <_start-0x7fffde78>
    227a:	0d0e                	c.slli	x26,0x3
    227c:	0100                	c.addi4spn	x8,x2,128
    227e:	0101                	c.addi	x2,0
    2280:	0001                	c.addi	x0,0
    2282:	0000                	c.unimp
    2284:	0001                	c.addi	x0,0
    2286:	0100                	c.addi4spn	x8,x2,128
    2288:	0101                	c.addi	x2,0
    228a:	021f 00db 0000      	0xdb021f
    2290:	000000db          	0xdb
    2294:	0102                	c.slli64	x2
    2296:	021f 020f 0104      	0x104020f021f
    229c:	0000                	c.unimp
    229e:	0400                	c.addi4spn	x8,x2,512
    22a0:	0001                	c.addi	x0,0
    22a2:	0100                	c.addi4spn	x8,x2,128
    22a4:	0500                	c.addi4spn	x8,x2,640
    22a6:	c002                	c.swsp	x0,0(x2)
    22a8:	0380002b          	0x380002b
    22ac:	0124                	c.addi4spn	x9,x2,136
    22ae:	04090103          	lb	x2,64(x18)
    22b2:	0100                	c.addi4spn	x8,x2,128
    22b4:	04090203          	lb	x4,64(x18)
    22b8:	0100                	c.addi4spn	x8,x2,128
    22ba:	04090103          	lb	x2,64(x18)
    22be:	0100                	c.addi4spn	x8,x2,128
    22c0:	04090103          	lb	x2,64(x18)
    22c4:	0100                	c.addi4spn	x8,x2,128
    22c6:	04090203          	lb	x4,64(x18)
    22ca:	0100                	c.addi4spn	x8,x2,128
    22cc:	04090103          	lb	x2,64(x18)
    22d0:	0100                	c.addi4spn	x8,x2,128
    22d2:	04090103          	lb	x2,64(x18)
    22d6:	0100                	c.addi4spn	x8,x2,128
    22d8:	04090103          	lb	x2,64(x18)
    22dc:	0100                	c.addi4spn	x8,x2,128
    22de:	0409                	c.addi	x8,2
    22e0:	0000                	c.unimp
    22e2:	0101                	c.addi	x2,0
    22e4:	0000014f          	fnmadd.s	f2,f0,f0,f0,rne
    22e8:	0005                	c.addi	x0,1
    22ea:	0004                	0x4
    22ec:	002e                	c.slli	x0,0xb
    22ee:	0000                	c.unimp
    22f0:	0101                	c.addi	x2,0
    22f2:	fb01                	c.bnez	x14,2202 <_start-0x7fffddfe>
    22f4:	0d0e                	c.slli	x26,0x3
    22f6:	0100                	c.addi4spn	x8,x2,128
    22f8:	0101                	c.addi	x2,0
    22fa:	0001                	c.addi	x0,0
    22fc:	0000                	c.unimp
    22fe:	0001                	c.addi	x0,0
    2300:	0100                	c.addi4spn	x8,x2,128
    2302:	0101                	c.addi	x2,0
    2304:	021f 00db 0000      	0xdb021f
    230a:	000000db          	0xdb
    230e:	0102                	c.slli64	x2
    2310:	021f 020f 010d      	0x10d020f021f
    2316:	0000                	c.unimp
    2318:	0d00                	c.addi4spn	x8,x2,656
    231a:	0001                	c.addi	x0,0
    231c:	0100                	c.addi4spn	x8,x2,128
    231e:	0500                	c.addi4spn	x8,x2,640
    2320:	e402                	c.fswsp	f0,8(x2)
    2322:	0380002b          	0x380002b
    2326:	00c4                	c.addi4spn	x9,x2,68
    2328:	0301                	c.addi	x6,0
    232a:	0901                	c.addi	x18,0
    232c:	0004                	0x4
    232e:	0301                	c.addi	x6,0
    2330:	0904                	c.addi4spn	x9,x2,144
    2332:	0004                	0x4
    2334:	0301                	c.addi	x6,0
    2336:	0901                	c.addi	x18,0
    2338:	0004                	0x4
    233a:	0301                	c.addi	x6,0
    233c:	0901                	c.addi	x18,0
    233e:	0004                	0x4
    2340:	0301                	c.addi	x6,0
    2342:	0901                	c.addi	x18,0
    2344:	0004                	0x4
    2346:	0301                	c.addi	x6,0
    2348:	0901                	c.addi	x18,0
    234a:	0004                	0x4
    234c:	0301                	c.addi	x6,0
    234e:	0901                	c.addi	x18,0
    2350:	0004                	0x4
    2352:	0301                	c.addi	x6,0
    2354:	0902                	c.slli64	x18
    2356:	0004                	0x4
    2358:	0301                	c.addi	x6,0
    235a:	0901                	c.addi	x18,0
    235c:	0004                	0x4
    235e:	0301                	c.addi	x6,0
    2360:	0901                	c.addi	x18,0
    2362:	0004                	0x4
    2364:	0301                	c.addi	x6,0
    2366:	0901                	c.addi	x18,0
    2368:	0004                	0x4
    236a:	0301                	c.addi	x6,0
    236c:	0902                	c.slli64	x18
    236e:	0004                	0x4
    2370:	0301                	c.addi	x6,0
    2372:	0902                	c.slli64	x18
    2374:	0004                	0x4
    2376:	0301                	c.addi	x6,0
    2378:	0901                	c.addi	x18,0
    237a:	0004                	0x4
    237c:	0301                	c.addi	x6,0
    237e:	0901                	c.addi	x18,0
    2380:	0004                	0x4
    2382:	0301                	c.addi	x6,0
    2384:	0902                	c.slli64	x18
    2386:	0004                	0x4
    2388:	0301                	c.addi	x6,0
    238a:	0901                	c.addi	x18,0
    238c:	0004                	0x4
    238e:	0301                	c.addi	x6,0
    2390:	0901                	c.addi	x18,0
    2392:	0004                	0x4
    2394:	0301                	c.addi	x6,0
    2396:	0902                	c.slli64	x18
    2398:	0004                	0x4
    239a:	0301                	c.addi	x6,0
    239c:	0905                	c.addi	x18,1
    239e:	0004                	0x4
    23a0:	0301                	c.addi	x6,0
    23a2:	0901                	c.addi	x18,0
    23a4:	0004                	0x4
    23a6:	0301                	c.addi	x6,0
    23a8:	0901                	c.addi	x18,0
    23aa:	0004                	0x4
    23ac:	0301                	c.addi	x6,0
    23ae:	0901                	c.addi	x18,0
    23b0:	0004                	0x4
    23b2:	0301                	c.addi	x6,0
    23b4:	0905                	c.addi	x18,1
    23b6:	0004                	0x4
    23b8:	0301                	c.addi	x6,0
    23ba:	0902                	c.slli64	x18
    23bc:	0004                	0x4
    23be:	0301                	c.addi	x6,0
    23c0:	0902                	c.slli64	x18
    23c2:	0004                	0x4
    23c4:	0301                	c.addi	x6,0
    23c6:	0901                	c.addi	x18,0
    23c8:	0004                	0x4
    23ca:	0301                	c.addi	x6,0
    23cc:	0902                	c.slli64	x18
    23ce:	0004                	0x4
    23d0:	0301                	c.addi	x6,0
    23d2:	0902                	c.slli64	x18
    23d4:	0004                	0x4
    23d6:	0301                	c.addi	x6,0
    23d8:	0901                	c.addi	x18,0
    23da:	0004                	0x4
    23dc:	0301                	c.addi	x6,0
    23de:	0901                	c.addi	x18,0
    23e0:	0004                	0x4
    23e2:	0301                	c.addi	x6,0
    23e4:	0901                	c.addi	x18,0
    23e6:	0004                	0x4
    23e8:	0301                	c.addi	x6,0
    23ea:	0904                	c.addi4spn	x9,x2,144
    23ec:	0004                	0x4
    23ee:	0301                	c.addi	x6,0
    23f0:	0901                	c.addi	x18,0
    23f2:	0004                	0x4
    23f4:	0301                	c.addi	x6,0
    23f6:	0901                	c.addi	x18,0
    23f8:	0004                	0x4
    23fa:	0301                	c.addi	x6,0
    23fc:	0902                	c.slli64	x18
    23fe:	0004                	0x4
    2400:	0301                	c.addi	x6,0
    2402:	0901                	c.addi	x18,0
    2404:	0004                	0x4
    2406:	0301                	c.addi	x6,0
    2408:	0901                	c.addi	x18,0
    240a:	0004                	0x4
    240c:	0301                	c.addi	x6,0
    240e:	0902                	c.slli64	x18
    2410:	0004                	0x4
    2412:	0301                	c.addi	x6,0
    2414:	0901                	c.addi	x18,0
    2416:	0004                	0x4
    2418:	0301                	c.addi	x6,0
    241a:	0902                	c.slli64	x18
    241c:	0004                	0x4
    241e:	0301                	c.addi	x6,0
    2420:	0901                	c.addi	x18,0
    2422:	0004                	0x4
    2424:	0301                	c.addi	x6,0
    2426:	0901                	c.addi	x18,0
    2428:	0004                	0x4
    242a:	0301                	c.addi	x6,0
    242c:	0901                	c.addi	x18,0
    242e:	0004                	0x4
    2430:	0901                	c.addi	x18,0
    2432:	0004                	0x4
    2434:	0100                	c.addi4spn	x8,x2,128
    2436:	01              	Address 0x0000000000002436 is out of bounds.


Disassembly of section .debug_line_str:

00000000 <.debug_line_str>:
   0:	6d6f682f          	0x6d6f682f
   4:	2f65                	c.jal	7bc <_start-0x7ffff844>
   6:	6261                	c.lui	x4,0x18
   8:	6568                	c.flw	f10,76(x10)
   a:	7265                	c.lui	x4,0xffff9
   c:	7661                	c.lui	x12,0xffff8
   e:	5349522f          	0x5349522f
  12:	432d5643          	fmadd.d	f12,f26,f18,f8,unknown
  16:	5550                	c.lw	x12,44(x10)
  18:	2f57532f          	0x2f57532f
  1c:	6e72656b          	0x6e72656b
  20:	6c65                	c.lui	x24,0x19
  22:	6500                	c.flw	f8,8(x10)
  24:	746e                	c.flwsp	f8,248(x2)
  26:	7972                	c.flwsp	f18,60(x2)
  28:	532e                	c.lwsp	x6,232(x2)
  2a:	7300                	c.flw	f8,32(x14)
  2c:	68637477          	0x68637477
  30:	532e                	c.lwsp	x6,232(x2)
  32:	7400                	c.flw	f8,40(x8)
  34:	6d69                	c.lui	x26,0x1a
  36:	7265                	c.lui	x4,0xffff9
  38:	6576                	c.flwsp	f10,92(x2)
  3a:	00532e63          	0x532e63
  3e:	616d                	c.addi16sp	x2,240
  40:	6e69                	c.lui	x28,0x1a
  42:	632e                	c.flwsp	f6,200(x2)
  44:	7000                	c.flw	f8,32(x8)
  46:	6f72                	c.flwsp	f30,28(x2)
  48:	00682e63          	0x682e63
  4c:	6175                	c.addi16sp	x2,368
  4e:	7472                	c.flwsp	f8,60(x2)
  50:	682e                	c.flwsp	f16,200(x2)
  52:	7000                	c.flw	f8,32(x8)
  54:	696c                	c.flw	f11,84(x10)
  56:	00682e63          	0x682e63
  5a:	6e72656b          	0x6e72656b
  5e:	6c65                	c.lui	x24,0x19
  60:	765f 2e6d 0068      	0x682e6d765f
  66:	6170                	c.flw	f12,68(x10)
  68:	676e6967          	0x676e6967
  6c:	682e                	c.flwsp	f16,200(x2)
  6e:	7000                	c.flw	f8,32(x8)
  70:	6761                	c.lui	x14,0x18
  72:	6e69                	c.lui	x28,0x1a
  74:	00632e67          	0x632e67
  78:	7475                	c.lui	x8,0xffffd
  7a:	6c69                	c.lui	x24,0x1a
  7c:	00682e73          	csrrs	x28,0x6,x16
  80:	7475                	c.lui	x8,0xffffd
  82:	6c69                	c.lui	x24,0x1a
  84:	00632e73          	csrrs	x28,0x6,x6
  88:	7270                	c.flw	f12,100(x12)
  8a:	632e636f          	jal	x6,e66bc <_start-0x7ff19944>
  8e:	7400                	c.flw	f8,40(x8)
  90:	6172                	c.flwsp	f2,28(x2)
  92:	2e70                	c.fld	f12,216(x12)
  94:	0068                	c.addi4spn	x10,x2,12
  96:	6974                	c.flw	f13,84(x10)
  98:	656d                	c.lui	x10,0x1b
  9a:	2e72                	c.fldsp	f28,280(x2)
  9c:	69740063          	beq	x8,x23,71c <_start-0x7ffff8e4>
  a0:	656d                	c.lui	x10,0x1b
  a2:	2e72                	c.fldsp	f28,280(x2)
  a4:	0068                	c.addi4spn	x10,x2,12
  a6:	65686373          	csrrsi	x6,0x656,16
  aa:	7564                	c.flw	f9,108(x10)
  ac:	656c                	c.flw	f11,76(x10)
  ae:	2e72                	c.fldsp	f28,280(x2)
  b0:	72740063          	beq	x8,x7,7d0 <_start-0x7ffff830>
  b4:	7061                	c.lui	x0,0xffff8
  b6:	632e                	c.flwsp	f6,200(x2)
  b8:	7300                	c.flw	f8,32(x14)
  ba:	6174                	c.flw	f13,68(x10)
  bc:	7472                	c.flwsp	f8,60(x2)
  be:	632e                	c.flwsp	f6,200(x2)
  c0:	6b00                	c.flw	f8,16(x14)
  c2:	7265                	c.lui	x4,0xffff9
  c4:	656e                	c.flwsp	f10,216(x2)
  c6:	5f6c                	c.lw	x11,124(x14)
  c8:	6d76                	c.flwsp	f26,92(x2)
  ca:	632e                	c.flwsp	f6,200(x2)
  cc:	7500                	c.flw	f8,40(x10)
  ce:	7261                	c.lui	x4,0xffff8
  d0:	2e74                	c.fld	f13,216(x12)
  d2:	6c700063          	beq	x0,x7,792 <_start-0x7ffff86e>
  d6:	6369                	c.lui	x6,0x1a
  d8:	632e                	c.flwsp	f6,200(x2)
  da:	2e00                	c.fld	f8,24(x12)
  dc:	2f2e                	c.fldsp	f30,200(x2)
  de:	2e2e                	c.fldsp	f28,200(x2)
  e0:	2f2e2e2f          	0x2f2e2e2f
  e4:	2f2e                	c.fldsp	f30,200(x2)
  e6:	6972                	c.flwsp	f18,28(x2)
  e8:	2d766373          	csrrsi	x6,0x2d7,12
  ec:	2f636367          	0x2f636367
  f0:	696c                	c.flw	f11,84(x10)
  f2:	6762                	c.flwsp	f14,24(x2)
  f4:	632f6363          	bltu	x30,x18,71a <_start-0x7ffff8e6>
  f8:	69666e6f          	jal	x28,6678e <_start-0x7ff99872>
  fc:	69722f67          	0x69722f67
 100:	00766373          	csrrsi	x6,0x7,12
 104:	756d                	c.lui	x10,0xffffb
 106:	646c                	c.flw	f11,76(x8)
 108:	3369                	c.jal	fffffe92 <_stack_top+0x77fffe92>
 10a:	532e                	c.lwsp	x6,232(x2)
 10c:	6400                	c.flw	f8,8(x8)
 10e:	7669                	c.lui	x12,0xffffa
 110:	532e                	c.lwsp	x6,232(x2)
	...

Disassembly of section .debug_info:

00000000 <.debug_info>:
       0:	0020                	c.addi4spn	x8,x2,8
       2:	0000                	c.unimp
       4:	0005                	c.addi	x0,1
       6:	0401                	c.addi	x8,0
       8:	0000                	c.unimp
       a:	0000                	c.unimp
       c:	0001                	c.addi	x0,0
       e:	0000                	c.unimp
      10:	0000                	c.unimp
      12:	0000                	c.unimp
      14:	1080                	c.addi4spn	x8,x2,96
      16:	0000                	c.unimp
      18:	0000                	c.unimp
      1a:	0008                	0x8
      1c:	0000                	c.unimp
      1e:	0000002b          	0x2b
      22:	8001                	c.srli64	x8
      24:	0020                	c.addi4spn	x8,x2,8
      26:	0000                	c.unimp
      28:	0005                	c.addi	x0,1
      2a:	0401                	c.addi	x8,0
      2c:	0014                	0x14
      2e:	0000                	c.unimp
      30:	5001                	c.li	x0,-32
      32:	0000                	c.unimp
      34:	0c00                	c.addi4spn	x8,x2,528
      36:	0000                	c.unimp
      38:	7480                	c.flw	f8,40(x9)
      3a:	0039                	c.addi	x0,14
      3c:	0000                	c.unimp
      3e:	0008                	0x8
      40:	0000                	c.unimp
      42:	0000002b          	0x2b
      46:	8001                	c.srli64	x8
      48:	0020                	c.addi4spn	x8,x2,8
      4a:	0000                	c.unimp
      4c:	0005                	c.addi	x0,1
      4e:	0401                	c.addi	x8,0
      50:	0028                	c.addi4spn	x10,x2,8
      52:	0000                	c.unimp
      54:	3e01                	c.jal	fffffb64 <_stack_top+0x77fffb64>
      56:	0001                	c.addi	x0,0
      58:	8000                	0x8000
      5a:	0000                	c.unimp
      5c:	5080                	c.lw	x8,32(x9)
      5e:	0041                	c.addi	x0,16
      60:	0000                	c.unimp
      62:	0008                	0x8
      64:	0000                	c.unimp
      66:	0000002b          	0x2b
      6a:	8001                	c.srli64	x8
      6c:	0000009b          	0x9b
      70:	0005                	c.addi	x0,1
      72:	0401                	c.addi	x8,0
      74:	003c                	c.addi4spn	x15,x2,8
      76:	0000                	c.unimp
      78:	8905                	c.andi	x10,1
      7a:	0000                	c.unimp
      7c:	1d00                	c.addi4spn	x8,x2,688
      7e:	003e                	c.slli	x0,0xf
      80:	0000                	c.unimp
      82:	0000                	c.unimp
      84:	0000                	c.unimp
      86:	00d0                	c.addi4spn	x12,x2,68
      88:	8000                	0x8000
      8a:	0044                	c.addi4spn	x9,x2,4
      8c:	0000                	c.unimp
      8e:	01e2                	c.slli	x3,0x18
      90:	0000                	c.unimp
      92:	4c070403          	lb	x8,1216(x14) # 184c0 <_start-0x7ffe7b40>
      96:	0000                	c.unimp
      98:	0600                	c.addi4spn	x8,x2,768
      9a:	0504                	c.addi4spn	x9,x2,640
      9c:	6e69                	c.lui	x28,0x1a
      9e:	0074                	c.addi4spn	x13,x2,12
      a0:	0b080103          	lb	x2,176(x16)
      a4:	0001                	c.addi	x0,0
      a6:	0100                	c.addi4spn	x8,x2,128
      a8:	0110                	c.addi4spn	x12,x2,128
      aa:	0000                	c.unimp
      ac:	7202                	c.flwsp	f4,32(x2)
      ae:	0048                	c.addi4spn	x10,x2,4
      b0:	0000                	c.unimp
      b2:	0002                	c.slli64	x0
      b4:	5904                	c.lw	x9,48(x10)
      b6:	0000                	c.unimp
      b8:	7000                	c.flw	f8,32(x8)
      ba:	f404                	c.fsw	f9,40(x8)
      bc:	0000                	c.unimp
      be:	6e00                	c.flw	f8,24(x12)
      c0:	0201                	c.addi	x4,0
      c2:	0001                	c.addi	x0,0
      c4:	0300                	c.addi4spn	x8,x2,384
      c6:	6128                	c.flw	f10,64(x10)
      c8:	0000                	c.unimp
      ca:	0200                	c.addi4spn	x8,x2,256
      cc:	0100                	c.addi4spn	x8,x2,128
      ce:	0062                	c.slli	x0,0x18
      d0:	0000                	c.unimp
      d2:	1004                	c.addi4spn	x9,x2,32
      d4:	006e                	c.slli	x0,0x1b
      d6:	0000                	c.unimp
      d8:	0002                	c.slli64	x0
      da:	6b01                	0x6b01
      dc:	0000                	c.unimp
      de:	0500                	c.addi4spn	x8,x2,640
      e0:	7b06                	c.flwsp	f22,96(x2)
      e2:	0000                	c.unimp
      e4:	0200                	c.addi4spn	x8,x2,256
      e6:	0100                	c.addi4spn	x8,x2,128
      e8:	007e                	c.slli	x0,0x1f
      ea:	0000                	c.unimp
      ec:	1a06                	c.slli	x20,0x21
      ee:	0088                	c.addi4spn	x10,x2,64
      f0:	0000                	c.unimp
      f2:	0002                	c.slli64	x0
      f4:	0000fd07          	0xfd07
      f8:	0100                	c.addi4spn	x8,x2,128
      fa:	0509                	c.addi	x10,2
      fc:	002d                	c.addi	x0,11
      fe:	0000                	c.unimp
     100:	00d0                	c.addi4spn	x12,x2,68
     102:	8000                	0x8000
     104:	0044                	c.addi4spn	x9,x2,4
     106:	0000                	c.unimp
     108:	9c01                	0x9c01
     10a:	b800                	c.fsd	f8,48(x8)
     10c:	000a                	c.slli	x0,0x2
     10e:	0500                	c.addi4spn	x8,x2,640
     110:	0100                	c.addi4spn	x8,x2,128
     112:	af04                	c.fsd	f9,24(x14)
     114:	0000                	c.unimp
     116:	1800                	c.addi4spn	x8,x2,48
     118:	0089                	c.addi	x1,2
     11a:	0000                	c.unimp
     11c:	6f1d                	c.lui	x30,0x7
     11e:	0000                	c.unimp
     120:	0000                	c.unimp
     122:	0000                	c.unimp
     124:	1400                	c.addi4spn	x8,x2,544
     126:	0001                	c.addi	x0,0
     128:	0080                	c.addi4spn	x8,x2,64
     12a:	000c                	0xc
     12c:	7f00                	c.flw	f8,56(x14)
     12e:	0002                	c.slli64	x0
     130:	0f00                	c.addi4spn	x8,x2,912
     132:	000002f3          	0x2f3
     136:	32160703          	lb	x14,801(x12) # ffffa321 <_stack_top+0x77ffa321>
     13a:	0000                	c.unimp
     13c:	1200                	c.addi4spn	x8,x2,288
     13e:	0704                	c.addi4spn	x9,x2,896
     140:	004c                	c.addi4spn	x11,x2,4
     142:	0000                	c.unimp
     144:	6819                	c.lui	x16,0x6
     146:	07000003          	lb	x0,112(x0) # 70 <_start-0x7fffff90>
     14a:	3204                	c.fld	f9,32(x12)
     14c:	0000                	c.unimp
     14e:	0200                	c.addi4spn	x8,x2,256
     150:	0608                	c.addi4spn	x10,x2,768
     152:	0070                	c.addi4spn	x12,x2,12
     154:	0000                	c.unimp
     156:	e30a                	c.fswsp	f2,132(x2)
     158:	0002                	c.slli64	x0
     15a:	0000                	c.unimp
     15c:	e50a                	c.fswsp	f2,136(x2)
     15e:	0002                	c.slli64	x0
     160:	0100                	c.addi4spn	x8,x2,128
     162:	480a                	c.lwsp	x16,128(x2)
     164:	0001                	c.addi	x0,0
     166:	0200                	c.addi4spn	x8,x2,256
     168:	7b0a                	c.flwsp	f22,160(x2)
     16a:	0002                	c.slli64	x0
     16c:	0300                	c.addi4spn	x8,x2,384
     16e:	a80a                	c.fsdsp	f2,16(x2)
     170:	0002                	c.slli64	x0
     172:	0400                	c.addi4spn	x8,x2,512
     174:	950a                	c.add	x10,x2
     176:	05000003          	lb	x0,80(x0) # 50 <_start-0x7fffffb0>
     17a:	0c00                	c.addi4spn	x8,x2,528
     17c:	013e                	c.slli	x2,0xf
     17e:	0000                	c.unimp
     180:	0290                	c.addi4spn	x12,x2,320
     182:	080a                	c.slli	x16,0x2
     184:	0215                	c.addi	x4,5
     186:	0000                	c.unimp
     188:	af04                	c.fsd	f9,24(x14)
     18a:	0001                	c.addi	x0,0
     18c:	0200                	c.addi4spn	x8,x2,256
     18e:	00260a0b          	0x260a0b
     192:	0000                	c.unimp
     194:	0400                	c.addi4spn	x8,x2,512
     196:	035c                	c.addi4spn	x15,x2,388
     198:	0000                	c.unimp
     19a:	0c02                	c.slli64	x24
     19c:	260a                	c.fldsp	f12,128(x2)
     19e:	0000                	c.unimp
     1a0:	0400                	c.addi4spn	x8,x2,512
     1a2:	9c04                	0x9c04
     1a4:	0002                	c.slli64	x0
     1a6:	0200                	c.addi4spn	x8,x2,256
     1a8:	0a0d                	c.addi	x20,3
     1aa:	0026                	c.slli	x0,0x9
     1ac:	0000                	c.unimp
     1ae:	0108                	c.addi4spn	x10,x2,128
     1b0:	7065                	c.lui	x0,0xffff9
     1b2:	0a0e0063          	beq	x28,x0,252 <_start-0x7ffffdae>
     1b6:	0026                	c.slli	x0,0x9
     1b8:	0000                	c.unimp
     1ba:	040c                	c.addi4spn	x11,x2,512
     1bc:	021a                	c.slli	x4,0x6
     1be:	0000                	c.unimp
     1c0:	0f02                	c.slli64	x30
     1c2:	260a                	c.fldsp	f12,128(x2)
     1c4:	0000                	c.unimp
     1c6:	1000                	c.addi4spn	x8,x2,32
     1c8:	7201                	c.lui	x4,0xfffe0
     1ca:	0061                	c.addi	x0,24
     1cc:	0a10                	c.addi4spn	x12,x2,272
     1ce:	0026                	c.slli	x0,0x9
     1d0:	0000                	c.unimp
     1d2:	0114                	c.addi4spn	x13,x2,128
     1d4:	11007073          	csrrci	x0,0x110,0
     1d8:	260a                	c.fldsp	f12,128(x2)
     1da:	0000                	c.unimp
     1dc:	1800                	c.addi4spn	x8,x2,48
     1de:	6701                	0x6701
     1e0:	0070                	c.addi4spn	x12,x2,12
     1e2:	0a12                	c.slli	x20,0x4
     1e4:	0026                	c.slli	x0,0x9
     1e6:	0000                	c.unimp
     1e8:	011c                	c.addi4spn	x15,x2,128
     1ea:	7074                	c.flw	f13,100(x8)
     1ec:	1300                	c.addi4spn	x8,x2,416
     1ee:	260a                	c.fldsp	f12,128(x2)
     1f0:	0000                	c.unimp
     1f2:	2000                	c.fld	f8,0(x8)
     1f4:	7401                	c.lui	x8,0xfffe0
     1f6:	0030                	c.addi4spn	x12,x2,8
     1f8:	0a14                	c.addi4spn	x13,x2,272
     1fa:	0026                	c.slli	x0,0x9
     1fc:	0000                	c.unimp
     1fe:	0124                	c.addi4spn	x9,x2,136
     200:	3174                	c.fld	f13,224(x10)
     202:	1500                	c.addi4spn	x8,x2,672
     204:	260a                	c.fldsp	f12,128(x2)
     206:	0000                	c.unimp
     208:	2800                	c.fld	f8,16(x8)
     20a:	7401                	c.lui	x8,0xfffe0
     20c:	0032                	c.slli	x0,0xc
     20e:	0a16                	c.slli	x20,0x5
     210:	0026                	c.slli	x0,0x9
     212:	0000                	c.unimp
     214:	012c                	c.addi4spn	x11,x2,136
     216:	17003073          	csrrc	x0,0x170,x0
     21a:	260a                	c.fldsp	f12,128(x2)
     21c:	0000                	c.unimp
     21e:	3000                	c.fld	f8,32(x8)
     220:	7301                	c.lui	x6,0xfffe0
     222:	0031                	c.addi	x0,12
     224:	0a18                	c.addi4spn	x14,x2,272
     226:	0026                	c.slli	x0,0x9
     228:	0000                	c.unimp
     22a:	0134                	c.addi4spn	x13,x2,136
     22c:	3061                	c.jal	fffffab4 <_stack_top+0x77fffab4>
     22e:	1900                	c.addi4spn	x8,x2,176
     230:	260a                	c.fldsp	f12,128(x2)
     232:	0000                	c.unimp
     234:	3800                	c.fld	f8,48(x8)
     236:	6101                	0x6101
     238:	0031                	c.addi	x0,12
     23a:	0a1a                	c.slli	x20,0x6
     23c:	0026                	c.slli	x0,0x9
     23e:	0000                	c.unimp
     240:	013c                	c.addi4spn	x15,x2,136
     242:	3261                	c.jal	fffffbca <_stack_top+0x77fffbca>
     244:	1b00                	c.addi4spn	x8,x2,432
     246:	260a                	c.fldsp	f12,128(x2)
     248:	0000                	c.unimp
     24a:	4000                	c.lw	x8,0(x8)
     24c:	6101                	0x6101
     24e:	0a1c0033          	0xa1c0033
     252:	0026                	c.slli	x0,0x9
     254:	0000                	c.unimp
     256:	0144                	c.addi4spn	x9,x2,132
     258:	3461                	c.jal	fffffce0 <_stack_top+0x77fffce0>
     25a:	1d00                	c.addi4spn	x8,x2,688
     25c:	260a                	c.fldsp	f12,128(x2)
     25e:	0000                	c.unimp
     260:	4800                	c.lw	x8,16(x8)
     262:	6101                	0x6101
     264:	0035                	c.addi	x0,13
     266:	0a1e                	c.slli	x20,0x7
     268:	0026                	c.slli	x0,0x9
     26a:	0000                	c.unimp
     26c:	014c                	c.addi4spn	x11,x2,132
     26e:	3661                	c.jal	fffffdf6 <_stack_top+0x77fffdf6>
     270:	1f00                	c.addi4spn	x8,x2,944
     272:	260a                	c.fldsp	f12,128(x2)
     274:	0000                	c.unimp
     276:	5000                	c.lw	x8,32(x8)
     278:	6101                	0x6101
     27a:	0a200037          	lui	x0,0xa200
     27e:	0026                	c.slli	x0,0x9
     280:	0000                	c.unimp
     282:	0154                	c.addi4spn	x13,x2,132
     284:	21003273          	csrrc	x4,0x210,x0
     288:	260a                	c.fldsp	f12,128(x2)
     28a:	0000                	c.unimp
     28c:	5800                	c.lw	x8,48(x8)
     28e:	7301                	c.lui	x6,0xfffe0
     290:	0a220033          	0xa220033
     294:	0026                	c.slli	x0,0x9
     296:	0000                	c.unimp
     298:	015c                	c.addi4spn	x15,x2,132
     29a:	23003473          	csrrc	x8,0x230,x0
     29e:	260a                	c.fldsp	f12,128(x2)
     2a0:	0000                	c.unimp
     2a2:	6000                	c.flw	f8,0(x8)
     2a4:	7301                	c.lui	x6,0xfffe0
     2a6:	0035                	c.addi	x0,13
     2a8:	0a24                	c.addi4spn	x9,x2,280
     2aa:	0026                	c.slli	x0,0x9
     2ac:	0000                	c.unimp
     2ae:	0164                	c.addi4spn	x9,x2,140
     2b0:	25003673          	csrrc	x12,0x250,x0
     2b4:	260a                	c.fldsp	f12,128(x2)
     2b6:	0000                	c.unimp
     2b8:	6800                	c.flw	f8,16(x8)
     2ba:	7301                	c.lui	x6,0xfffe0
     2bc:	0a260037          	lui	x0,0xa260
     2c0:	0026                	c.slli	x0,0x9
     2c2:	0000                	c.unimp
     2c4:	016c                	c.addi4spn	x11,x2,140
     2c6:	27003873          	csrrc	x16,0x270,x0
     2ca:	260a                	c.fldsp	f12,128(x2)
     2cc:	0000                	c.unimp
     2ce:	7000                	c.flw	f8,32(x8)
     2d0:	7301                	c.lui	x6,0xfffe0
     2d2:	0039                	c.addi	x0,14
     2d4:	0a28                	c.addi4spn	x10,x2,280
     2d6:	0026                	c.slli	x0,0x9
     2d8:	0000                	c.unimp
     2da:	0174                	c.addi4spn	x13,x2,140
     2dc:	00303173          	csrrc	x2,fcsr,x0
     2e0:	0a29                	c.addi	x20,10
     2e2:	0026                	c.slli	x0,0x9
     2e4:	0000                	c.unimp
     2e6:	0178                	c.addi4spn	x14,x2,140
     2e8:	00313173          	csrrc	x2,fcsr,x2
     2ec:	0a2a                	c.slli	x20,0xa
     2ee:	0026                	c.slli	x0,0x9
     2f0:	0000                	c.unimp
     2f2:	017c                	c.addi4spn	x15,x2,140
     2f4:	3374                	c.fld	f13,224(x14)
     2f6:	2b00                	c.fld	f8,16(x14)
     2f8:	260a                	c.fldsp	f12,128(x2)
     2fa:	0000                	c.unimp
     2fc:	8000                	0x8000
     2fe:	7401                	c.lui	x8,0xfffe0
     300:	0034                	c.addi4spn	x13,x2,8
     302:	0a2c                	c.addi4spn	x11,x2,280
     304:	0026                	c.slli	x0,0x9
     306:	0000                	c.unimp
     308:	0184                	c.addi4spn	x9,x2,192
     30a:	3574                	c.fld	f13,232(x10)
     30c:	2d00                	c.fld	f8,24(x10)
     30e:	260a                	c.fldsp	f12,128(x2)
     310:	0000                	c.unimp
     312:	8800                	0x8800
     314:	7401                	c.lui	x8,0xfffe0
     316:	0036                	c.slli	x0,0xd
     318:	0a2e                	c.slli	x20,0xb
     31a:	0026                	c.slli	x0,0x9
     31c:	0000                	c.unimp
     31e:	008c                	c.addi4spn	x11,x2,64
     320:	620c                	c.flw	f11,0(x12)
     322:	0002                	c.slli64	x0
     324:	3800                	c.fld	f8,48(x8)
     326:	3102                	c.fldsp	f2,32(x2)
     328:	bf08                	c.fsd	f10,56(x14)
     32a:	0002                	c.slli64	x0
     32c:	0100                	c.addi4spn	x8,x2,128
     32e:	6172                	c.flwsp	f2,28(x2)
     330:	3200                	c.fld	f8,32(x12)
     332:	260a                	c.fldsp	f12,128(x2)
     334:	0000                	c.unimp
     336:	0000                	c.unimp
     338:	7301                	c.lui	x6,0xfffe0
     33a:	0070                	c.addi4spn	x12,x2,12
     33c:	00260a33          	add	x20,x12,x2
     340:	0000                	c.unimp
     342:	0104                	c.addi4spn	x9,x2,128
     344:	36003073          	csrrc	x0,0x360,x0
     348:	0000260b          	0x260b
     34c:	0800                	c.addi4spn	x8,x2,16
     34e:	7301                	c.lui	x6,0xfffe0
     350:	0031                	c.addi	x0,12
     352:	00260b37          	lui	x22,0x260
     356:	0000                	c.unimp
     358:	010c                	c.addi4spn	x11,x2,128
     35a:	38003273          	csrrc	x4,0x380,x0
     35e:	0000260b          	0x260b
     362:	1000                	c.addi4spn	x8,x2,32
     364:	7301                	c.lui	x6,0xfffe0
     366:	0b390033          	0xb390033
     36a:	0026                	c.slli	x0,0x9
     36c:	0000                	c.unimp
     36e:	0114                	c.addi4spn	x13,x2,128
     370:	3a003473          	csrrc	x8,pmpcfg0,x0
     374:	0000260b          	0x260b
     378:	1800                	c.addi4spn	x8,x2,48
     37a:	7301                	c.lui	x6,0xfffe0
     37c:	0035                	c.addi	x0,13
     37e:	00260b3b          	0x260b3b
     382:	0000                	c.unimp
     384:	011c                	c.addi4spn	x15,x2,128
     386:	3c003673          	csrrc	x12,0x3c0,x0
     38a:	0000260b          	0x260b
     38e:	2000                	c.fld	f8,0(x8)
     390:	7301                	c.lui	x6,0xfffe0
     392:	0b3d0037          	lui	x0,0xb3d0
     396:	0026                	c.slli	x0,0x9
     398:	0000                	c.unimp
     39a:	0124                	c.addi4spn	x9,x2,136
     39c:	3e003873          	csrrc	x16,0x3e0,x0
     3a0:	0000260b          	0x260b
     3a4:	2800                	c.fld	f8,16(x8)
     3a6:	7301                	c.lui	x6,0xfffe0
     3a8:	0039                	c.addi	x0,14
     3aa:	00260b3f 012c0000 	0x12c000000260b3f
     3b2:	00303173          	csrrc	x2,fcsr,x0
     3b6:	0b40                	c.addi4spn	x8,x2,404
     3b8:	0026                	c.slli	x0,0x9
     3ba:	0000                	c.unimp
     3bc:	0130                	c.addi4spn	x12,x2,136
     3be:	00313173          	csrrc	x2,fcsr,x2
     3c2:	0b41                	c.addi	x22,16
     3c4:	0026                	c.slli	x0,0x9
     3c6:	0000                	c.unimp
     3c8:	0034                	c.addi4spn	x13,x2,8
     3ca:	0a0c                	c.addi4spn	x11,x2,272
     3cc:	0005                	c.addi	x0,1
     3ce:	7000                	c.flw	f8,32(x8)
     3d0:	4402                	c.lwsp	x8,0(x2)
     3d2:	6810                	c.flw	f12,16(x8)
     3d4:	04000003          	lb	x0,64(x0) # 40 <_start-0x7fffffc0>
     3d8:	036c                	c.addi4spn	x11,x2,396
     3da:	0000                	c.unimp
     3dc:	4602                	c.lwsp	x12,0(x2)
     3de:	3914                	c.fld	f13,48(x10)
     3e0:	0000                	c.unimp
     3e2:	0000                	c.unimp
     3e4:	8404                	0x8404
     3e6:	0002                	c.slli64	x0
     3e8:	0200                	c.addi4spn	x8,x2,256
     3ea:	03680b47          	fmsub.d	f22,f16,f22,f0,rne
     3ee:	0000                	c.unimp
     3f0:	0404                	c.addi4spn	x9,x2,512
     3f2:	000001a3          	sb	x0,3(x0) # 3 <_start-0x7ffffffd>
     3f6:	4802                	c.lwsp	x16,0(x2)
     3f8:	6a09                	c.lui	x20,0x2
     3fa:	08000003          	lb	x0,128(x0) # 80 <_start-0x7fffff80>
     3fe:	7f04                	c.flw	f9,56(x14)
     400:	02000003          	lb	x0,32(x0) # 20 <_start-0x7fffffe0>
     404:	0949                	c.addi	x18,18
     406:	036a                	c.slli	x6,0x1a
     408:	0000                	c.unimp
     40a:	010c                	c.addi4spn	x11,x2,128
     40c:	6970                	c.flw	f12,84(x10)
     40e:	0064                	c.addi4spn	x9,x2,12
     410:	094a                	c.slli	x18,0x12
     412:	036a                	c.slli	x6,0x1a
     414:	0000                	c.unimp
     416:	0410                	c.addi4spn	x12,x2,512
     418:	0274                	c.addi4spn	x13,x2,268
     41a:	0000                	c.unimp
     41c:	4b02                	c.lwsp	x22,0(x2)
     41e:	710e                	c.flwsp	f2,224(x2)
     420:	14000003          	lb	x0,320(x0) # 140 <_start-0x7ffffec0>
     424:	7704                	c.flw	f9,40(x14)
     426:	0004                	0x4
     428:	0200                	c.addi4spn	x8,x2,256
     42a:	124c                	c.addi4spn	x11,x2,292
     42c:	0032                	c.slli	x0,0xc
     42e:	0000                	c.unimp
     430:	0418                	c.addi4spn	x14,x2,512
     432:	0535                	c.addi	x10,13
     434:	0000                	c.unimp
     436:	4d02                	c.lwsp	x26,0(x2)
     438:	7612                	c.flwsp	f12,36(x2)
     43a:	1c000003          	lb	x0,448(x0) # 1c0 <_start-0x7ffffe40>
     43e:	c804                	c.sw	x9,16(x8)
     440:	0001                	c.addi	x0,0
     442:	0200                	c.addi4spn	x8,x2,256
     444:	0e4e                	c.slli	x28,0x13
     446:	0371                	c.addi	x6,28
     448:	0000                	c.unimp
     44a:	0420                	c.addi4spn	x8,x2,520
     44c:	0192                	c.slli	x3,0x4
     44e:	0000                	c.unimp
     450:	4f02                	c.lwsp	x30,0(x2)
     452:	00037b17          	auipc	x22,0x37
     456:	2400                	c.fld	f8,8(x8)
     458:	6204                	c.flw	f9,0(x12)
     45a:	0002                	c.slli64	x0
     45c:	0200                	c.addi4spn	x8,x2,256
     45e:	1450                	c.addi4spn	x12,x2,548
     460:	0215                	c.addi	x4,5
     462:	0000                	c.unimp
     464:	0428                	c.addi4spn	x10,x2,520
     466:	0215                	c.addi	x4,5
     468:	0000                	c.unimp
     46a:	5102                	c.lwsp	x2,32(x2)
     46c:	800a                	c.mv	x0,x2
     46e:	60000003          	lb	x0,1536(x0) # 600 <_start-0x7ffffa00>
     472:	1a00                	c.addi4spn	x8,x2,304
     474:	1b04                	c.addi4spn	x9,x2,432
     476:	0504                	c.addi4spn	x9,x2,640
     478:	6e69                	c.lui	x28,0x1a
     47a:	0074                	c.addi4spn	x13,x2,12
     47c:	2609                	c.jal	77e <_start-0x7ffff882>
     47e:	0000                	c.unimp
     480:	0900                	c.addi4spn	x8,x2,144
     482:	000002bf 00007009 	0x7009000002bf
     48a:	1c00                	c.addi4spn	x8,x2,560
     48c:	0390                	c.addi4spn	x12,x2,448
     48e:	0000                	c.unimp
     490:	0390                	c.addi4spn	x12,x2,448
     492:	0000                	c.unimp
     494:	321d                	c.jal	fffffdba <_stack_top+0x77fffdba>
     496:	0000                	c.unimp
     498:	0f00                	c.addi4spn	x8,x2,912
     49a:	1200                	c.addi4spn	x8,x2,288
     49c:	0801                	c.addi	x16,0
     49e:	0000010b          	0x10b
     4a2:	0001aa0f          	0x1aa0f
     4a6:	0200                	c.addi4spn	x8,x2,256
     4a8:	0352                	c.slli	x6,0x14
     4aa:	000002bf 00039709 	0x39709000002bf
     4b2:	0c00                	c.addi4spn	x8,x2,528
     4b4:	02b6                	c.slli	x5,0xd
     4b6:	0000                	c.unimp
     4b8:	0404                	c.addi4spn	x9,x2,512
     4ba:	1012                	c.slli	x0,0x24
     4bc:	000003c3          	fmadd.s	f7,f0,f0,f0,rne
     4c0:	d204                	c.sw	x9,32(x12)
     4c2:	0001                	c.addi	x0,0
     4c4:	0400                	c.addi4spn	x8,x2,512
     4c6:	1214                	c.addi4spn	x13,x2,288
     4c8:	000003c3          	fmadd.s	f7,f0,f0,f0,rne
     4cc:	0000                	c.unimp
     4ce:	a809                	c.j	4e0 <_start-0x7ffffb20>
     4d0:	0f000003          	lb	x0,240(x0) # f0 <_start-0x7fffff10>
     4d4:	02fa                	c.slli	x5,0x1e
     4d6:	0000                	c.unimp
     4d8:	1504                	c.addi4spn	x9,x2,672
     4da:	a802                	c.fsdsp	f0,16(x2)
     4dc:	09000003          	lb	x0,144(x0) # 90 <_start-0x7fffff70>
     4e0:	0390                	c.addi4spn	x12,x2,448
     4e2:	0000                	c.unimp
     4e4:	420c                	c.lw	x11,0(x12)
     4e6:	0002                	c.slli64	x0
     4e8:	0400                	c.addi4spn	x8,x2,512
     4ea:	0601                	c.addi	x12,0
     4ec:	f408                	c.fsw	f10,40(x8)
     4ee:	04000003          	lb	x0,64(x0) # 40 <_start-0x7fffffc0>
     4f2:	026a                	c.slli	x4,0x1a
     4f4:	0000                	c.unimp
     4f6:	0801                	c.addi	x16,0
     4f8:	0003f40b          	0x3f40b
     4fc:	0000                	c.unimp
     4fe:	0900                	c.addi4spn	x8,x2,144
     500:	03c8                	c.addi4spn	x10,x2,452
     502:	0000                	c.unimp
     504:	281e                	c.fldsp	f16,448(x2)
     506:	0002                	c.slli64	x0
     508:	0100                	c.addi4spn	x8,x2,128
     50a:	0209                	c.addi	x4,2
     50c:	03d9                	c.addi	x7,22
     50e:	0000                	c.unimp
     510:	0305                	c.addi	x6,1
     512:	35f4                	c.fld	f13,232(x11)
     514:	8000                	0x8000
     516:	0005c413          	xori	x8,x11,0
     51a:	1900                	c.addi4spn	x8,x2,176
     51c:	2608                	c.fld	f10,8(x12)
     51e:	0000                	c.unimp
     520:	2500                	c.fld	f8,8(x10)
     522:	0004                	0x4
     524:	0800                	c.addi4spn	x8,x2,16
     526:	0026                	c.slli	x0,0x9
     528:	0000                	c.unimp
     52a:	2608                	c.fld	f10,8(x12)
     52c:	0000                	c.unimp
     52e:	0000                	c.unimp
     530:	8b14                	0x8b14
     532:	0001                	c.addi	x0,0
     534:	6a00                	c.flw	f8,16(x12)
     536:	34000003          	lb	x0,832(x0) # 340 <_start-0x7ffffcc0>
     53a:	0004                	0x4
     53c:	0d00                	c.addi4spn	x8,x2,656
     53e:	1f00                	c.addi4spn	x8,x2,944
     540:	01b9                	c.addi	x3,14
     542:	0000                	c.unimp
     544:	50060f03          	lb	x30,1280(x12)
     548:	0004                	0x4
     54a:	0800                	c.addi4spn	x8,x2,16
     54c:	03d4                	c.addi4spn	x13,x2,452
     54e:	0000                	c.unimp
     550:	d408                	c.sw	x10,40(x8)
     552:	08000003          	lb	x0,128(x0) # 80 <_start-0x7fffff80>
     556:	0026                	c.slli	x0,0x9
     558:	0000                	c.unimp
     55a:	1500                	c.addi4spn	x8,x2,672
     55c:	696d                	c.lui	x18,0x1b
     55e:	006e                	c.slli	x0,0x1b
     560:	6ab8                	c.flw	f14,80(x13)
     562:	60000003          	lb	x0,1536(x0) # 600 <_start-0x7ffffa00>
     566:	0004                	0x4
     568:	0d00                	c.addi4spn	x8,x2,656
     56a:	1300                	c.addi4spn	x8,x2,416
     56c:	01de                	c.slli	x3,0x17
     56e:	0000                	c.unimp
     570:	036a050b          	0x36a050b
     574:	0000                	c.unimp
     576:	047f                	0x47f
     578:	0000                	c.unimp
     57a:	d408                	c.sw	x10,40(x8)
     57c:	08000003          	lb	x0,128(x0) # 80 <_start-0x7fffff80>
     580:	036a                	c.slli	x6,0x1a
     582:	0000                	c.unimp
     584:	2608                	c.fld	f10,8(x12)
     586:	0000                	c.unimp
     588:	0000                	c.unimp
     58a:	c020                	c.sw	x8,64(x8)
     58c:	0002                	c.slli64	x0
     58e:	0100                	c.addi4spn	x8,x2,128
     590:	0122                	c.slli	x2,0x8
     592:	7109                	c.addi16sp	x2,-384
     594:	78000003          	lb	x0,1920(x0) # 780 <_start-0x7ffff880>
     598:	000c                	0xc
     59a:	9c80                	0x9c80
     59c:	0000                	c.unimp
     59e:	0100                	c.addi4spn	x8,x2,128
     5a0:	d49c                	c.sw	x15,40(x9)
     5a2:	0004                	0x4
     5a4:	1000                	c.addi4spn	x8,x2,32
     5a6:	00000477          	0x477
     5aa:	0122                	c.slli	x2,0x8
     5ac:	261a                	c.fldsp	f12,384(x2)
     5ae:	0000                	c.unimp
     5b0:	0200                	c.addi4spn	x8,x2,256
     5b2:	5c91                	c.li	x25,-28
     5b4:	7011                	c.lui	x0,0xfffe4
     5b6:	2400                	c.fld	f8,8(x8)
     5b8:	0b01                	c.addi	x22,0
     5ba:	000003a3          	sb	x0,7(x0) # 7 <_start-0x7ffffff9>
     5be:	9102                	c.jalr	x2
     5c0:	146c                	c.addi4spn	x11,x2,556
     5c2:	0000018b          	0x18b
     5c6:	036a                	c.slli	x6,0x1a
     5c8:	0000                	c.unimp
     5ca:	04c5                	c.addi	x9,17
     5cc:	0000                	c.unimp
     5ce:	000d                	c.addi	x0,3
     5d0:	7611                	c.lui	x12,0xfffe4
     5d2:	0061                	c.addi	x0,24
     5d4:	012c                	c.addi4spn	x11,x2,136
     5d6:	260c                	c.fld	f11,8(x12)
     5d8:	0000                	c.unimp
     5da:	0200                	c.addi4spn	x8,x2,256
     5dc:	6891                	c.lui	x17,0x4
     5de:	2100                	c.fld	f8,0(x10)
     5e0:	0000012b          	0x12b
     5e4:	1501                	c.addi	x10,-32
     5e6:	0601                	c.addi	x12,0
     5e8:	0bb0                	c.addi4spn	x12,x2,472
     5ea:	8000                	0x8000
     5ec:	00c8                	c.addi4spn	x10,x2,68
     5ee:	0000                	c.unimp
     5f0:	9c01                	0x9c01
     5f2:	050a                	c.slli	x10,0x2
     5f4:	0000                	c.unimp
     5f6:	c810                	c.sw	x12,16(x8)
     5f8:	0001                	c.addi	x0,0
     5fa:	1500                	c.addi4spn	x8,x2,672
     5fc:	2b01                	c.jal	b0c <_start-0x7ffff4f4>
     5fe:	0371                	c.addi	x6,28
     600:	0000                	c.unimp
     602:	9102                	c.jalr	x2
     604:	106c                	c.addi4spn	x11,x2,44
     606:	013e                	c.slli	x2,0xf
     608:	0000                	c.unimp
     60a:	0115                	c.addi	x2,5
     60c:	713e                	c.flwsp	f2,236(x2)
     60e:	02000003          	lb	x0,32(x0) # 20 <_start-0x7fffffe0>
     612:	6891                	c.lui	x17,0x4
     614:	0b00                	c.addi4spn	x8,x2,400
     616:	00000387          	0x387
     61a:	2cf5                	c.jal	916 <_start-0x7ffff6ea>
     61c:	000a                	c.slli	x0,0x2
     61e:	8480                	0x8480
     620:	0001                	c.addi	x0,0
     622:	0100                	c.addi4spn	x8,x2,128
     624:	a79c                	c.fsd	f15,8(x15)
     626:	0005                	c.addi	x0,1
     628:	0300                	c.addi4spn	x8,x2,384
     62a:	0341                	c.addi	x6,16
     62c:	0000                	c.unimp
     62e:	1cf5                	c.addi	x25,-3
     630:	0371                	c.addi	x6,28
     632:	0000                	c.unimp
     634:	9102                	c.jalr	x2
     636:	034c                	c.addi4spn	x11,x2,388
     638:	01c2                	c.slli	x3,0x10
     63a:	0000                	c.unimp
     63c:	36f5                	c.jal	228 <_start-0x7ffffdd8>
     63e:	0371                	c.addi	x6,28
     640:	0000                	c.unimp
     642:	9102                	c.jalr	x2
     644:	0548                	c.addi4spn	x10,x2,644
     646:	0a48                	c.addi4spn	x10,x2,276
     648:	8000                	0x8000
     64a:	014c                	c.addi4spn	x11,x2,132
     64c:	0000                	c.unimp
     64e:	6906                	c.flwsp	f18,64(x2)
     650:	f800                	c.fsw	f8,48(x8)
     652:	6a0d                	c.lui	x20,0x3
     654:	02000003          	lb	x0,32(x0) # 20 <_start-0x7fffffe0>
     658:	6c91                	c.lui	x25,0x4
     65a:	7405                	c.lui	x8,0xfffe1
     65c:	000a                	c.slli	x0,0x2
     65e:	0880                	c.addi4spn	x8,x2,80
     660:	0001                	c.addi	x0,0
     662:	0200                	c.addi4spn	x8,x2,256
     664:	02d4                	c.addi4spn	x13,x2,324
     666:	0000                	c.unimp
     668:	15fe                	c.slli	x11,0x3f
     66a:	0371                	c.addi	x6,28
     66c:	0000                	c.unimp
     66e:	9102                	c.jalr	x2
     670:	0564                	c.addi4spn	x9,x2,652
     672:	0a98                	c.addi4spn	x14,x2,336
     674:	8000                	0x8000
     676:	00e4                	c.addi4spn	x9,x2,76
     678:	0000                	c.unimp
     67a:	6a06                	c.flwsp	f20,64(x2)
     67c:	ff00                	c.fsw	f8,56(x14)
     67e:	6a15                	c.lui	x20,0x5
     680:	02000003          	lb	x0,32(x0) # 20 <_start-0x7fffffe0>
     684:	6891                	c.lui	x17,0x4
     686:	c805                	c.beqz	x8,6b6 <_start-0x7ffff94a>
     688:	000a                	c.slli	x0,0x2
     68a:	9c80                	0x9c80
     68c:	0000                	c.unimp
     68e:	1100                	c.addi4spn	x8,x2,160
     690:	6176                	c.flwsp	f2,92(x2)
     692:	0800                	c.addi4spn	x8,x2,16
     694:	1c01                	c.addi	x24,-32
     696:	0026                	c.slli	x0,0x9
     698:	0000                	c.unimp
     69a:	9102                	c.jalr	x2
     69c:	2260                	c.fld	f8,192(x12)
     69e:	0178                	c.addi4spn	x14,x2,140
     6a0:	0000                	c.unimp
     6a2:	0a01                	c.addi	x20,0
     6a4:	1c01                	c.addi	x24,-32
     6a6:	0026                	c.slli	x0,0x9
     6a8:	0000                	c.unimp
     6aa:	9102                	c.jalr	x2
     6ac:	005c                	c.addi4spn	x15,x2,4
     6ae:	0000                	c.unimp
     6b0:	0000                	c.unimp
     6b2:	0001fb0b          	0x1fb0b
     6b6:	e900                	c.fsw	f8,16(x10)
     6b8:	0994                	c.addi4spn	x13,x2,208
     6ba:	8000                	0x8000
     6bc:	0098                	c.addi4spn	x14,x2,64
     6be:	0000                	c.unimp
     6c0:	9c01                	0x9c01
     6c2:	061c                	c.addi4spn	x15,x2,768
     6c4:	0000                	c.unimp
     6c6:	0001c803          	lbu	x16,0(x3)
     6ca:	e900                	c.fsw	f8,16(x10)
     6cc:	0003711b          	0x3711b
     6d0:	0200                	c.addi4spn	x8,x2,256
     6d2:	5c91                	c.li	x25,-28
     6d4:	00617607          	0x617607
     6d8:	2de9                	c.jal	db2 <_start-0x7ffff24e>
     6da:	0026                	c.slli	x0,0x9
     6dc:	0000                	c.unimp
     6de:	9102                	c.jalr	x2
     6e0:	0758                	c.addi4spn	x14,x2,900
     6e2:	6170                	c.flw	f12,68(x10)
     6e4:	e900                	c.fsw	f8,16(x10)
     6e6:	2638                	c.fld	f14,72(x12)
     6e8:	0000                	c.unimp
     6ea:	0200                	c.addi4spn	x8,x2,256
     6ec:	5491                	c.li	x9,-28
     6ee:	00035603          	lhu	x12,0(x6) # fffe0000 <_stack_top+0x77fe0000>
     6f2:	e900                	c.fsw	f8,16(x10)
     6f4:	6a40                	c.flw	f8,20(x12)
     6f6:	02000003          	lb	x0,32(x0) # 20 <_start-0x7fffffe0>
     6fa:	5091                	c.li	x1,-28
     6fc:	ca02                	c.swsp	x0,20(x2)
     6fe:	0002                	c.slli64	x0
     700:	ec00                	c.fsw	f8,24(x8)
     702:	260c                	c.fld	f11,8(x12)
     704:	0000                	c.unimp
     706:	0200                	c.addi4spn	x8,x2,256
     708:	6c91                	c.lui	x25,0x4
     70a:	bb02                	c.fsdsp	f0,432(x2)
     70c:	0002                	c.slli64	x0
     70e:	ed00                	c.fsw	f8,24(x10)
     710:	260c                	c.fld	f11,8(x12)
     712:	0000                	c.unimp
     714:	0200                	c.addi4spn	x8,x2,256
     716:	6891                	c.lui	x17,0x4
     718:	8902                	c.jr	x18
     71a:	0002                	c.slli64	x0
     71c:	ef00                	c.fsw	f8,24(x14)
     71e:	710d                	c.addi16sp	x2,-352
     720:	02000003          	lb	x0,32(x0) # 20 <_start-0x7fffffe0>
     724:	6491                	c.lui	x9,0x4
     726:	0b00                	c.addi4spn	x8,x2,400
     728:	024c                	c.addi4spn	x11,x2,260
     72a:	0000                	c.unimp
     72c:	78d4                	c.flw	f13,52(x9)
     72e:	0008                	0x8
     730:	1c80                	c.addi4spn	x8,x2,624
     732:	0001                	c.addi	x0,0
     734:	0100                	c.addi4spn	x8,x2,128
     736:	839c                	0x839c
     738:	0006                	c.slli	x0,0x1
     73a:	0300                	c.addi4spn	x8,x2,384
     73c:	01c8                	c.addi4spn	x10,x2,196
     73e:	0000                	c.unimp
     740:	17d4                	c.addi4spn	x13,x2,996
     742:	0371                	c.addi	x6,28
     744:	0000                	c.unimp
     746:	9102                	c.jalr	x2
     748:	055c                	c.addi4spn	x15,x2,644
     74a:	088c                	c.addi4spn	x11,x2,80
     74c:	8000                	0x8000
     74e:	00ec                	c.addi4spn	x11,x2,76
     750:	0000                	c.unimp
     752:	6906                	c.flwsp	f18,64(x2)
     754:	d600                	c.sw	x8,40(x12)
     756:	6a0d                	c.lui	x20,0x3
     758:	02000003          	lb	x0,32(x0) # 20 <_start-0x7fffffe0>
     75c:	6c91                	c.lui	x25,0x4
     75e:	b805                	c.j	ffffff8e <_stack_top+0x77ffff8e>
     760:	0008                	0x8
     762:	a880                	c.fsd	f8,16(x9)
     764:	0000                	c.unimp
     766:	0200                	c.addi4spn	x8,x2,256
     768:	02d4                	c.addi4spn	x13,x2,324
     76a:	0000                	c.unimp
     76c:	15da                	c.slli	x11,0x36
     76e:	0371                	c.addi	x6,28
     770:	0000                	c.unimp
     772:	9102                	c.jalr	x2
     774:	0564                	c.addi4spn	x9,x2,652
     776:	08dc                	c.addi4spn	x15,x2,84
     778:	8000                	0x8000
     77a:	006c                	c.addi4spn	x11,x2,12
     77c:	0000                	c.unimp
     77e:	6a06                	c.flwsp	f20,64(x2)
     780:	db00                	c.sw	x8,48(x14)
     782:	6a15                	c.lui	x20,0x5
     784:	02000003          	lb	x0,32(x0) # 20 <_start-0x7fffffe0>
     788:	6891                	c.lui	x17,0x4
     78a:	0000                	c.unimp
     78c:	0000                	c.unimp
     78e:	0001e50b          	0x1e50b
     792:	c300                	c.sw	x8,0(x14)
     794:	0780                	c.addi4spn	x8,x2,960
     796:	8000                	0x8000
     798:	00f8                	c.addi4spn	x14,x2,76
     79a:	0000                	c.unimp
     79c:	9c01                	0x9c01
     79e:	0720                	c.addi4spn	x8,x2,904
     7a0:	0000                	c.unimp
     7a2:	0001c803          	lbu	x16,0(x3)
     7a6:	c300                	c.sw	x8,0(x14)
     7a8:	7115                	c.addi16sp	x2,-224
     7aa:	02000003          	lb	x0,32(x0) # 20 <_start-0x7fffffe0>
     7ae:	5c91                	c.li	x25,-28
     7b0:	0002cf03          	lbu	x30,0(x5)
     7b4:	c300                	c.sw	x8,0(x14)
     7b6:	7128                	c.flw	f10,96(x10)
     7b8:	02000003          	lb	x0,32(x0) # 20 <_start-0x7fffffe0>
     7bc:	5891                	c.li	x17,-28
     7be:	0001ec03          	0x1ec03
     7c2:	c300                	c.sw	x8,0(x14)
     7c4:	2636                	c.fldsp	f12,328(x2)
     7c6:	0000                	c.unimp
     7c8:	0200                	c.addi4spn	x8,x2,256
     7ca:	5491                	c.li	x9,-28
     7cc:	00047703          	0x47703
     7d0:	c300                	c.sw	x8,0(x14)
     7d2:	00002643          	fmadd.s	f12,f0,f0,f0,rdn
     7d6:	0200                	c.addi4spn	x8,x2,256
     7d8:	5091                	c.li	x1,-28
     7da:	a405                	c.j	9fa <_start-0x7ffff606>
     7dc:	b4800007          	0xb4800007
     7e0:	0000                	c.unimp
     7e2:	0600                	c.addi4spn	x8,x2,768
     7e4:	7470                	c.flw	f12,108(x8)
     7e6:	0065                	c.addi	x0,25
     7e8:	002610c7          	fmsub.s	f1,f12,f2,f0,rtz
     7ec:	0000                	c.unimp
     7ee:	9102                	c.jalr	x2
     7f0:	026c                	c.addi4spn	x11,x2,268
     7f2:	02ff                	0x2ff
     7f4:	0000                	c.unimp
     7f6:	10c8                	c.addi4spn	x10,x2,100
     7f8:	0026                	c.slli	x0,0x9
     7fa:	0000                	c.unimp
     7fc:	9102                	c.jalr	x2
     7fe:	0268                	c.addi4spn	x10,x2,268
     800:	04f0                	c.addi4spn	x12,x2,588
     802:	0000                	c.unimp
     804:	10c9                	c.addi	x1,-14
     806:	0026                	c.slli	x0,0x9
     808:	0000                	c.unimp
     80a:	9102                	c.jalr	x2
     80c:	0264                	c.addi4spn	x9,x2,268
     80e:	0164                	c.addi4spn	x9,x2,140
     810:	0000                	c.unimp
     812:	0dca                	c.slli	x27,0x12
     814:	036a                	c.slli	x6,0x1a
     816:	0000                	c.unimp
     818:	9102                	c.jalr	x2
     81a:	2360                	c.fld	f8,192(x14)
     81c:	696d                	c.lui	x18,0x1b
     81e:	006e                	c.slli	x0,0x1b
     820:	b801                	c.j	30 <_start-0x7fffffd0>
     822:	6a19                	c.lui	x20,0x6
     824:	0d000003          	lb	x0,208(x0) # d0 <_start-0x7fffff30>
     828:	0000                	c.unimp
     82a:	0b00                	c.addi4spn	x8,x2,400
     82c:	0372                	c.slli	x6,0x1c
     82e:	0000                	c.unimp
     830:	8cb2                	c.mv	x25,x12
     832:	0006                	c.slli	x0,0x1
     834:	f480                	c.fsw	f8,40(x9)
     836:	0000                	c.unimp
     838:	0100                	c.addi4spn	x8,x2,128
     83a:	bf9c                	c.fsd	f15,56(x15)
     83c:	03000007          	0x3000007
     840:	01c8                	c.addi4spn	x10,x2,196
     842:	0000                	c.unimp
     844:	16b2                	c.slli	x13,0x2c
     846:	0371                	c.addi	x6,28
     848:	0000                	c.unimp
     84a:	9102                	c.jalr	x2
     84c:	035c                	c.addi4spn	x15,x2,388
     84e:	000002cf          	fnmadd.s	f5,f0,f0,f0,rne
     852:	29b2                	c.fldsp	f19,264(x2)
     854:	0371                	c.addi	x6,28
     856:	0000                	c.unimp
     858:	9102                	c.jalr	x2
     85a:	0358                	c.addi4spn	x14,x2,388
     85c:	01ec                	c.addi4spn	x11,x2,204
     85e:	0000                	c.unimp
     860:	37b2                	c.fldsp	f15,296(x2)
     862:	0026                	c.slli	x0,0x9
     864:	0000                	c.unimp
     866:	9102                	c.jalr	x2
     868:	0354                	c.addi4spn	x13,x2,388
     86a:	00000477          	0x477
     86e:	44b2                	c.lwsp	x9,12(x2)
     870:	0026                	c.slli	x0,0x9
     872:	0000                	c.unimp
     874:	9102                	c.jalr	x2
     876:	0550                	c.addi4spn	x12,x2,644
     878:	06b0                	c.addi4spn	x12,x2,840
     87a:	8000                	0x8000
     87c:	00b0                	c.addi4spn	x12,x2,72
     87e:	0000                	c.unimp
     880:	7006                	c.flwsp	f0,96(x2)
     882:	6574                	c.flw	f13,76(x10)
     884:	b600                	c.fsd	f8,40(x12)
     886:	2610                	c.fld	f12,8(x12)
     888:	0000                	c.unimp
     88a:	0200                	c.addi4spn	x8,x2,256
     88c:	6c91                	c.lui	x25,0x4
     88e:	ff02                	c.fswsp	f0,188(x2)
     890:	0002                	c.slli64	x0
     892:	b700                	c.fsd	f8,40(x14)
     894:	2610                	c.fld	f12,8(x12)
     896:	0000                	c.unimp
     898:	0200                	c.addi4spn	x8,x2,256
     89a:	6891                	c.lui	x17,0x4
     89c:	6402                	c.flwsp	f8,0(x2)
     89e:	0001                	c.addi	x0,0
     8a0:	b800                	c.fsd	f8,48(x8)
     8a2:	6a0d                	c.lui	x20,0x3
     8a4:	02000003          	lb	x0,32(x0) # 20 <_start-0x7fffffe0>
     8a8:	6491                	c.lui	x9,0x4
     8aa:	6d15                	c.lui	x26,0x5
     8ac:	6e69                	c.lui	x28,0x1a
     8ae:	b800                	c.fsd	f8,48(x8)
     8b0:	036a                	c.slli	x6,0x1a
     8b2:	0000                	c.unimp
     8b4:	000007af          	0x7af
     8b8:	000d                	c.addi	x0,3
     8ba:	f002                	c.fswsp	f0,32(x2)
     8bc:	0004                	0x4
     8be:	b900                	c.fsd	f8,48(x10)
     8c0:	2610                	c.fld	f12,8(x12)
     8c2:	0000                	c.unimp
     8c4:	0200                	c.addi4spn	x8,x2,256
     8c6:	6091                	c.lui	x1,0x4
     8c8:	0000                	c.unimp
     8ca:	00024e0b          	0x24e0b
     8ce:	9e00                	0x9e00
     8d0:	05fc                	c.addi4spn	x15,x2,716
     8d2:	8000                	0x8000
     8d4:	0090                	c.addi4spn	x12,x2,64
     8d6:	0000                	c.unimp
     8d8:	9c01                	0x9c01
     8da:	0826                	c.slli	x16,0x9
     8dc:	0000                	c.unimp
     8de:	0001c803          	lbu	x16,0(x3)
     8e2:	9e00                	0x9e00
     8e4:	7115                	c.addi16sp	x2,-224
     8e6:	02000003          	lb	x0,32(x0) # 20 <_start-0x7fffffe0>
     8ea:	5c91                	c.li	x25,-28
     8ec:	00617607          	0x617607
     8f0:	279e                	c.fldsp	f15,448(x2)
     8f2:	0026                	c.slli	x0,0x9
     8f4:	0000                	c.unimp
     8f6:	9102                	c.jalr	x2
     8f8:	0358                	c.addi4spn	x14,x2,388
     8fa:	00000477          	0x477
     8fe:	2f9e                	c.fldsp	f31,448(x2)
     900:	036a                	c.slli	x6,0x1a
     902:	0000                	c.unimp
     904:	9102                	c.jalr	x2
     906:	0354                	c.addi4spn	x13,x2,388
     908:	0356                	c.slli	x6,0x15
     90a:	0000                	c.unimp
     90c:	399e                	c.fldsp	f19,480(x2)
     90e:	036a                	c.slli	x6,0x1a
     910:	0000                	c.unimp
     912:	9102                	c.jalr	x2
     914:	0650                	c.addi4spn	x12,x2,772
     916:	6170                	c.flw	f12,68(x10)
     918:	a100                	c.fsd	f8,0(x10)
     91a:	0003f40b          	0x3f40b
     91e:	0200                	c.addi4spn	x8,x2,256
     920:	6c91                	c.lui	x25,0x4
     922:	5102                	c.lwsp	x2,32(x2)
     924:	0001                	c.addi	x0,0
     926:	a200                	c.fsd	f8,0(x12)
     928:	6a09                	c.lui	x20,0x2
     92a:	02000003          	lb	x0,32(x0) # 20 <_start-0x7fffffe0>
     92e:	6891                	c.lui	x17,0x4
     930:	1600                	c.addi4spn	x8,x2,800
     932:	01f1                	c.addi	x3,28
     934:	0000                	c.unimp
     936:	0026087b          	0x26087b
     93a:	0000                	c.unimp
     93c:	0478                	c.addi4spn	x14,x2,524
     93e:	8000                	0x8000
     940:	0184                	c.addi4spn	x9,x2,192
     942:	0000                	c.unimp
     944:	9c01                	0x9c01
     946:	08ed                	c.addi	x17,27
     948:	0000                	c.unimp
     94a:	0001c803          	lbu	x16,0(x3)
     94e:	7b00                	c.flw	f8,48(x14)
     950:	711a                	c.flwsp	f2,164(x2)
     952:	02000003          	lb	x0,32(x0) # 20 <_start-0x7fffffe0>
     956:	4c91                	c.li	x25,4
     958:	00617607          	0x617607
     95c:	00262c7b          	0x262c7b
     960:	0000                	c.unimp
     962:	9102                	c.jalr	x2
     964:	0248                	c.addi4spn	x10,x2,260
     966:	0231                	c.addi	x4,12
     968:	0000                	c.unimp
     96a:	0c7d                	c.addi	x24,31
     96c:	0026                	c.slli	x0,0x9
     96e:	0000                	c.unimp
     970:	9102                	c.jalr	x2
     972:	0268                	c.addi4spn	x10,x2,268
     974:	0255                	c.addi	x4,21
     976:	0000                	c.unimp
     978:	0c7e                	c.slli	x24,0x1f
     97a:	0026                	c.slli	x0,0x9
     97c:	0000                	c.unimp
     97e:	9102                	c.jalr	x2
     980:	0264                	c.addi4spn	x9,x2,268
     982:	02d4                	c.addi4spn	x13,x2,324
     984:	0000                	c.unimp
     986:	0d81                	c.addi	x27,0
     988:	0371                	c.addi	x6,28
     98a:	0000                	c.unimp
     98c:	9102                	c.jalr	x2
     98e:	026c                	c.addi4spn	x11,x2,268
     990:	011e                	c.slli	x2,0x7
     992:	0000                	c.unimp
     994:	0c8e                	c.slli	x25,0x3
     996:	0026                	c.slli	x0,0x9
     998:	0000                	c.unimp
     99a:	9102                	c.jalr	x2
     99c:	025c                	c.addi4spn	x15,x2,260
     99e:	02ea                	c.slli	x5,0x1a
     9a0:	0000                	c.unimp
     9a2:	00260c8f          	0x260c8f
     9a6:	0000                	c.unimp
     9a8:	9102                	c.jalr	x2
     9aa:	2458                	c.fld	f14,136(x8)
     9ac:	7470                	c.flw	f12,108(x8)
     9ae:	0065                	c.addi	x0,25
     9b0:	9201                	c.srli	x12,0x20
     9b2:	260c                	c.fld	f11,8(x12)
     9b4:	0000                	c.unimp
     9b6:	2500                	c.fld	f8,8(x10)
     9b8:	04c8                	c.addi4spn	x10,x2,580
     9ba:	8000                	0x8000
     9bc:	0058                	c.addi4spn	x14,x2,4
     9be:	0000                	c.unimp
     9c0:	000008c7          	fmsub.s	f17,f0,f0,f0,rne
     9c4:	7006                	c.flwsp	f0,96(x2)
     9c6:	0061                	c.addi	x0,24
     9c8:	1184                	c.addi4spn	x9,x2,224
     9ca:	0371                	c.addi	x6,28
     9cc:	0000                	c.unimp
     9ce:	9102                	c.jalr	x2
     9d0:	0060                	c.addi4spn	x8,x2,12
     9d2:	6805                	c.lui	x16,0x1
     9d4:	0005                	c.addi	x0,1
     9d6:	6880                	c.flw	f8,16(x9)
     9d8:	0000                	c.unimp
     9da:	0600                	c.addi4spn	x8,x2,768
     9dc:	6170                	c.flw	f12,68(x10)
     9de:	9500                	0x9500
     9e0:	7111                	c.addi16sp	x2,-256
     9e2:	02000003          	lb	x0,32(x0) # 20 <_start-0x7fffffe0>
     9e6:	5491                	c.li	x9,-28
     9e8:	7006                	c.flwsp	f0,96(x2)
     9ea:	6574                	c.flw	f13,76(x10)
     9ec:	9800                	0x9800
     9ee:	2610                	c.fld	f12,8(x12)
     9f0:	0000                	c.unimp
     9f2:	0200                	c.addi4spn	x8,x2,256
     9f4:	5091                	c.li	x1,-28
     9f6:	0000                	c.unimp
     9f8:	180e                	c.slli	x16,0x23
     9fa:	74000003          	lb	x0,1856(x0) # 740 <_start-0x7ffff8c0>
     9fe:	2608                	c.fld	f10,8(x12)
     a00:	0000                	c.unimp
     a02:	5000                	c.lw	x8,32(x8)
     a04:	0004                	0x4
     a06:	2880                	c.fld	f8,16(x9)
     a08:	0000                	c.unimp
     a0a:	0100                	c.addi4spn	x8,x2,128
     a0c:	159c                	c.addi4spn	x15,x2,736
     a0e:	0009                	c.addi	x0,2
     a10:	0700                	c.addi4spn	x8,x2,896
     a12:	7470                	c.flw	f12,108(x8)
     a14:	0065                	c.addi	x0,25
     a16:	2674                	c.fld	f13,200(x12)
     a18:	0026                	c.slli	x0,0x9
     a1a:	0000                	c.unimp
     a1c:	9102                	c.jalr	x2
     a1e:	006c                	c.addi4spn	x11,x2,12
     a20:	040e                	c.slli	x8,0x3
     a22:	6d000003          	lb	x0,1744(x0) # 6d0 <_start-0x7ffff930>
     a26:	2608                	c.fld	f10,8(x12)
     a28:	0000                	c.unimp
     a2a:	2400                	c.fld	f8,8(x8)
     a2c:	0004                	0x4
     a2e:	2c80                	c.fld	f8,24(x9)
     a30:	0000                	c.unimp
     a32:	0100                	c.addi4spn	x8,x2,128
     a34:	3d9c                	c.fld	f15,56(x11)
     a36:	0009                	c.addi	x0,2
     a38:	0700                	c.addi4spn	x8,x2,896
     a3a:	7470                	c.flw	f12,108(x8)
     a3c:	0065                	c.addi	x0,25
     a3e:	236d                	c.jal	fe8 <_start-0x7ffff018>
     a40:	0026                	c.slli	x0,0x9
     a42:	0000                	c.unimp
     a44:	9102                	c.jalr	x2
     a46:	006c                	c.addi4spn	x11,x2,12
     a48:	1a0e                	c.slli	x20,0x23
     a4a:	0001                	c.addi	x0,0
     a4c:	6700                	c.flw	f8,8(x14)
     a4e:	2608                	c.fld	f10,8(x12)
     a50:	0000                	c.unimp
     a52:	f800                	c.fsw	f8,48(x8)
     a54:	2c800003          	lb	x0,712(x0) # 2c8 <_start-0x7ffffd38>
     a58:	0000                	c.unimp
     a5a:	0100                	c.addi4spn	x8,x2,128
     a5c:	649c                	c.flw	f15,8(x9)
     a5e:	0009                	c.addi	x0,2
     a60:	0700                	c.addi4spn	x8,x2,896
     a62:	6176                	c.flwsp	f2,92(x2)
     a64:	6700                	c.flw	f8,8(x14)
     a66:	2620                	c.fld	f8,72(x12)
     a68:	0000                	c.unimp
     a6a:	0200                	c.addi4spn	x8,x2,256
     a6c:	6c91                	c.lui	x25,0x4
     a6e:	0e00                	c.addi4spn	x8,x2,784
     a70:	022d                	c.addi	x4,11
     a72:	0000                	c.unimp
     a74:	0861                	c.addi	x16,24
     a76:	0026                	c.slli	x0,0x9
     a78:	0000                	c.unimp
     a7a:	03d0                	c.addi4spn	x12,x2,452
     a7c:	8000                	0x8000
     a7e:	0028                	c.addi4spn	x10,x2,8
     a80:	0000                	c.unimp
     a82:	9c01                	0x9c01
     a84:	0000098b          	0x98b
     a88:	00617607          	0x617607
     a8c:	2461                	c.jal	d14 <_start-0x7ffff2ec>
     a8e:	0026                	c.slli	x0,0x9
     a90:	0000                	c.unimp
     a92:	9102                	c.jalr	x2
     a94:	006c                	c.addi4spn	x11,x2,12
     a96:	00032f17          	auipc	x30,0x32
     a9a:	5a00                	c.lw	x8,48(x12)
     a9c:	03f4                	c.addi4spn	x13,x2,460
     a9e:	0000                	c.unimp
     aa0:	03a0                	c.addi4spn	x8,x2,456
     aa2:	8000                	0x8000
     aa4:	0030                	c.addi4spn	x12,x2,8
     aa6:	0000                	c.unimp
     aa8:	9c01                	0x9c01
     aaa:	09b2                	c.slli	x19,0xc
     aac:	0000                	c.unimp
     aae:	d202                	c.swsp	x0,36(x2)
     ab0:	0001                	c.addi	x0,0
     ab2:	5c00                	c.lw	x8,56(x8)
     ab4:	0003f40b          	0x3f40b
     ab8:	0200                	c.addi4spn	x8,x2,256
     aba:	6c91                	c.lui	x25,0x4
     abc:	1700                	c.addi4spn	x8,x2,928
     abe:	02b0                	c.addi4spn	x12,x2,328
     ac0:	0000                	c.unimp
     ac2:	0003f44f          	fnmadd.s	f8,f7,f0,f0
     ac6:	4000                	c.lw	x8,0(x8)
     ac8:	60800003          	lb	x0,1544(x0) # 608 <_start-0x7ffff9f8>
     acc:	0000                	c.unimp
     ace:	0100                	c.addi4spn	x8,x2,128
     ad0:	e79c                	c.fsw	f15,8(x15)
     ad2:	0009                	c.addi	x0,2
     ad4:	0200                	c.addi4spn	x8,x2,256
     ad6:	026a                	c.slli	x4,0x1a
     ad8:	0000                	c.unimp
     ada:	0b51                	c.addi	x22,20
     adc:	03f4                	c.addi4spn	x13,x2,460
     ade:	0000                	c.unimp
     ae0:	9102                	c.jalr	x2
     ae2:	026c                	c.addi4spn	x11,x2,268
     ae4:	0169                	c.addi	x2,26
     ae6:	0000                	c.unimp
     ae8:	0b52                	c.slli	x22,0x14
     aea:	03f4                	c.addi4spn	x13,x2,460
     aec:	0000                	c.unimp
     aee:	9102                	c.jalr	x2
     af0:	0068                	c.addi4spn	x10,x2,12
     af2:	7e26                	c.flwsp	f28,104(x2)
     af4:	0000                	c.unimp
     af6:	0100                	c.addi4spn	x8,x2,128
     af8:	0646                	c.slli	x12,0x11
     afa:	02e4                	c.addi4spn	x9,x2,332
     afc:	8000                	0x8000
     afe:	005c                	c.addi4spn	x15,x2,4
     b00:	0000                	c.unimp
     b02:	9c01                	0x9c01
     b04:	0a14                	c.addi4spn	x13,x2,272
     b06:	0000                	c.unimp
     b08:	f405                	c.bnez	x8,a30 <_start-0x7ffff5d0>
     b0a:	0002                	c.slli64	x0
     b0c:	3480                	c.fld	f8,40(x9)
     b0e:	0000                	c.unimp
     b10:	0600                	c.addi4spn	x8,x2,768
     b12:	0069                	c.addi	x0,26
     b14:	1648                	c.addi4spn	x10,x2,804
     b16:	0032                	c.slli	x0,0xc
     b18:	0000                	c.unimp
     b1a:	9102                	c.jalr	x2
     b1c:	006c                	c.addi4spn	x11,x2,12
     b1e:	1600                	c.addi4spn	x8,x2,800
     b20:	016e                	c.slli	x2,0x1b
     b22:	0000                	c.unimp
     b24:	036a0533          	mul	x10,x20,x22
     b28:	0000                	c.unimp
     b2a:	0250                	c.addi4spn	x12,x2,260
     b2c:	8000                	0x8000
     b2e:	0094                	c.addi4spn	x13,x2,64
     b30:	0000                	c.unimp
     b32:	9c01                	0x9c01
     b34:	0a4a                	c.slli	x20,0x12
     b36:	0000                	c.unimp
     b38:	00018103          	lb	x2,0(x3)
     b3c:	3300                	c.fld	f8,32(x14)
     b3e:	f415                	c.bnez	x8,a6a <_start-0x7ffff596>
     b40:	02000003          	lb	x0,32(x0) # 20 <_start-0x7fffffe0>
     b44:	5c91                	c.li	x25,-28
     b46:	6902                	c.flwsp	f18,0(x2)
     b48:	0001                	c.addi	x0,0
     b4a:	3e00                	c.fld	f8,56(x12)
     b4c:	0003f40b          	0x3f40b
     b50:	0200                	c.addi4spn	x8,x2,256
     b52:	6c91                	c.lui	x25,0x4
     b54:	0e00                	c.addi4spn	x8,x2,784
     b56:	0208                	c.addi4spn	x10,x2,256
     b58:	0000                	c.unimp
     b5a:	052e                	c.slli	x10,0xb
     b5c:	036a                	c.slli	x6,0x1a
     b5e:	0000                	c.unimp
     b60:	0228                	c.addi4spn	x10,x2,264
     b62:	8000                	0x8000
     b64:	0028                	c.addi4spn	x10,x2,8
     b66:	0000                	c.unimp
     b68:	9c01                	0x9c01
     b6a:	0a72                	c.slli	x20,0x1c
     b6c:	0000                	c.unimp
     b6e:	65747007          	0x65747007
     b72:	2e00                	c.fld	f8,24(x12)
     b74:	2619                	c.jal	e7a <_start-0x7ffff186>
     b76:	0000                	c.unimp
     b78:	0200                	c.addi4spn	x8,x2,256
     b7a:	6c91                	c.lui	x25,0x4
     b7c:	2700                	c.fld	f8,8(x14)
     b7e:	0352                	c.slli	x6,0x14
     b80:	0000                	c.unimp
     b82:	0b01                	c.addi	x22,0
     b84:	6a05                	c.lui	x20,0x1
     b86:	14000003          	lb	x0,320(x0) # 140 <_start-0x7ffffec0>
     b8a:	0001                	c.addi	x0,0
     b8c:	1480                	c.addi4spn	x8,x2,608
     b8e:	0001                	c.addi	x0,0
     b90:	0100                	c.addi4spn	x8,x2,128
     b92:	039c                	c.addi4spn	x15,x2,448
     b94:	037a                	c.slli	x6,0x1e
     b96:	0000                	c.unimp
     b98:	03d4150b          	0x3d4150b
     b9c:	0000                	c.unimp
     b9e:	9102                	c.jalr	x2
     ba0:	025c                	c.addi4spn	x15,x2,260
     ba2:	015a                	c.slli	x2,0x16
     ba4:	0000                	c.unimp
     ba6:	090e                	c.slli	x18,0x3
     ba8:	036a                	c.slli	x6,0x1a
     baa:	0000                	c.unimp
     bac:	9102                	c.jalr	x2
     bae:	056c                	c.addi4spn	x11,x2,652
     bb0:	0128                	c.addi4spn	x10,x2,136
     bb2:	8000                	0x8000
     bb4:	00ec                	c.addi4spn	x11,x2,76
     bb6:	0000                	c.unimp
     bb8:	6906                	c.flwsp	f18,64(x2)
     bba:	0f00                	c.addi4spn	x8,x2,912
     bbc:	6a0d                	c.lui	x20,0x3
     bbe:	02000003          	lb	x0,32(x0) # 20 <_start-0x7fffffe0>
     bc2:	6891                	c.lui	x17,0x4
     bc4:	0000                	c.unimp
     bc6:	ec00                	c.fsw	f8,24(x8)
     bc8:	05000003          	lb	x0,80(x0) # 50 <_start-0x7fffffb0>
     bcc:	0100                	c.addi4spn	x8,x2,128
     bce:	6e04                	c.flw	f9,24(x12)
     bd0:	0c000003          	lb	x0,192(x0) # c0 <_start-0x7fffff40>
     bd4:	0089                	c.addi	x1,2
     bd6:	0000                	c.unimp
     bd8:	801d                	c.srli	x8,0x7
     bda:	0000                	c.unimp
     bdc:	0000                	c.unimp
     bde:	0000                	c.unimp
     be0:	1400                	c.addi4spn	x8,x2,544
     be2:	000d                	c.addi	x0,3
     be4:	5480                	c.lw	x8,40(x9)
     be6:	0005                	c.addi	x0,1
     be8:	6a00                	c.flw	f8,16(x12)
     bea:	000a                	c.slli	x0,0x2
     bec:	0900                	c.addi4spn	x8,x2,144
     bee:	000002f3          	0x2f3
     bf2:	00311607          	0x311607
     bf6:	0000                	c.unimp
     bf8:	040a                	c.slli	x8,0x2
     bfa:	00004c07          	flq	f24,0(x0) # 0 <_start-0x80000000>
     bfe:	0900                	c.addi4spn	x8,x2,144
     c00:	0415                	c.addi	x8,5
     c02:	0000                	c.unimp
     c04:	0026101b          	0x26101b
     c08:	0000                	c.unimp
     c0a:	1b05                	c.addi	x22,-31
     c0c:	0004                	0x4
     c0e:	7600                	c.flw	f8,40(x12)
     c10:	2608                	c.fld	f10,8(x12)
     c12:	0000                	c.unimp
     c14:	fc00                	c.fsw	f8,56(x8)
     c16:	0010                	0x10
     c18:	6c80                	c.flw	f8,24(x9)
     c1a:	0001                	c.addi	x0,0
     c1c:	0100                	c.addi4spn	x8,x2,128
     c1e:	3a9c                	c.fld	f15,48(x13)
     c20:	0001                	c.addi	x0,0
     c22:	0300                	c.addi4spn	x8,x2,384
     c24:	000002a3          	sb	x0,5(x0) # 5 <_start-0x7ffffffb>
     c28:	1d76                	c.slli	x26,0x3d
     c2a:	0026                	c.slli	x0,0x9
     c2c:	0000                	c.unimp
     c2e:	7fac9103          	lh	x2,2042(x25) # 47fa <_start-0x7fffb806>
     c32:	7602                	c.flwsp	f12,32(x2)
     c34:	0061                	c.addi	x0,24
     c36:	2a76                	c.fldsp	f20,344(x2)
     c38:	0026                	c.slli	x0,0x9
     c3a:	0000                	c.unimp
     c3c:	7fa89103          	lh	x2,2042(x17) # 47fa <_start-0x7fffb806>
     c40:	9c01                	0x9c01
     c42:	80000003          	lb	x0,-2048(x0) # fffff800 <_stack_top+0x77fff800>
     c46:	260c                	c.fld	f11,8(x12)
     c48:	0000                	c.unimp
     c4a:	0200                	c.addi4spn	x8,x2,256
     c4c:	6c91                	c.lui	x25,0x4
     c4e:	0d01                	c.addi	x26,0
     c50:	0004                	0x4
     c52:	8100                	0x8100
     c54:	260c                	c.fld	f11,8(x12)
     c56:	0000                	c.unimp
     c58:	0200                	c.addi4spn	x8,x2,256
     c5a:	6891                	c.lui	x17,0x4
     c5c:	ca01                	c.beqz	x12,c6c <_start-0x7ffff394>
     c5e:	0002                	c.slli64	x0
     c60:	8400                	0x8400
     c62:	260c                	c.fld	f11,8(x12)
     c64:	0000                	c.unimp
     c66:	0200                	c.addi4spn	x8,x2,256
     c68:	6491                	c.lui	x9,0x4
     c6a:	bb01                	c.j	97a <_start-0x7ffff686>
     c6c:	0002                	c.slli64	x0
     c6e:	8500                	0x8500
     c70:	260c                	c.fld	f11,8(x12)
     c72:	0000                	c.unimp
     c74:	0200                	c.addi4spn	x8,x2,256
     c76:	6091                	c.lui	x1,0x4
     c78:	f001                	c.bnez	x8,b78 <_start-0x7ffff488>
     c7a:	0004                	0x4
     c7c:	8600                	0x8600
     c7e:	260c                	c.fld	f11,8(x12)
     c80:	0000                	c.unimp
     c82:	0200                	c.addi4spn	x8,x2,256
     c84:	5c91                	c.li	x25,-28
     c86:	e201                	c.bnez	x12,c86 <_start-0x7ffff37a>
     c88:	89000003          	lb	x0,-1904(x0) # fffff890 <_stack_top+0x77fff890>
     c8c:	3a0c                	c.fld	f11,48(x12)
     c8e:	0001                	c.addi	x0,0
     c90:	0200                	c.addi4spn	x8,x2,256
     c92:	5891                	c.li	x17,-28
     c94:	aa01                	c.j	da4 <_start-0x7ffff25c>
     c96:	8a000003          	lb	x0,-1888(x0) # fffff8a0 <_stack_top+0x77fff8a0>
     c9a:	0000380b          	0x380b
     c9e:	0200                	c.addi4spn	x8,x2,256
     ca0:	5491                	c.li	x9,-28
     ca2:	be01                	c.j	7b2 <_start-0x7ffff84e>
     ca4:	99000003          	lb	x0,-1648(x0) # fffff990 <_stack_top+0x77fff990>
     ca8:	260c                	c.fld	f11,8(x12)
     caa:	0000                	c.unimp
     cac:	0200                	c.addi4spn	x8,x2,256
     cae:	5091                	c.li	x1,-28
     cb0:	c901                	c.beqz	x10,cc0 <_start-0x7ffff340>
     cb2:	9a000003          	lb	x0,-1632(x0) # fffff9a0 <_stack_top+0x77fff9a0>
     cb6:	3a0c                	c.fld	f11,48(x12)
     cb8:	0001                	c.addi	x0,0
     cba:	0200                	c.addi4spn	x8,x2,256
     cbc:	4c91                	c.li	x25,4
     cbe:	a501                	c.j	12be <_start-0x7fffed42>
     cc0:	9b000003          	lb	x0,-1616(x0) # fffff9b0 <_stack_top+0x77fff9b0>
     cc4:	0000380b          	0x380b
     cc8:	0200                	c.addi4spn	x8,x2,256
     cca:	4891                	c.li	x17,4
     ccc:	7004                	c.flw	f9,32(x8)
     cce:	6e70                	c.flw	f12,92(x12)
     cd0:	a900                	c.fsd	f8,16(x10)
     cd2:	260c                	c.fld	f11,8(x12)
     cd4:	0000                	c.unimp
     cd6:	0200                	c.addi4spn	x8,x2,256
     cd8:	4491                	c.li	x9,4
     cda:	7004                	c.flw	f9,32(x8)
     cdc:	0061                	c.addi	x0,24
     cde:	0caa                	c.slli	x25,0xa
     ce0:	0026                	c.slli	x0,0x9
     ce2:	0000                	c.unimp
     ce4:	9102                	c.jalr	x2
     ce6:	0640                	c.addi4spn	x8,x2,772
     ce8:	11b0                	c.addi4spn	x12,x2,232
     cea:	8000                	0x8000
     cec:	002c                	c.addi4spn	x11,x2,8
     cee:	0000                	c.unimp
     cf0:	7004                	c.flw	f9,32(x8)
     cf2:	6e70                	c.flw	f12,92(x12)
     cf4:	9400                	0x9400
     cf6:	2610                	c.fld	f12,8(x12)
     cf8:	0000                	c.unimp
     cfa:	0300                	c.addi4spn	x8,x2,384
     cfc:	bc91                	c.j	750 <_start-0x7ffff8b0>
     cfe:	007f                	0x7f
     d00:	0700                	c.addi4spn	x8,x2,896
     d02:	0038                	c.addi4spn	x14,x2,8
     d04:	0000                	c.unimp
     d06:	c40d                	c.beqz	x8,d30 <_start-0x7ffff2d0>
     d08:	0005                	c.addi	x0,1
     d0a:	0100                	c.addi4spn	x8,x2,128
     d0c:	0868                	c.addi4spn	x10,x2,28
     d0e:	0026                	c.slli	x0,0x9
     d10:	0000                	c.unimp
     d12:	1090                	c.addi4spn	x12,x2,96
     d14:	8000                	0x8000
     d16:	006c                	c.addi4spn	x11,x2,12
     d18:	0000                	c.unimp
     d1a:	9c01                	0x9c01
     d1c:	0176                	c.slli	x2,0x1d
     d1e:	0000                	c.unimp
     d20:	7602                	c.flwsp	f12,32(x2)
     d22:	6c61                	c.lui	x24,0x18
     d24:	6800                	c.flw	f8,16(x8)
     d26:	00002617          	auipc	x12,0x2
     d2a:	0200                	c.addi4spn	x8,x2,256
     d2c:	6c91                	c.lui	x25,0x4
     d2e:	0003d903          	lhu	x18,0(x7)
     d32:	6800                	c.flw	f8,16(x8)
     d34:	00002623          	sw	x0,12(x0) # c <_start-0x7ffffff4>
     d38:	0200                	c.addi4spn	x8,x2,256
     d3a:	6891                	c.lui	x17,0x4
     d3c:	0500                	c.addi4spn	x8,x2,640
     d3e:	03f6                	c.slli	x7,0x1d
     d40:	0000                	c.unimp
     d42:	01ba0553          	fadd.s	f10,f20,f27,rne
     d46:	0000                	c.unimp
     d48:	0fdc                	c.addi4spn	x15,x2,980
     d4a:	8000                	0x8000
     d4c:	00b4                	c.addi4spn	x13,x2,72
     d4e:	0000                	c.unimp
     d50:	9c01                	0x9c01
     d52:	01ba                	c.slli	x3,0xe
     d54:	0000                	c.unimp
     d56:	0003cf03          	lbu	x30,0(x7)
     d5a:	5300                	c.lw	x8,32(x14)
     d5c:	c112                	c.swsp	x4,128(x2)
     d5e:	0001                	c.addi	x0,0
     d60:	0200                	c.addi4spn	x8,x2,256
     d62:	5c91                	c.li	x25,-28
     d64:	0003d403          	lhu	x8,0(x7)
     d68:	5300                	c.lw	x8,32(x14)
     d6a:	c11d                	c.beqz	x10,d90 <_start-0x7ffff270>
     d6c:	0001                	c.addi	x0,0
     d6e:	0200                	c.addi4spn	x8,x2,256
     d70:	5891                	c.li	x17,-28
     d72:	7801                	c.lui	x16,0xfffe0
     d74:	0005                	c.addi	x0,1
     d76:	5500                	c.lw	x8,40(x10)
     d78:	260c                	c.fld	f11,8(x12)
     d7a:	0000                	c.unimp
     d7c:	0200                	c.addi4spn	x8,x2,256
     d7e:	6c91                	c.lui	x25,0x4
     d80:	0e00                	c.addi4spn	x8,x2,784
     d82:	0504                	c.addi4spn	x9,x2,640
     d84:	6e69                	c.lui	x28,0x1a
     d86:	0074                	c.addi4spn	x13,x2,12
     d88:	0001c607          	flq	f12,0(x3)
     d8c:	0a00                	c.addi4spn	x8,x2,272
     d8e:	0801                	c.addi	x16,0
     d90:	0000010b          	0x10b
     d94:	2908                	c.fld	f10,16(x10)
     d96:	0004                	0x4
     d98:	4500                	c.lw	x8,8(x10)
     d9a:	0f5c                	c.addi4spn	x15,x2,916
     d9c:	8000                	0x8000
     d9e:	0080                	c.addi4spn	x8,x2,64
     da0:	0000                	c.unimp
     da2:	9c01                	0x9c01
     da4:	020c                	c.addi4spn	x11,x2,256
     da6:	0000                	c.unimp
     da8:	0003c403          	lbu	x8,0(x7)
     dac:	4500                	c.lw	x8,8(x10)
     dae:	c115                	c.beqz	x10,dd2 <_start-0x7ffff22e>
     db0:	0001                	c.addi	x0,0
     db2:	0200                	c.addi4spn	x8,x2,256
     db4:	5c91                	c.li	x25,-28
     db6:	7302                	c.flwsp	f6,32(x2)
     db8:	6372                	c.flwsp	f6,28(x2)
     dba:	4500                	c.lw	x8,8(x10)
     dbc:	c121                	c.beqz	x10,dfc <_start-0x7ffff204>
     dbe:	0001                	c.addi	x0,0
     dc0:	0200                	c.addi4spn	x8,x2,256
     dc2:	5891                	c.li	x17,-28
     dc4:	5401                	c.li	x8,-32
     dc6:	0001                	c.addi	x0,0
     dc8:	4700                	c.lw	x8,8(x14)
     dca:	260c                	c.fld	f11,8(x12)
     dcc:	0000                	c.unimp
     dce:	0200                	c.addi4spn	x8,x2,256
     dd0:	6c91                	c.lui	x25,0x4
     dd2:	0500                	c.addi4spn	x8,x2,640
     dd4:	03fd                	c.addi	x7,31
     dd6:	0000                	c.unimp
     dd8:	053a                	c.slli	x10,0xe
     dda:	01ba                	c.slli	x3,0xe
     ddc:	0000                	c.unimp
     dde:	0eec                	c.addi4spn	x11,x2,860
     de0:	8000                	0x8000
     de2:	0070                	c.addi4spn	x12,x2,12
     de4:	0000                	c.unimp
     de6:	9c01                	0x9c01
     de8:	0266                	c.slli	x4,0x19
     dea:	0000                	c.unimp
     dec:	6102                	c.flwsp	f2,0(x2)
     dee:	7272                	c.flwsp	f4,60(x2)
     df0:	3a00                	c.fld	f8,48(x12)
     df2:	661a                	c.flwsp	f12,132(x2)
     df4:	0002                	c.slli64	x0
     df6:	0200                	c.addi4spn	x8,x2,256
     df8:	5c91                	c.li	x25,-28
     dfa:	00047703          	0x47703
     dfe:	3a00                	c.fld	f8,48(x12)
     e00:	0001ba23          	0x1ba23
     e04:	0200                	c.addi4spn	x8,x2,256
     e06:	5891                	c.li	x17,-28
     e08:	af01                	c.j	1518 <_start-0x7fffeae8>
     e0a:	3c000003          	lb	x0,960(x0) # 3c0 <_start-0x7ffffc40>
     e0e:	ba09                	c.j	720 <_start-0x7ffff8e0>
     e10:	0001                	c.addi	x0,0
     e12:	0200                	c.addi4spn	x8,x2,256
     e14:	6c91                	c.lui	x25,0x4
     e16:	0406                	c.slli	x8,0x1
     e18:	4480000f          	0x4480000f
     e1c:	0000                	c.unimp
     e1e:	0400                	c.addi4spn	x8,x2,512
     e20:	0069                	c.addi	x0,26
     e22:	0e3d                	c.addi	x28,15
     e24:	01ba                	c.slli	x3,0xe
     e26:	0000                	c.unimp
     e28:	9102                	c.jalr	x2
     e2a:	0068                	c.addi4spn	x10,x2,12
     e2c:	0700                	c.addi4spn	x8,x2,896
     e2e:	01ba                	c.slli	x3,0xe
     e30:	0000                	c.unimp
     e32:	6e696d0b          	0x6e696d0b
     e36:	3100                	c.fld	f8,32(x10)
     e38:	01ba                	c.slli	x3,0xe
     e3a:	0000                	c.unimp
     e3c:	0eb0                	c.addi4spn	x12,x2,856
     e3e:	8000                	0x8000
     e40:	003c                	c.addi4spn	x15,x2,8
     e42:	0000                	c.unimp
     e44:	9c01                	0x9c01
     e46:	029c                	c.addi4spn	x15,x2,320
     e48:	0000                	c.unimp
     e4a:	6102                	c.flwsp	f2,0(x2)
     e4c:	3100                	c.fld	f8,32(x10)
     e4e:	ba0d                	c.j	780 <_start-0x7ffff880>
     e50:	0001                	c.addi	x0,0
     e52:	0200                	c.addi4spn	x8,x2,256
     e54:	6c91                	c.lui	x25,0x4
     e56:	6202                	c.flwsp	f4,0(x2)
     e58:	3100                	c.fld	f8,32(x10)
     e5a:	ba14                	c.fsd	f13,48(x12)
     e5c:	0001                	c.addi	x0,0
     e5e:	0200                	c.addi4spn	x8,x2,256
     e60:	6891                	c.lui	x17,0x4
     e62:	0b00                	c.addi4spn	x8,x2,400
     e64:	616d                	c.addi16sp	x2,240
     e66:	0078                	c.addi4spn	x14,x2,12
     e68:	ba28                	c.fsd	f10,112(x12)
     e6a:	0001                	c.addi	x0,0
     e6c:	7400                	c.flw	f8,40(x8)
     e6e:	000e                	c.slli	x0,0x3
     e70:	3c80                	c.fld	f8,56(x9)
     e72:	0000                	c.unimp
     e74:	0100                	c.addi4spn	x8,x2,128
     e76:	cd9c                	c.sw	x15,24(x11)
     e78:	0002                	c.slli64	x0
     e7a:	0200                	c.addi4spn	x8,x2,256
     e7c:	0061                	c.addi	x0,24
     e7e:	0d28                	c.addi4spn	x10,x2,664
     e80:	01ba                	c.slli	x3,0xe
     e82:	0000                	c.unimp
     e84:	9102                	c.jalr	x2
     e86:	026c                	c.addi4spn	x11,x2,268
     e88:	0062                	c.slli	x0,0x18
     e8a:	1428                	c.addi4spn	x10,x2,552
     e8c:	01ba                	c.slli	x3,0xe
     e8e:	0000                	c.unimp
     e90:	9102                	c.jalr	x2
     e92:	0068                	c.addi4spn	x10,x2,12
     e94:	b908                	c.fsd	f10,48(x10)
     e96:	0001                	c.addi	x0,0
     e98:	1f00                	c.addi4spn	x8,x2,944
     e9a:	0e08                	c.addi4spn	x10,x2,784
     e9c:	8000                	0x8000
     e9e:	006c                	c.addi4spn	x11,x2,12
     ea0:	0000                	c.unimp
     ea2:	9c01                	0x9c01
     ea4:	0322                	c.slli	x6,0x8
     ea6:	0000                	c.unimp
     ea8:	0003c403          	lbu	x8,0(x7)
     eac:	1f00                	c.addi4spn	x8,x2,944
     eae:	c115                	c.beqz	x10,ed2 <_start-0x7ffff12e>
     eb0:	0001                	c.addi	x0,0
     eb2:	0200                	c.addi4spn	x8,x2,256
     eb4:	5c91                	c.li	x25,-28
     eb6:	7302                	c.flwsp	f6,32(x2)
     eb8:	6372                	c.flwsp	f6,28(x2)
     eba:	1f00                	c.addi4spn	x8,x2,944
     ebc:	c121                	c.beqz	x10,efc <_start-0x7ffff104>
     ebe:	0001                	c.addi	x0,0
     ec0:	0200                	c.addi4spn	x8,x2,256
     ec2:	5891                	c.li	x17,-28
     ec4:	00047703          	0x47703
     ec8:	1f00                	c.addi4spn	x8,x2,944
     eca:	262d                	c.jal	11f4 <_start-0x7fffee0c>
     ecc:	0000                	c.unimp
     ece:	0200                	c.addi4spn	x8,x2,256
     ed0:	5491                	c.li	x9,-28
     ed2:	2006                	c.fldsp	f0,64(x2)
     ed4:	000e                	c.slli	x0,0x3
     ed6:	4080                	c.lw	x8,0(x9)
     ed8:	0000                	c.unimp
     eda:	0400                	c.addi4spn	x8,x2,512
     edc:	0069                	c.addi	x0,26
     ede:	0d21                	c.addi	x26,8
     ee0:	01ba                	c.slli	x3,0xe
     ee2:	0000                	c.unimp
     ee4:	9102                	c.jalr	x2
     ee6:	006c                	c.addi4spn	x11,x2,12
     ee8:	0800                	c.addi4spn	x8,x2,16
     eea:	03e8                	c.addi4spn	x10,x2,460
     eec:	0000                	c.unimp
     eee:	c018                	c.sw	x14,0(x8)
     ef0:	000d                	c.addi	x0,3
     ef2:	4880                	c.lw	x8,16(x9)
     ef4:	0000                	c.unimp
     ef6:	0100                	c.addi4spn	x8,x2,128
     ef8:	619c                	c.flw	f15,0(x11)
     efa:	02000003          	lb	x0,32(x0) # 20 <_start-0x7fffffe0>
     efe:	6176                	c.flwsp	f2,92(x2)
     f00:	006c                	c.addi4spn	x11,x2,12
     f02:	1818                	c.addi4spn	x14,x2,48
     f04:	01ba                	c.slli	x3,0xe
     f06:	0000                	c.unimp
     f08:	9102                	c.jalr	x2
     f0a:	035c                	c.addi4spn	x15,x2,388
     f0c:	04f0                	c.addi4spn	x12,x2,588
     f0e:	0000                	c.unimp
     f10:	2118                	c.fld	f14,0(x10)
     f12:	01ba                	c.slli	x3,0xe
     f14:	0000                	c.unimp
     f16:	9102                	c.jalr	x2
     f18:	0158                	c.addi4spn	x14,x2,132
     f1a:	0774                	c.addi4spn	x13,x2,908
     f1c:	0000                	c.unimp
     f1e:	0d1a                	c.slli	x26,0x6
     f20:	0361                	c.addi	x6,24
     f22:	0000                	c.unimp
     f24:	9102                	c.jalr	x2
     f26:	006c                	c.addi4spn	x11,x2,12
     f28:	00002607          	flw	f12,0(x0) # 0 <_start-0x80000000>
     f2c:	0500                	c.addi4spn	x8,x2,640
     f2e:	01de                	c.slli	x3,0x17
     f30:	0000                	c.unimp
     f32:	01ba050b          	0x1ba050b
     f36:	0000                	c.unimp
     f38:	0d44                	c.addi4spn	x9,x2,660
     f3a:	8000                	0x8000
     f3c:	007c                	c.addi4spn	x15,x2,12
     f3e:	0000                	c.unimp
     f40:	9c01                	0x9c01
     f42:	03c0                	c.addi4spn	x8,x2,452
     f44:	0000                	c.unimp
     f46:	7302                	c.flwsp	f6,32(x2)
     f48:	6372                	c.flwsp	f6,28(x2)
     f4a:	0b00                	c.addi4spn	x8,x2,400
     f4c:	c112                	c.swsp	x4,128(x2)
     f4e:	0001                	c.addi	x0,0
     f50:	0200                	c.addi4spn	x8,x2,256
     f52:	5c91                	c.li	x25,-28
     f54:	7602                	c.flwsp	f12,32(x2)
     f56:	6c61                	c.lui	x24,0x18
     f58:	0b00                	c.addi4spn	x8,x2,400
     f5a:	0001ba1b          	0x1ba1b
     f5e:	0200                	c.addi4spn	x8,x2,256
     f60:	5891                	c.li	x17,-28
     f62:	00047703          	0x47703
     f66:	0b00                	c.addi4spn	x8,x2,400
     f68:	00002627          	fsw	f0,12(x0) # c <_start-0x7ffffff4>
     f6c:	0200                	c.addi4spn	x8,x2,256
     f6e:	5491                	c.li	x9,-28
     f70:	7006                	c.flwsp	f0,96(x2)
     f72:	000d                	c.addi	x0,3
     f74:	3c80                	c.fld	f8,56(x9)
     f76:	0000                	c.unimp
     f78:	0400                	c.addi4spn	x8,x2,512
     f7a:	0069                	c.addi	x0,26
     f7c:	01ba0d0f          	0x1ba0d0f
     f80:	0000                	c.unimp
     f82:	9102                	c.jalr	x2
     f84:	006c                	c.addi4spn	x11,x2,12
     f86:	0f00                	c.addi4spn	x8,x2,912
     f88:	000003b7          	lui	x7,0x0
     f8c:	0401                	c.addi	x8,0
     f8e:	1406                	c.slli	x8,0x21
     f90:	000d                	c.addi	x0,3
     f92:	3080                	c.fld	f8,32(x9)
     f94:	0000                	c.unimp
     f96:	0100                	c.addi4spn	x8,x2,128
     f98:	029c                	c.addi4spn	x15,x2,320
     f9a:	6176                	c.flwsp	f2,92(x2)
     f9c:	006c                	c.addi4spn	x11,x2,12
     f9e:	1104                	c.addi4spn	x9,x2,160
     fa0:	01ba                	c.slli	x3,0xe
     fa2:	0000                	c.unimp
     fa4:	9102                	c.jalr	x2
     fa6:	036c                	c.addi4spn	x11,x2,396
     fa8:	0774                	c.addi4spn	x13,x2,908
     faa:	0000                	c.unimp
     fac:	1e04                	c.addi4spn	x9,x2,816
     fae:	0361                	c.addi	x6,24
     fb0:	0000                	c.unimp
     fb2:	9102                	c.jalr	x2
     fb4:	0068                	c.addi4spn	x10,x2,12
     fb6:	8800                	0x8800
     fb8:	0500000b          	0x500000b
     fbc:	0100                	c.addi4spn	x8,x2,128
     fbe:	9304                	0x9304
     fc0:	0004                	0x4
     fc2:	1f00                	c.addi4spn	x8,x2,944
     fc4:	0089                	c.addi	x1,2
     fc6:	0000                	c.unimp
     fc8:	881d                	c.andi	x8,7
     fca:	0000                	c.unimp
     fcc:	0000                	c.unimp
     fce:	0000                	c.unimp
     fd0:	6800                	c.flw	f8,16(x8)
     fd2:	0012                	c.slli	x0,0x4
     fd4:	a080                	c.fsd	f8,0(x9)
     fd6:	000c                	0xc
     fd8:	cf00                	c.sw	x8,24(x14)
     fda:	000e                	c.slli	x0,0x3
     fdc:	0c00                	c.addi4spn	x8,x2,528
     fde:	000002f3          	0x2f3
     fe2:	0702                	c.slli64	x14
     fe4:	3716                	c.fldsp	f14,352(x2)
     fe6:	0000                	c.unimp
     fe8:	2000                	c.fld	f8,0(x8)
     fea:	0026                	c.slli	x0,0x9
     fec:	0000                	c.unimp
     fee:	0416                	c.slli	x8,0x5
     ff0:	00004c07          	flq	f24,0(x0) # 0 <_start-0x80000000>
     ff4:	0900                	c.addi4spn	x8,x2,144
     ff6:	02b6                	c.slli	x5,0xd
     ff8:	0000                	c.unimp
     ffa:	0304                	c.addi4spn	x9,x2,384
     ffc:	1012                	c.slli	x0,0x24
     ffe:	0059                	c.addi	x0,22
    1000:	0000                	c.unimp
    1002:	0001d203          	lhu	x4,0(x3)
    1006:	0300                	c.addi4spn	x8,x2,384
    1008:	1214                	c.addi4spn	x13,x2,288
    100a:	0059                	c.addi	x0,22
    100c:	0000                	c.unimp
    100e:	0000                	c.unimp
    1010:	3e05                	c.jal	b40 <_start-0x7ffff4c0>
    1012:	0000                	c.unimp
    1014:	0c00                	c.addi4spn	x8,x2,528
    1016:	02fa                	c.slli	x5,0x1e
    1018:	0000                	c.unimp
    101a:	3e021503          	lh	x10,992(x4) # fffe03e0 <_stack_top+0x77fe03e0>
    101e:	0000                	c.unimp
    1020:	2100                	c.fld	f8,0(x10)
    1022:	0368                	c.addi4spn	x10,x2,396
    1024:	0000                	c.unimp
    1026:	00370407          	0x370407
    102a:	0000                	c.unimp
    102c:	0804                	c.addi4spn	x9,x2,16
    102e:	a106                	c.fsdsp	f1,128(x2)
    1030:	0000                	c.unimp
    1032:	0a00                	c.addi4spn	x8,x2,272
    1034:	000002e3          	beq	x0,x0,1838 <_start-0x7fffe7c8>
    1038:	0a00                	c.addi4spn	x8,x2,272
    103a:	02e5                	c.addi	x5,25
    103c:	0000                	c.unimp
    103e:	0a01                	c.addi	x20,0
    1040:	0148                	c.addi4spn	x10,x2,132
    1042:	0000                	c.unimp
    1044:	0a02                	c.slli64	x20
    1046:	0000027b          	0x27b
    104a:	02a80a03          	lb	x20,42(x16) # fffe002a <_stack_top+0x77fe002a>
    104e:	0000                	c.unimp
    1050:	0a04                	c.addi4spn	x9,x2,272
    1052:	0395                	c.addi	x7,5
    1054:	0000                	c.unimp
    1056:	0005                	c.addi	x0,1
    1058:	3e09                	c.jal	b6a <_start-0x7ffff496>
    105a:	0001                	c.addi	x0,0
    105c:	9000                	0x9000
    105e:	0a04                	c.addi4spn	x9,x2,272
    1060:	4608                	c.lw	x10,8(x12)
    1062:	0002                	c.slli64	x0
    1064:	0300                	c.addi4spn	x8,x2,384
    1066:	000001af          	0x1af
    106a:	0b04                	c.addi4spn	x9,x2,400
    106c:	260a                	c.fldsp	f12,128(x2)
    106e:	0000                	c.unimp
    1070:	0000                	c.unimp
    1072:	00035c03          	lhu	x24,0(x6)
    1076:	0400                	c.addi4spn	x8,x2,512
    1078:	0a0c                	c.addi4spn	x11,x2,272
    107a:	0026                	c.slli	x0,0x9
    107c:	0000                	c.unimp
    107e:	0304                	c.addi4spn	x9,x2,384
    1080:	029c                	c.addi4spn	x15,x2,320
    1082:	0000                	c.unimp
    1084:	0d04                	c.addi4spn	x9,x2,656
    1086:	260a                	c.fldsp	f12,128(x2)
    1088:	0000                	c.unimp
    108a:	0800                	c.addi4spn	x8,x2,16
    108c:	6501                	0x6501
    108e:	6370                	c.flw	f12,68(x14)
    1090:	0e00                	c.addi4spn	x8,x2,784
    1092:	260a                	c.fldsp	f12,128(x2)
    1094:	0000                	c.unimp
    1096:	0c00                	c.addi4spn	x8,x2,528
    1098:	00021a03          	lh	x20,0(x4) # 0 <_start-0x80000000>
    109c:	0400                	c.addi4spn	x8,x2,512
    109e:	00260a0f          	0x260a0f
    10a2:	0000                	c.unimp
    10a4:	0110                	c.addi4spn	x12,x2,128
    10a6:	6172                	c.flwsp	f2,28(x2)
    10a8:	1000                	c.addi4spn	x8,x2,32
    10aa:	260a                	c.fldsp	f12,128(x2)
    10ac:	0000                	c.unimp
    10ae:	1400                	c.addi4spn	x8,x2,544
    10b0:	7301                	c.lui	x6,0xfffe0
    10b2:	0070                	c.addi4spn	x12,x2,12
    10b4:	0a11                	c.addi	x20,4
    10b6:	0026                	c.slli	x0,0x9
    10b8:	0000                	c.unimp
    10ba:	0118                	c.addi4spn	x14,x2,128
    10bc:	12007067          	0x12007067
    10c0:	260a                	c.fldsp	f12,128(x2)
    10c2:	0000                	c.unimp
    10c4:	1c00                	c.addi4spn	x8,x2,560
    10c6:	7401                	c.lui	x8,0xfffe0
    10c8:	0070                	c.addi4spn	x12,x2,12
    10ca:	00260a13          	addi	x20,x12,2 # 2d28 <_start-0x7fffd2d8>
    10ce:	0000                	c.unimp
    10d0:	0120                	c.addi4spn	x8,x2,136
    10d2:	3074                	c.fld	f13,224(x8)
    10d4:	1400                	c.addi4spn	x8,x2,544
    10d6:	260a                	c.fldsp	f12,128(x2)
    10d8:	0000                	c.unimp
    10da:	2400                	c.fld	f8,8(x8)
    10dc:	7401                	c.lui	x8,0xfffe0
    10de:	0031                	c.addi	x0,12
    10e0:	0a15                	c.addi	x20,5
    10e2:	0026                	c.slli	x0,0x9
    10e4:	0000                	c.unimp
    10e6:	0128                	c.addi4spn	x10,x2,136
    10e8:	3274                	c.fld	f13,224(x12)
    10ea:	1600                	c.addi4spn	x8,x2,800
    10ec:	260a                	c.fldsp	f12,128(x2)
    10ee:	0000                	c.unimp
    10f0:	2c00                	c.fld	f8,24(x8)
    10f2:	7301                	c.lui	x6,0xfffe0
    10f4:	0030                	c.addi4spn	x12,x2,8
    10f6:	00260a17          	auipc	x20,0x260
    10fa:	0000                	c.unimp
    10fc:	0130                	c.addi4spn	x12,x2,136
    10fe:	18003173          	csrrc	x2,satp,x0
    1102:	260a                	c.fldsp	f12,128(x2)
    1104:	0000                	c.unimp
    1106:	3400                	c.fld	f8,40(x8)
    1108:	6101                	0x6101
    110a:	0030                	c.addi4spn	x12,x2,8
    110c:	0a19                	c.addi	x20,6
    110e:	0026                	c.slli	x0,0x9
    1110:	0000                	c.unimp
    1112:	0138                	c.addi4spn	x14,x2,136
    1114:	3161                	c.jal	d9c <_start-0x7ffff264>
    1116:	1a00                	c.addi4spn	x8,x2,304
    1118:	260a                	c.fldsp	f12,128(x2)
    111a:	0000                	c.unimp
    111c:	3c00                	c.fld	f8,56(x8)
    111e:	6101                	0x6101
    1120:	0032                	c.slli	x0,0xc
    1122:	00260a1b          	0x260a1b
    1126:	0000                	c.unimp
    1128:	0140                	c.addi4spn	x8,x2,132
    112a:	3361                	c.jal	eb2 <_start-0x7ffff14e>
    112c:	1c00                	c.addi4spn	x8,x2,560
    112e:	260a                	c.fldsp	f12,128(x2)
    1130:	0000                	c.unimp
    1132:	4400                	c.lw	x8,8(x8)
    1134:	6101                	0x6101
    1136:	0034                	c.addi4spn	x13,x2,8
    1138:	0a1d                	c.addi	x20,7
    113a:	0026                	c.slli	x0,0x9
    113c:	0000                	c.unimp
    113e:	0148                	c.addi4spn	x10,x2,132
    1140:	3561                	c.jal	fc8 <_start-0x7ffff038>
    1142:	1e00                	c.addi4spn	x8,x2,816
    1144:	260a                	c.fldsp	f12,128(x2)
    1146:	0000                	c.unimp
    1148:	4c00                	c.lw	x8,24(x8)
    114a:	6101                	0x6101
    114c:	0036                	c.slli	x0,0xd
    114e:	0a1f 0026 0000      	0x260a1f
    1154:	0150                	c.addi4spn	x12,x2,132
    1156:	3761                	c.jal	10de <_start-0x7fffef22>
    1158:	2000                	c.fld	f8,0(x8)
    115a:	260a                	c.fldsp	f12,128(x2)
    115c:	0000                	c.unimp
    115e:	5400                	c.lw	x8,40(x8)
    1160:	7301                	c.lui	x6,0xfffe0
    1162:	0032                	c.slli	x0,0xc
    1164:	0a21                	c.addi	x20,8
    1166:	0026                	c.slli	x0,0x9
    1168:	0000                	c.unimp
    116a:	0158                	c.addi4spn	x14,x2,132
    116c:	22003373          	csrrc	x6,0x220,x0
    1170:	260a                	c.fldsp	f12,128(x2)
    1172:	0000                	c.unimp
    1174:	5c00                	c.lw	x8,56(x8)
    1176:	7301                	c.lui	x6,0xfffe0
    1178:	0034                	c.addi4spn	x13,x2,8
    117a:	00260a23          	sb	x2,20(x12)
    117e:	0000                	c.unimp
    1180:	0160                	c.addi4spn	x8,x2,140
    1182:	24003573          	csrrc	x10,0x240,x0
    1186:	260a                	c.fldsp	f12,128(x2)
    1188:	0000                	c.unimp
    118a:	6400                	c.flw	f8,8(x8)
    118c:	7301                	c.lui	x6,0xfffe0
    118e:	0036                	c.slli	x0,0xd
    1190:	0a25                	c.addi	x20,9
    1192:	0026                	c.slli	x0,0x9
    1194:	0000                	c.unimp
    1196:	0168                	c.addi4spn	x10,x2,140
    1198:	26003773          	csrrc	x14,0x260,x0
    119c:	260a                	c.fldsp	f12,128(x2)
    119e:	0000                	c.unimp
    11a0:	6c00                	c.flw	f8,24(x8)
    11a2:	7301                	c.lui	x6,0xfffe0
    11a4:	0038                	c.addi4spn	x14,x2,8
    11a6:	00260a27          	0x260a27
    11aa:	0000                	c.unimp
    11ac:	0170                	c.addi4spn	x12,x2,140
    11ae:	28003973          	csrrc	x18,0x280,x0
    11b2:	260a                	c.fldsp	f12,128(x2)
    11b4:	0000                	c.unimp
    11b6:	7400                	c.flw	f8,40(x8)
    11b8:	7301                	c.lui	x6,0xfffe0
    11ba:	3031                	c.jal	9c6 <_start-0x7ffff63a>
    11bc:	2900                	c.fld	f8,16(x10)
    11be:	260a                	c.fldsp	f12,128(x2)
    11c0:	0000                	c.unimp
    11c2:	7800                	c.flw	f8,48(x8)
    11c4:	7301                	c.lui	x6,0xfffe0
    11c6:	3131                	c.jal	dd2 <_start-0x7ffff22e>
    11c8:	2a00                	c.fld	f8,16(x12)
    11ca:	260a                	c.fldsp	f12,128(x2)
    11cc:	0000                	c.unimp
    11ce:	7c00                	c.flw	f8,56(x8)
    11d0:	7401                	c.lui	x8,0xfffe0
    11d2:	0a2b0033          	0xa2b0033
    11d6:	0026                	c.slli	x0,0x9
    11d8:	0000                	c.unimp
    11da:	0180                	c.addi4spn	x8,x2,192
    11dc:	3474                	c.fld	f13,232(x8)
    11de:	2c00                	c.fld	f8,24(x8)
    11e0:	260a                	c.fldsp	f12,128(x2)
    11e2:	0000                	c.unimp
    11e4:	8400                	0x8400
    11e6:	7401                	c.lui	x8,0xfffe0
    11e8:	0035                	c.addi	x0,13
    11ea:	0a2d                	c.addi	x20,11
    11ec:	0026                	c.slli	x0,0x9
    11ee:	0000                	c.unimp
    11f0:	0188                	c.addi4spn	x10,x2,192
    11f2:	3674                	c.fld	f13,232(x12)
    11f4:	2e00                	c.fld	f8,24(x12)
    11f6:	260a                	c.fldsp	f12,128(x2)
    11f8:	0000                	c.unimp
    11fa:	8c00                	0x8c00
    11fc:	0900                	c.addi4spn	x8,x2,144
    11fe:	0262                	c.slli	x4,0x18
    1200:	0000                	c.unimp
    1202:	0438                	c.addi4spn	x14,x2,520
    1204:	0831                	c.addi	x16,12
    1206:	02f0                	c.addi4spn	x12,x2,332
    1208:	0000                	c.unimp
    120a:	7201                	c.lui	x4,0xfffe0
    120c:	0061                	c.addi	x0,24
    120e:	0a32                	c.slli	x20,0xc
    1210:	0026                	c.slli	x0,0x9
    1212:	0000                	c.unimp
    1214:	0100                	c.addi4spn	x8,x2,128
    1216:	33007073          	csrrci	x0,mhpmevent16,0
    121a:	260a                	c.fldsp	f12,128(x2)
    121c:	0000                	c.unimp
    121e:	0400                	c.addi4spn	x8,x2,512
    1220:	7301                	c.lui	x6,0xfffe0
    1222:	0030                	c.addi4spn	x12,x2,8
    1224:	0b36                	c.slli	x22,0xd
    1226:	0026                	c.slli	x0,0x9
    1228:	0000                	c.unimp
    122a:	0108                	c.addi4spn	x10,x2,128
    122c:	37003173          	csrrc	x2,0x370,x0
    1230:	0000260b          	0x260b
    1234:	0c00                	c.addi4spn	x8,x2,528
    1236:	7301                	c.lui	x6,0xfffe0
    1238:	0032                	c.slli	x0,0xc
    123a:	0b38                	c.addi4spn	x14,x2,408
    123c:	0026                	c.slli	x0,0x9
    123e:	0000                	c.unimp
    1240:	0110                	c.addi4spn	x12,x2,128
    1242:	39003373          	csrrc	x6,0x390,x0
    1246:	0000260b          	0x260b
    124a:	1400                	c.addi4spn	x8,x2,544
    124c:	7301                	c.lui	x6,0xfffe0
    124e:	0034                	c.addi4spn	x13,x2,8
    1250:	0b3a                	c.slli	x22,0xe
    1252:	0026                	c.slli	x0,0x9
    1254:	0000                	c.unimp
    1256:	0118                	c.addi4spn	x14,x2,128
    1258:	3b003573          	csrrc	x10,pmpaddr0,x0
    125c:	0000260b          	0x260b
    1260:	1c00                	c.addi4spn	x8,x2,560
    1262:	7301                	c.lui	x6,0xfffe0
    1264:	0036                	c.slli	x0,0xd
    1266:	0b3c                	c.addi4spn	x15,x2,408
    1268:	0026                	c.slli	x0,0x9
    126a:	0000                	c.unimp
    126c:	0120                	c.addi4spn	x8,x2,136
    126e:	3d003773          	csrrc	x14,0x3d0,x0
    1272:	0000260b          	0x260b
    1276:	2400                	c.fld	f8,8(x8)
    1278:	7301                	c.lui	x6,0xfffe0
    127a:	0038                	c.addi4spn	x14,x2,8
    127c:	0b3e                	c.slli	x22,0xf
    127e:	0026                	c.slli	x0,0x9
    1280:	0000                	c.unimp
    1282:	0128                	c.addi4spn	x10,x2,136
    1284:	3f003973          	csrrc	x18,0x3f0,x0
    1288:	0000260b          	0x260b
    128c:	2c00                	c.fld	f8,24(x8)
    128e:	7301                	c.lui	x6,0xfffe0
    1290:	3031                	c.jal	a9c <_start-0x7ffff564>
    1292:	4000                	c.lw	x8,0(x8)
    1294:	0000260b          	0x260b
    1298:	3000                	c.fld	f8,32(x8)
    129a:	7301                	c.lui	x6,0xfffe0
    129c:	3131                	c.jal	ea8 <_start-0x7ffff158>
    129e:	4100                	c.lw	x8,0(x10)
    12a0:	0000260b          	0x260b
    12a4:	3400                	c.fld	f8,40(x8)
    12a6:	0900                	c.addi4spn	x8,x2,144
    12a8:	050a                	c.slli	x10,0x2
    12aa:	0000                	c.unimp
    12ac:	0470                	c.addi4spn	x12,x2,524
    12ae:	1044                	c.addi4spn	x9,x2,36
    12b0:	0399                	c.addi	x7,6
    12b2:	0000                	c.unimp
    12b4:	00036c03          	0x36c03
    12b8:	0400                	c.addi4spn	x8,x2,512
    12ba:	1446                	c.slli	x8,0x31
    12bc:	006a                	c.slli	x0,0x1a
    12be:	0000                	c.unimp
    12c0:	0300                	c.addi4spn	x8,x2,384
    12c2:	0284                	c.addi4spn	x9,x2,320
    12c4:	0000                	c.unimp
    12c6:	4704                	c.lw	x9,8(x14)
    12c8:	0003990b          	0x3990b
    12cc:	0400                	c.addi4spn	x8,x2,512
    12ce:	0001a303          	lw	x6,0(x3)
    12d2:	0400                	c.addi4spn	x8,x2,512
    12d4:	0948                	c.addi4spn	x10,x2,148
    12d6:	0000039b          	0x39b
    12da:	0308                	c.addi4spn	x10,x2,384
    12dc:	037f                	0x37f
    12de:	0000                	c.unimp
    12e0:	4904                	c.lw	x9,16(x10)
    12e2:	9b09                	c.andi	x14,-30
    12e4:	0c000003          	lb	x0,192(x0) # c0 <_start-0x7fffff40>
    12e8:	7001                	c.lui	x0,0xfffe0
    12ea:	6469                	c.lui	x8,0x1a
    12ec:	4a00                	c.lw	x8,16(x12)
    12ee:	9b09                	c.andi	x14,-30
    12f0:	10000003          	lb	x0,256(x0) # 100 <_start-0x7fffff00>
    12f4:	00027403          	0x27403
    12f8:	0400                	c.addi4spn	x8,x2,512
    12fa:	03a20e4b          	fnmsub.d	f28,f4,f26,f0,rne
    12fe:	0000                	c.unimp
    1300:	0314                	c.addi4spn	x13,x2,384
    1302:	00000477          	0x477
    1306:	4c04                	c.lw	x9,24(x8)
    1308:	3712                	c.fldsp	f14,288(x2)
    130a:	0000                	c.unimp
    130c:	1800                	c.addi4spn	x8,x2,48
    130e:	00053503          	0x53503
    1312:	0400                	c.addi4spn	x8,x2,512
    1314:	124d                	c.addi	x4,-13
    1316:	000003a7          	0x3a7
    131a:	031c                	c.addi4spn	x15,x2,384
    131c:	01c8                	c.addi4spn	x10,x2,196
    131e:	0000                	c.unimp
    1320:	4e04                	c.lw	x9,24(x12)
    1322:	a20e                	c.fsdsp	f3,256(x2)
    1324:	20000003          	lb	x0,512(x0) # 200 <_start-0x7ffffe00>
    1328:	00019203          	lh	x4,0(x3)
    132c:	0400                	c.addi4spn	x8,x2,512
    132e:	03ac174f          	fnmadd.d	f14,f24,f26,f0,rtz
    1332:	0000                	c.unimp
    1334:	0324                	c.addi4spn	x9,x2,392
    1336:	0262                	c.slli	x4,0x18
    1338:	0000                	c.unimp
    133a:	5004                	c.lw	x9,32(x8)
    133c:	4614                	c.lw	x13,8(x12)
    133e:	0002                	c.slli64	x0
    1340:	2800                	c.fld	f8,16(x8)
    1342:	00021503          	lh	x10,0(x4) # fffe0000 <_stack_top+0x77fe0000>
    1346:	0400                	c.addi4spn	x8,x2,512
    1348:	0a51                	c.addi	x20,20
    134a:	03b1                	c.addi	x7,12
    134c:	0000                	c.unimp
    134e:	0060                	c.addi4spn	x8,x2,12
    1350:	0422                	c.slli	x8,0x8
    1352:	69050423          	sb	x16,1672(x10) # ffffb688 <_stack_top+0x77ffb688>
    1356:	746e                	c.flwsp	f8,248(x2)
    1358:	0500                	c.addi4spn	x8,x2,640
    135a:	0026                	c.slli	x0,0x9
    135c:	0000                	c.unimp
    135e:	f005                	c.bnez	x8,127e <_start-0x7fffed82>
    1360:	0002                	c.slli64	x0
    1362:	0500                	c.addi4spn	x8,x2,640
    1364:	00a1                	c.addi	x1,8
    1366:	0000                	c.unimp
    1368:	0003c117          	auipc	x2,0x3c
    136c:	c100                	c.sw	x8,0(x10)
    136e:	18000003          	lb	x0,384(x0) # 180 <_start-0x7ffffe80>
    1372:	00000037          	lui	x0,0x0
    1376:	0116000f          	0x116000f
    137a:	0b08                	c.addi4spn	x10,x2,400
    137c:	0001                	c.addi	x0,0
    137e:	0c00                	c.addi4spn	x8,x2,528
    1380:	01aa                	c.slli	x3,0xa
    1382:	0000                	c.unimp
    1384:	5204                	c.lw	x9,32(x12)
    1386:	0002f003          	0x2f003
    138a:	0900                	c.addi4spn	x8,x2,144
    138c:	05ad                	c.addi	x11,11
    138e:	0000                	c.unimp
    1390:	0410                	c.addi4spn	x12,x2,512
    1392:	1054                	c.addi4spn	x13,x2,36
    1394:	0416                	c.slli	x8,0x5
    1396:	0000                	c.unimp
    1398:	0005cc03          	lbu	x24,0(x11)
    139c:	0400                	c.addi4spn	x8,x2,512
    139e:	0a56                	c.slli	x20,0x15
    13a0:	0026                	c.slli	x0,0x9
    13a2:	0000                	c.unimp
    13a4:	0300                	c.addi4spn	x8,x2,384
    13a6:	0515                	c.addi	x10,5
    13a8:	0000                	c.unimp
    13aa:	5704                	c.lw	x9,40(x14)
    13ac:	260a                	c.fldsp	f12,128(x2)
    13ae:	0000                	c.unimp
    13b0:	0400                	c.addi4spn	x8,x2,512
    13b2:	00046403          	0x46403
    13b6:	0400                	c.addi4spn	x8,x2,512
    13b8:	0758                	c.addi4spn	x14,x2,900
    13ba:	0000039b          	0x39b
    13be:	0308                	c.addi4spn	x10,x2,384
    13c0:	04e8                	c.addi4spn	x10,x2,588
    13c2:	0000                	c.unimp
    13c4:	5904                	c.lw	x9,48(x10)
    13c6:	260a                	c.fldsp	f12,128(x2)
    13c8:	0000                	c.unimp
    13ca:	0c00                	c.addi4spn	x8,x2,528
    13cc:	0c00                	c.addi4spn	x8,x2,528
    13ce:	0560                	c.addi4spn	x8,x2,652
    13d0:	0000                	c.unimp
    13d2:	5b04                	c.lw	x9,48(x14)
    13d4:	d402                	c.swsp	x0,40(x2)
    13d6:	09000003          	lb	x0,144(x0) # 90 <_start-0x7fffff70>
    13da:	0490                	c.addi4spn	x12,x2,576
    13dc:	0000                	c.unimp
    13de:	0414                	c.addi4spn	x13,x2,512
    13e0:	105d                	c.addi	x0,-9
    13e2:	0471                	c.addi	x8,28
    13e4:	0000                	c.unimp
    13e6:	00050f03          	lb	x30,0(x10)
    13ea:	0400                	c.addi4spn	x8,x2,512
    13ec:	075f 039b 0000      	0x39b075f
    13f2:	0300                	c.addi4spn	x8,x2,384
    13f4:	04f0                	c.addi4spn	x12,x2,588
    13f6:	0000                	c.unimp
    13f8:	6004                	c.flw	f9,0(x8)
    13fa:	260a                	c.fldsp	f12,128(x2)
    13fc:	0000                	c.unimp
    13fe:	0400                	c.addi4spn	x8,x2,512
    1400:	00045503          	lhu	x10,0(x8) # 1a000 <_start-0x7ffe6000>
    1404:	0400                	c.addi4spn	x8,x2,512
    1406:	0a61                	c.addi	x20,24
    1408:	0026                	c.slli	x0,0x9
    140a:	0000                	c.unimp
    140c:	0308                	c.addi4spn	x10,x2,384
    140e:	04c1                	c.addi	x9,16
    1410:	0000                	c.unimp
    1412:	6204                	c.flw	f9,0(x12)
    1414:	260a                	c.fldsp	f12,128(x2)
    1416:	0000                	c.unimp
    1418:	0c00                	c.addi4spn	x8,x2,528
    141a:	00043203          	0x43203
    141e:	0400                	c.addi4spn	x8,x2,512
    1420:	00260a63          	beq	x12,x2,1434 <_start-0x7fffebcc>
    1424:	0000                	c.unimp
    1426:	0010                	0x10
    1428:	8f0c                	0x8f0c
    142a:	0005                	c.addi	x0,1
    142c:	0400                	c.addi4spn	x8,x2,512
    142e:	0264                	c.addi4spn	x9,x2,268
    1430:	0422                	c.slli	x8,0x8
    1432:	0000                	c.unimp
    1434:	6324                	c.flw	f9,64(x14)
    1436:	7570                	c.flw	f12,108(x10)
    1438:	4000                	c.lw	x8,0(x8)
    143a:	6604                	c.flw	f9,8(x12)
    143c:	b210                	c.fsd	f12,32(x12)
    143e:	0004                	0x4
    1440:	0300                	c.addi4spn	x8,x2,384
    1442:	0442                	c.slli	x8,0x10
    1444:	0000                	c.unimp
    1446:	6804                	c.flw	f9,16(x8)
    1448:	b209                	c.j	d4a <_start-0x7ffff2b6>
    144a:	0004                	0x4
    144c:	0000                	c.unimp
    144e:	00026203          	0x26203
    1452:	0400                	c.addi4spn	x8,x2,512
    1454:	1269                	c.addi	x4,-6
    1456:	0246                	c.slli	x4,0x11
    1458:	0000                	c.unimp
    145a:	0304                	c.addi4spn	x9,x2,384
    145c:	04c8                	c.addi4spn	x10,x2,580
    145e:	0000                	c.unimp
    1460:	6a04                	c.flw	f9,16(x12)
    1462:	00039b07          	0x39b07
    1466:	3c00                	c.fld	f8,56(x8)
    1468:	0500                	c.addi4spn	x8,x2,640
    146a:	03c8                	c.addi4spn	x10,x2,452
    146c:	0000                	c.unimp
    146e:	4325                	c.li	x6,9
    1470:	5550                	c.lw	x12,44(x10)
    1472:	0400                	c.addi4spn	x8,x2,512
    1474:	047d026b          	0x47d026b
    1478:	0000                	c.unimp
    147a:	7c19                	c.lui	x24,0xfffe6
    147c:	0004                	0x4
    147e:	0600                	c.addi4spn	x8,x2,768
    1480:	ce0e                	c.swsp	x3,28(x2)
    1482:	0004                	0x4
    1484:	0500                	c.addi4spn	x8,x2,640
    1486:	03c1                	c.addi	x7,16
    1488:	0000                	c.unimp
    148a:	9c19                	0x9c19
    148c:	0002                	c.slli64	x0
    148e:	0900                	c.addi4spn	x8,x2,144
    1490:	0000260f          	0x260f
    1494:	1700                	c.addi4spn	x8,x2,928
    1496:	03c8                	c.addi4spn	x10,x2,452
    1498:	0000                	c.unimp
    149a:	04ee                	c.slli	x9,0x1b
    149c:	0000                	c.unimp
    149e:	3718                	c.fld	f14,40(x14)
    14a0:	0000                	c.unimp
    14a2:	0900                	c.addi4spn	x8,x2,144
    14a4:	1a00                	c.addi4spn	x8,x2,304
    14a6:	0556                	c.slli	x10,0x15
    14a8:	0000                	c.unimp
    14aa:	04de060b          	0x4de060b
    14ae:	0000                	c.unimp
    14b0:	0305                	c.addi	x6,1
    14b2:	3100                	c.fld	f8,32(x10)
    14b4:	8000                	0x8000
    14b6:	861a                	c.mv	x12,x6
    14b8:	0005                	c.addi	x0,1
    14ba:	0d00                	c.addi4spn	x8,x2,656
    14bc:	0004b207          	fld	f4,0(x9) # 4000 <_start-0x7fffc000>
    14c0:	0500                	c.addi4spn	x8,x2,640
    14c2:	0035f803          	0x35f803
    14c6:	2680                	c.fld	f8,8(x13)
    14c8:	00757063          	bgeu	x10,x7,14c8 <_start-0x7fffeb38>
    14cc:	0f01                	c.addi	x30,0
    14ce:	b705                	c.j	13ee <_start-0x7fffec12>
    14d0:	0004                	0x4
    14d2:	0500                	c.addi4spn	x8,x2,640
    14d4:	00356003          	0x356003
    14d8:	0680                	c.addi4spn	x8,x2,832
    14da:	0484                	c.addi4spn	x9,x2,576
    14dc:	0000                	c.unimp
    14de:	7404                	c.flw	f9,40(x8)
    14e0:	0538                	c.addi4spn	x14,x2,648
    14e2:	0000                	c.unimp
    14e4:	3802                	c.fldsp	f16,32(x2)
    14e6:	0005                	c.addi	x0,1
    14e8:	0200                	c.addi4spn	x8,x2,256
    14ea:	0538                	c.addi4spn	x14,x2,648
    14ec:	0000                	c.unimp
    14ee:	0500                	c.addi4spn	x8,x2,640
    14f0:	0246                	c.slli	x4,0x11
    14f2:	0000                	c.unimp
    14f4:	00041b0f          	0x41b0f
    14f8:	0200                	c.addi4spn	x8,x2,256
    14fa:	0821                	c.addi	x16,8
    14fc:	0026                	c.slli	x0,0x9
    14fe:	0000                	c.unimp
    1500:	0558                	c.addi4spn	x14,x2,644
    1502:	0000                	c.unimp
    1504:	2602                	c.fldsp	f12,0(x2)
    1506:	0000                	c.unimp
    1508:	0200                	c.addi4spn	x8,x2,256
    150a:	0026                	c.slli	x0,0x9
    150c:	0000                	c.unimp
    150e:	1b00                	c.addi4spn	x8,x2,432
    1510:	04a4                	c.addi4spn	x9,x2,584
    1512:	0000                	c.unimp
    1514:	00056407          	0x56407
    1518:	0d00                	c.addi4spn	x8,x2,656
    151a:	0600                	c.addi4spn	x8,x2,768
    151c:	024c                	c.addi4spn	x11,x2,260
    151e:	0000                	c.unimp
    1520:	05752803          	lw	x16,87(x10)
    1524:	0000                	c.unimp
    1526:	a202                	c.fsdsp	f0,256(x2)
    1528:	00000003          	lb	x0,0(x0) # 0 <_start-0x80000000>
    152c:	0004df1b          	0x4df1b
    1530:	0900                	c.addi4spn	x8,x2,144
    1532:	0581                	c.addi	x11,0
    1534:	0000                	c.unimp
    1536:	000d                	c.addi	x0,3
    1538:	fb06                	c.fswsp	f1,180(x2)
    153a:	0001                	c.addi	x0,0
    153c:	0300                	c.addi4spn	x8,x2,384
    153e:	a12a                	c.fsdsp	f10,128(x2)
    1540:	0005                	c.addi	x0,1
    1542:	0200                	c.addi4spn	x8,x2,256
    1544:	03a2                	c.slli	x7,0x8
    1546:	0000                	c.unimp
    1548:	2602                	c.fldsp	f12,0(x2)
    154a:	0000                	c.unimp
    154c:	0200                	c.addi4spn	x8,x2,256
    154e:	0026                	c.slli	x0,0x9
    1550:	0000                	c.unimp
    1552:	9b02                	c.jalr	x22
    1554:	00000003          	lb	x0,0(x0) # 0 <_start-0x80000000>
    1558:	0005a40f          	0x5a40f
    155c:	0600                	c.addi4spn	x8,x2,768
    155e:	05b7112f          	0x5b7112f
    1562:	0000                	c.unimp
    1564:	000005b7          	lui	x11,0x0
    1568:	ce02                	c.swsp	x0,28(x2)
    156a:	0004                	0x4
    156c:	0000                	c.unimp
    156e:	7105                	c.addi16sp	x2,-480
    1570:	0004                	0x4
    1572:	0f00                	c.addi4spn	x8,x2,912
    1574:	03f6                	c.slli	x7,0x1d
    1576:	0000                	c.unimp
    1578:	1702                	c.slli	x14,0x20
    157a:	9b05                	c.andi	x14,-31
    157c:	d7000003          	lb	x0,-656(x0) # fffffd70 <_stack_top+0x77fffd70>
    1580:	0005                	c.addi	x0,1
    1582:	0200                	c.addi4spn	x8,x2,256
    1584:	04ce                	c.slli	x9,0x13
    1586:	0000                	c.unimp
    1588:	ce02                	c.swsp	x0,28(x2)
    158a:	0004                	0x4
    158c:	0000                	c.unimp
    158e:	7206                	c.flwsp	f4,96(x2)
    1590:	03000003          	lb	x0,48(x0) # 30 <_start-0x7fffffd0>
    1594:	f724                	c.fsw	f9,104(x14)
    1596:	0005                	c.addi	x0,1
    1598:	0200                	c.addi4spn	x8,x2,256
    159a:	03a2                	c.slli	x7,0x8
    159c:	0000                	c.unimp
    159e:	a202                	c.fsdsp	f0,256(x2)
    15a0:	02000003          	lb	x0,32(x0) # 20 <_start-0x7fffffe0>
    15a4:	0026                	c.slli	x0,0x9
    15a6:	0000                	c.unimp
    15a8:	2602                	c.fldsp	f12,0(x2)
    15aa:	0000                	c.unimp
    15ac:	0000                	c.unimp
    15ae:	4e06                	c.lwsp	x28,64(x2)
    15b0:	0002                	c.slli64	x0
    15b2:	0300                	c.addi4spn	x8,x2,384
    15b4:	1720                	c.addi4spn	x8,x2,936
    15b6:	0006                	c.slli	x0,0x1
    15b8:	0200                	c.addi4spn	x8,x2,256
    15ba:	03a2                	c.slli	x7,0x8
    15bc:	0000                	c.unimp
    15be:	2602                	c.fldsp	f12,0(x2)
    15c0:	0000                	c.unimp
    15c2:	0200                	c.addi4spn	x8,x2,256
    15c4:	0000039b          	0x39b
    15c8:	9b02                	c.jalr	x22
    15ca:	00000003          	lb	x0,0(x0) # 0 <_start-0x80000000>
    15ce:	0003520f          	0x3520f
    15d2:	0300                	c.addi4spn	x8,x2,384
    15d4:	0538                	c.addi4spn	x14,x2,648
    15d6:	0000039b          	0x39b
    15da:	062d                	c.addi	x12,11
    15dc:	0000                	c.unimp
    15de:	ce02                	c.swsp	x0,28(x2)
    15e0:	0004                	0x4
    15e2:	0000                	c.unimp
    15e4:	2906                	c.fldsp	f18,64(x2)
    15e6:	0004                	0x4
    15e8:	0200                	c.addi4spn	x8,x2,256
    15ea:	4315                	c.li	x6,5
    15ec:	0006                	c.slli	x0,0x1
    15ee:	0200                	c.addi4spn	x8,x2,256
    15f0:	04ce                	c.slli	x9,0x13
    15f2:	0000                	c.unimp
    15f4:	ce02                	c.swsp	x0,28(x2)
    15f6:	0004                	0x4
    15f8:	0000                	c.unimp
    15fa:	b906                	c.fsdsp	f1,176(x2)
    15fc:	0001                	c.addi	x0,0
    15fe:	0200                	c.addi4spn	x8,x2,256
    1600:	00065e0f          	0x65e0f
    1604:	0200                	c.addi4spn	x8,x2,256
    1606:	04ce                	c.slli	x9,0x13
    1608:	0000                	c.unimp
    160a:	ce02                	c.swsp	x0,28(x2)
    160c:	0004                	0x4
    160e:	0200                	c.addi4spn	x8,x2,256
    1610:	0026                	c.slli	x0,0x9
    1612:	0000                	c.unimp
    1614:	0600                	c.addi4spn	x8,x2,768
    1616:	0000012b          	0x12b
    161a:	06742e03          	lw	x28,103(x8)
    161e:	0000                	c.unimp
    1620:	a202                	c.fsdsp	f0,256(x2)
    1622:	02000003          	lb	x0,32(x0) # 20 <_start-0x7fffffe0>
    1626:	03a2                	c.slli	x7,0x8
    1628:	0000                	c.unimp
    162a:	0600                	c.addi4spn	x8,x2,768
    162c:	00000387          	0x387
    1630:	068a2c03          	lw	x24,104(x20) # 26115e <_start-0x7fd9eea2>
    1634:	0000                	c.unimp
    1636:	a202                	c.fsdsp	f0,256(x2)
    1638:	02000003          	lb	x0,32(x0) # 20 <_start-0x7fffffe0>
    163c:	03a2                	c.slli	x7,0x8
    163e:	0000                	c.unimp
    1640:	1c00                	c.addi4spn	x8,x2,560
    1642:	0000032f          	0x32f
    1646:	9a1e                	c.add	x20,x7
    1648:	0006                	c.slli	x0,0x1
    164a:	9a00                	0x9a00
    164c:	0006                	c.slli	x0,0x1
    164e:	0d00                	c.addi4spn	x8,x2,656
    1650:	0500                	c.addi4spn	x8,x2,640
    1652:	005e                	c.slli	x0,0x17
    1654:	0000                	c.unimp
    1656:	b01c                	c.fsd	f15,32(x8)
    1658:	0002                	c.slli64	x0
    165a:	1c00                	c.addi4spn	x8,x2,560
    165c:	069a                	c.slli	x13,0x6
    165e:	0000                	c.unimp
    1660:	000006af          	0x6af
    1664:	000d                	c.addi	x0,3
    1666:	00052527          	fsw	f0,10(x10)
    166a:	0100                	c.addi4spn	x8,x2,128
    166c:	0179                	c.addi	x2,30
    166e:	f806                	c.fswsp	f1,48(x2)
    1670:	001e                	c.slli	x0,0x7
    1672:	1080                	c.addi4spn	x8,x2,96
    1674:	0000                	c.unimp
    1676:	0100                	c.addi4spn	x8,x2,128
    1678:	289c                	c.fld	f15,16(x9)
    167a:	0545                	c.addi	x10,17
    167c:	0000                	c.unimp
    167e:	3e01                	c.jal	118e <_start-0x7fffee72>
    1680:	0501                	c.addi	x10,0
    1682:	0000039b          	0x39b
    1686:	1dd8                	c.addi4spn	x14,x2,756
    1688:	8000                	0x8000
    168a:	0120                	c.addi4spn	x8,x2,136
    168c:	0000                	c.unimp
    168e:	9c01                	0x9c01
    1690:	0759                	c.addi	x14,22
    1692:	0000                	c.unimp
    1694:	7410                	c.flw	f12,40(x8)
    1696:	3e000007          	0x3e000007
    169a:	1301                	c.addi	x6,-32
    169c:	03a2                	c.slli	x7,0x8
    169e:	0000                	c.unimp
    16a0:	9102                	c.jalr	x2
    16a2:	114c                	c.addi4spn	x11,x2,164
    16a4:	0535                	c.addi	x10,13
    16a6:	0000                	c.unimp
    16a8:	0140                	c.addi4spn	x8,x2,132
    16aa:	0004b20b          	0x4b20b
    16ae:	0200                	c.addi4spn	x8,x2,256
    16b0:	6491                	c.lui	x9,0x4
    16b2:	9e11                	0x9e11
    16b4:	0005                	c.addi	x0,1
    16b6:	4100                	c.lw	x8,0(x10)
    16b8:	0b01                	c.addi	x22,0
    16ba:	04b2                	c.slli	x9,0xc
    16bc:	0000                	c.unimp
    16be:	9102                	c.jalr	x2
    16c0:	1160                	c.addi4spn	x8,x2,172
    16c2:	0000056b          	0x56b
    16c6:	9b090143          	fmadd.d	f2,f18,f16,f19,rne
    16ca:	02000003          	lb	x0,32(x0) # 20 <_start-0x7fffffe0>
    16ce:	6c91                	c.lui	x25,0x4
    16d0:	6469700b          	0x6469700b
    16d4:	4300                	c.lw	x8,0(x14)
    16d6:	1201                	c.addi	x4,-32
    16d8:	0000039b          	0x39b
    16dc:	9102                	c.jalr	x2
    16de:	075c                	c.addi4spn	x15,x2,900
    16e0:	1df8                	c.addi4spn	x14,x2,764
    16e2:	8000                	0x8000
    16e4:	00d0                	c.addi4spn	x12,x2,68
    16e6:	0000                	c.unimp
    16e8:	4800690b          	0x4800690b
    16ec:	1101                	c.addi	x2,-32
    16ee:	0000039b          	0x39b
    16f2:	9102                	c.jalr	x2
    16f4:	0768                	c.addi4spn	x10,x2,908
    16f6:	1e60                	c.addi4spn	x8,x2,828
    16f8:	8000                	0x8000
    16fa:	0050                	c.addi4spn	x12,x2,4
    16fc:	0000                	c.unimp
    16fe:	2529                	c.jal	1d08 <_start-0x7fffe2f8>
    1700:	0005                	c.addi	x0,1
    1702:	0100                	c.addi4spn	x8,x2,128
    1704:	015e                	c.slli	x2,0x17
    1706:	9b15                	c.andi	x14,-27
    1708:	0d000003          	lb	x0,208(x0) # d0 <_start-0x7fffff30>
    170c:	0000                	c.unimp
    170e:	0000                	c.unimp
    1710:	0004fd13          	andi	x26,x9,0
    1714:	3000                	c.fld	f8,32(x8)
    1716:	7001                	c.lui	x0,0xfffe0
    1718:	001d                	c.addi	x0,7
    171a:	6880                	c.flw	f8,16(x9)
    171c:	0000                	c.unimp
    171e:	0100                	c.addi4spn	x8,x2,128
    1720:	8b9c                	0x8b9c
    1722:	10000007          	0x10000007
    1726:	0284                	c.addi4spn	x9,x2,320
    1728:	0000                	c.unimp
    172a:	0130                	c.addi4spn	x12,x2,136
    172c:	00039913          	slli	x18,x7,0x0
    1730:	0200                	c.addi4spn	x8,x2,256
    1732:	5c91                	c.li	x25,-28
    1734:	3200700b          	0x3200700b
    1738:	0b01                	c.addi	x22,0
    173a:	04b2                	c.slli	x9,0xc
    173c:	0000                	c.unimp
    173e:	9102                	c.jalr	x2
    1740:	006c                	c.addi4spn	x11,x2,12
    1742:	0005d913          	srli	x18,x11,0x0
    1746:	2200                	c.fld	f8,0(x12)
    1748:	9801                	c.andi	x8,-32
    174a:	001c                	0x1c
    174c:	d880                	c.sw	x8,48(x9)
    174e:	0000                	c.unimp
    1750:	0100                	c.addi4spn	x8,x2,128
    1752:	c79c                	c.sw	x15,8(x15)
    1754:	10000007          	0x10000007
    1758:	0284                	c.addi4spn	x9,x2,320
    175a:	0000                	c.unimp
    175c:	0122                	c.slli	x2,0x8
    175e:	9914                	0x9914
    1760:	02000003          	lb	x0,32(x0) # 20 <_start-0x7fffffe0>
    1764:	5c91                	c.li	x25,-28
    1766:	001cb007          	fld	f0,1(x25) # 4001 <_start-0x7fffbfff>
    176a:	a480                	c.fsd	f8,8(x9)
    176c:	0000                	c.unimp
    176e:	0b00                	c.addi4spn	x8,x2,400
    1770:	0069                	c.addi	x0,26
    1772:	0124                	c.addi4spn	x9,x2,136
    1774:	9b0d                	c.andi	x14,-29
    1776:	02000003          	lb	x0,32(x0) # 20 <_start-0x7fffffe0>
    177a:	6c91                	c.lui	x25,0x4
    177c:	0000                	c.unimp
    177e:	0004f713          	andi	x14,x9,0
    1782:	1000                	c.addi4spn	x8,x2,32
    1784:	2401                	c.jal	1984 <_start-0x7fffe67c>
    1786:	001c                	0x1c
    1788:	7480                	c.flw	f8,40(x9)
    178a:	0000                	c.unimp
    178c:	0100                	c.addi4spn	x8,x2,128
    178e:	f99c                	c.fsw	f15,48(x11)
    1790:	10000007          	0x10000007
    1794:	0380                	c.addi4spn	x8,x2,448
    1796:	0000                	c.unimp
    1798:	0110                	c.addi4spn	x12,x2,128
    179a:	9b10                	0x9b10
    179c:	02000003          	lb	x0,32(x0) # 20 <_start-0x7fffffe0>
    17a0:	5c91                	c.li	x25,-28
    17a2:	1300700b          	0x1300700b
    17a6:	0b01                	c.addi	x22,0
    17a8:	04b2                	c.slli	x9,0xc
    17aa:	0000                	c.unimp
    17ac:	9102                	c.jalr	x2
    17ae:	006c                	c.addi4spn	x11,x2,12
    17b0:	3314                	c.fld	f13,32(x14)
    17b2:	0005                	c.addi	x0,1
    17b4:	ff00                	c.fsw	f8,56(x14)
    17b6:	1b64                	c.addi4spn	x9,x2,444
    17b8:	8000                	0x8000
    17ba:	00c0                	c.addi4spn	x8,x2,68
    17bc:	0000                	c.unimp
    17be:	9c01                	0x9c01
    17c0:	0840                	c.addi4spn	x8,x2,20
    17c2:	0000                	c.unimp
    17c4:	7015                	c.lui	x0,0xfffe5
    17c6:	ff00                	c.fsw	f8,56(x14)
    17c8:	b215                	c.j	10ec <_start-0x7fffef14>
    17ca:	0004                	0x4
    17cc:	0200                	c.addi4spn	x8,x2,256
    17ce:	5c91                	c.li	x25,-28
    17d0:	9f11                	0x9f11
    17d2:	0004                	0x4
    17d4:	0100                	c.addi4spn	x8,x2,128
    17d6:	0901                	c.addi	x18,0
    17d8:	0000039b          	0x39b
    17dc:	9102                	c.jalr	x2
    17de:	0768                	c.addi4spn	x10,x2,908
    17e0:	1b84                	c.addi4spn	x9,x2,496
    17e2:	8000                	0x8000
    17e4:	0088                	c.addi4spn	x10,x2,64
    17e6:	0000                	c.unimp
    17e8:	0300690b          	0x300690b
    17ec:	1001                	c.addi	x0,-32
    17ee:	0026                	c.slli	x0,0x9
    17f0:	0000                	c.unimp
    17f2:	9102                	c.jalr	x2
    17f4:	006c                	c.addi4spn	x11,x2,12
    17f6:	1200                	c.addi4spn	x8,x2,288
    17f8:	000001a3          	sb	x0,3(x0) # 3 <_start-0x7ffffffd>
    17fc:	05f9                	c.addi	x11,30
    17fe:	0000039b          	0x39b
    1802:	1b3c                	c.addi4spn	x15,x2,440
    1804:	8000                	0x8000
    1806:	0028                	c.addi4spn	x10,x2,8
    1808:	0000                	c.unimp
    180a:	9c01                	0x9c01
    180c:	0866                	c.slli	x16,0x19
    180e:	0000                	c.unimp
    1810:	7015                	c.lui	x0,0xfffe5
    1812:	f900                	c.fsw	f8,48(x10)
    1814:	b212                	c.fsdsp	f4,288(x2)
    1816:	0004                	0x4
    1818:	0200                	c.addi4spn	x8,x2,256
    181a:	6c91                	c.lui	x25,0x4
    181c:	1d00                	c.addi4spn	x8,x2,688
    181e:	05b8                	c.addi4spn	x14,x2,712
    1820:	0000                	c.unimp
    1822:	07ec                	c.addi4spn	x11,x2,972
    1824:	1ad8                	c.addi4spn	x14,x2,372
    1826:	8000                	0x8000
    1828:	0064                	c.addi4spn	x9,x2,12
    182a:	0000                	c.unimp
    182c:	9c01                	0x9c01
    182e:	0888                	c.addi4spn	x10,x2,80
    1830:	0000                	c.unimp
    1832:	7008                	c.flw	f10,32(x8)
    1834:	ee00                	c.fsw	f8,24(x12)
    1836:	0004b20b          	0x4b20b
    183a:	0200                	c.addi4spn	x8,x2,256
    183c:	6c91                	c.lui	x25,0x4
    183e:	1d00                	c.addi4spn	x8,x2,688
    1840:	0000045b          	0x45b
    1844:	06dd                	c.addi	x13,23
    1846:	1a60                	c.addi4spn	x8,x2,316
    1848:	8000                	0x8000
    184a:	0078                	c.addi4spn	x14,x2,12
    184c:	0000                	c.unimp
    184e:	9c01                	0x9c01
    1850:	08e2                	c.slli	x17,0x18
    1852:	0000                	c.unimp
    1854:	7008                	c.flw	f10,32(x8)
    1856:	e000                	c.fsw	f8,0(x8)
    1858:	0004b20b          	0x4b20b
    185c:	0200                	c.addi4spn	x8,x2,256
    185e:	6c91                	c.lui	x25,0x4
    1860:	0d04                	c.addi4spn	x9,x2,656
    1862:	0004                	0x4
    1864:	e200                	c.fsw	f8,0(x12)
    1866:	260c                	c.fld	f11,8(x12)
    1868:	0000                	c.unimp
    186a:	0200                	c.addi4spn	x8,x2,256
    186c:	6891                	c.lui	x17,0x4
    186e:	9c04                	0x9c04
    1870:	e3000003          	lb	x0,-464(x0) # fffffe30 <_stack_top+0x77fffe30>
    1874:	260c                	c.fld	f11,8(x12)
    1876:	0000                	c.unimp
    1878:	0200                	c.addi4spn	x8,x2,256
    187a:	6491                	c.lui	x9,0x4
    187c:	a304                	c.fsd	f9,0(x14)
    187e:	0002                	c.slli64	x0
    1880:	e400                	c.fsw	f8,8(x8)
    1882:	260c                	c.fld	f11,8(x12)
    1884:	0000                	c.unimp
    1886:	0200                	c.addi4spn	x8,x2,256
    1888:	6091                	c.lui	x1,0x4
    188a:	2e04                	c.fld	f9,24(x12)
    188c:	0005                	c.addi	x0,1
    188e:	e500                	c.fsw	f8,8(x10)
    1890:	260c                	c.fld	f11,8(x12)
    1892:	0000                	c.unimp
    1894:	0200                	c.addi4spn	x8,x2,256
    1896:	5c91                	c.li	x25,-28
    1898:	1400                	c.addi4spn	x8,x2,544
    189a:	0059                	c.addi	x0,22
    189c:	0000                	c.unimp
    189e:	0019f0cf          	fnmadd.s	f1,f19,f1,f0
    18a2:	7080                	c.flw	f8,32(x9)
    18a4:	0000                	c.unimp
    18a6:	0100                	c.addi4spn	x8,x2,128
    18a8:	039c                	c.addi4spn	x15,x2,448
    18aa:	0009                	c.addi	x0,2
    18ac:	0800                	c.addi4spn	x8,x2,16
    18ae:	0070                	c.addi4spn	x12,x2,12
    18b0:	0bd2                	c.slli	x23,0x14
    18b2:	04b2                	c.slli	x9,0xc
    18b4:	0000                	c.unimp
    18b6:	9102                	c.jalr	x2
    18b8:	006c                	c.addi4spn	x11,x2,12
    18ba:	802a                	c.mv	x0,x10
    18bc:	0005                	c.addi	x0,1
    18be:	0100                	c.addi4spn	x8,x2,128
    18c0:	0585                	c.addi	x11,1
    18c2:	0000039b          	0x39b
    18c6:	1730                	c.addi4spn	x12,x2,936
    18c8:	8000                	0x8000
    18ca:	02c0                	c.addi4spn	x8,x2,324
    18cc:	0000                	c.unimp
    18ce:	9c01                	0x9c01
    18d0:	09d5                	c.addi	x19,21
    18d2:	0000                	c.unimp
    18d4:	150e                	c.slli	x10,0x23
    18d6:	0002                	c.slli64	x0
    18d8:	8500                	0x8500
    18da:	ce11                	c.beqz	x12,18f6 <_start-0x7fffe70a>
    18dc:	0004                	0x4
    18de:	0300                	c.addi4spn	x8,x2,384
    18e0:	bc91                	c.j	1334 <_start-0x7fffeccc>
    18e2:	087f                	0x87f
    18e4:	0070                	c.addi4spn	x12,x2,12
    18e6:	04b20b87          	0x4b20b87
    18ea:	0000                	c.unimp
    18ec:	9102                	c.jalr	x2
    18ee:	045c                	c.addi4spn	x15,x2,516
    18f0:	01c8                	c.addi4spn	x10,x2,196
    18f2:	0000                	c.unimp
    18f4:	0b88                	c.addi4spn	x10,x2,464
    18f6:	069a                	c.slli	x13,0x6
    18f8:	0000                	c.unimp
    18fa:	9102                	c.jalr	x2
    18fc:	0458                	c.addi4spn	x14,x2,516
    18fe:	000004b3          	add	x9,x0,x0
    1902:	0b89                	c.addi	x23,2
    1904:	069a                	c.slli	x13,0x6
    1906:	0000                	c.unimp
    1908:	9102                	c.jalr	x2
    190a:	046c                	c.addi4spn	x11,x2,524
    190c:	05ad                	c.addi	x11,11
    190e:	0000                	c.unimp
    1910:	118c                	c.addi4spn	x11,x2,224
    1912:	09d5                	c.addi	x19,21
    1914:	0000                	c.unimp
    1916:	9102                	c.jalr	x2
    1918:	0468                	c.addi4spn	x10,x2,524
    191a:	04e8                	c.addi4spn	x10,x2,588
    191c:	0000                	c.unimp
    191e:	00260ca7          	0x260ca7
    1922:	0000                	c.unimp
    1924:	9102                	c.jalr	x2
    1926:	0454                	c.addi4spn	x13,x2,516
    1928:	000005e7          	jalr	x11,0(x0) # 0 <_start-0x80000000>
    192c:	12a8                	c.addi4spn	x10,x2,360
    192e:	0032                	c.slli	x0,0xc
    1930:	0000                	c.unimp
    1932:	9102                	c.jalr	x2
    1934:	0450                	c.addi4spn	x12,x2,516
    1936:	05d2                	c.slli	x11,0x14
    1938:	0000                	c.unimp
    193a:	0bb5                	c.addi	x23,13
    193c:	069a                	c.slli	x13,0x6
    193e:	0000                	c.unimp
    1940:	9102                	c.jalr	x2
    1942:	2b4c                	c.fld	f11,144(x14)
    1944:	17a8                	c.addi4spn	x10,x2,1000
    1946:	8000                	0x8000
    1948:	005c                	c.addi4spn	x15,x2,4
    194a:	0000                	c.unimp
    194c:	09a6                	c.slli	x19,0x9
    194e:	0000                	c.unimp
    1950:	6908                	c.flw	f10,16(x10)
    1952:	9500                	0x9500
    1954:	9b0d                	c.andi	x14,-29
    1956:	02000003          	lb	x0,32(x0) # 20 <_start-0x7fffffe0>
    195a:	6491                	c.lui	x9,0x4
    195c:	0700                	c.addi4spn	x8,x2,896
    195e:	1850                	c.addi4spn	x12,x2,52
    1960:	8000                	0x8000
    1962:	008c                	c.addi4spn	x11,x2,64
    1964:	0000                	c.unimp
    1966:	6908                	c.flw	f10,16(x10)
    1968:	a900                	c.fsd	f8,16(x10)
    196a:	9b0d                	c.andi	x14,-29
    196c:	02000003          	lb	x0,32(x0) # 20 <_start-0x7fffffe0>
    1970:	6091                	c.lui	x1,0x4
    1972:	00185807          	0x185807
    1976:	6880                	c.flw	f8,16(x9)
    1978:	0000                	c.unimp
    197a:	0400                	c.addi4spn	x8,x2,512
    197c:	0000054b          	fnmsub.s	f10,f0,f0,f0,rne
    1980:	19ac                	c.addi4spn	x11,x2,248
    1982:	000005b7          	lui	x11,0x0
    1986:	9102                	c.jalr	x2
    1988:	0048                	c.addi4spn	x10,x2,4
    198a:	0000                	c.unimp
    198c:	1605                	c.addi	x12,-31
    198e:	0004                	0x4
    1990:	1400                	c.addi4spn	x8,x2,544
    1992:	048a                	c.slli	x9,0x2
    1994:	0000                	c.unimp
    1996:	00165877          	0x165877
    199a:	d880                	c.sw	x8,48(x9)
    199c:	0000                	c.unimp
    199e:	0100                	c.addi4spn	x8,x2,128
    19a0:	339c                	c.fld	f15,32(x15)
    19a2:	000a                	c.slli	x0,0x2
    19a4:	0e00                	c.addi4spn	x8,x2,784
    19a6:	0000054b          	fnmsub.s	f10,f0,f0,f0,rne
    19aa:	05b72b77          	0x5b72b77
    19ae:	0000                	c.unimp
    19b0:	9102                	c.jalr	x2
    19b2:	0e5c                	c.addi4spn	x15,x2,788
    19b4:	0438                	c.addi4spn	x14,x2,520
    19b6:	0000                	c.unimp
    19b8:	03a23f77          	0x3a23f77
    19bc:	0000                	c.unimp
    19be:	9102                	c.jalr	x2
    19c0:	1558                	c.addi4spn	x14,x2,676
    19c2:	0070                	c.addi4spn	x12,x2,12
    19c4:	04b25077          	0x4b25077
    19c8:	0000                	c.unimp
    19ca:	9102                	c.jalr	x2
    19cc:	0454                	c.addi4spn	x13,x2,516
    19ce:	0000044f          	fnmadd.s	f8,f0,f0,f0,rne
    19d2:	0c7a                	c.slli	x24,0x1e
    19d4:	0026                	c.slli	x0,0x9
    19d6:	0000                	c.unimp
    19d8:	9102                	c.jalr	x2
    19da:	046c                	c.addi4spn	x11,x2,524
    19dc:	0472                	c.slli	x8,0x1c
    19de:	0000                	c.unimp
    19e0:	00260c7b          	0x260c7b
    19e4:	0000                	c.unimp
    19e6:	9102                	c.jalr	x2
    19e8:	0068                	c.addi4spn	x10,x2,12
    19ea:	e11e                	c.fswsp	f7,128(x2)
    19ec:	0005                	c.addi	x0,1
    19ee:	5300                	c.lw	x8,32(x14)
    19f0:	9b05                	c.andi	x14,-31
    19f2:	28000003          	lb	x0,640(x0) # 280 <_start-0x7ffffd80>
    19f6:	0015                	c.addi	x0,5
    19f8:	3080                	c.fld	f8,32(x9)
    19fa:	0001                	c.addi	x0,0
    19fc:	0100                	c.addi4spn	x8,x2,128
    19fe:	779c                	c.flw	f15,40(x15)
    1a00:	000a                	c.slli	x0,0x2
    1a02:	0400                	c.addi4spn	x8,x2,512
    1a04:	0535                	c.addi	x10,13
    1a06:	0000                	c.unimp
    1a08:	0b55                	c.addi	x22,21
    1a0a:	04b2                	c.slli	x9,0xc
    1a0c:	0000                	c.unimp
    1a0e:	9102                	c.jalr	x2
    1a10:	046c                	c.addi4spn	x11,x2,524
    1a12:	059e                	c.slli	x11,0x7
    1a14:	0000                	c.unimp
    1a16:	0b56                	c.slli	x22,0x15
    1a18:	04b2                	c.slli	x9,0xc
    1a1a:	0000                	c.unimp
    1a1c:	9102                	c.jalr	x2
    1a1e:	0468                	c.addi4spn	x10,x2,524
    1a20:	01c8                	c.addi4spn	x10,x2,196
    1a22:	0000                	c.unimp
    1a24:	0b5a                	c.slli	x22,0x16
    1a26:	069a                	c.slli	x13,0x6
    1a28:	0000                	c.unimp
    1a2a:	9102                	c.jalr	x2
    1a2c:	0064                	c.addi4spn	x9,x2,12
    1a2e:	041e                	c.slli	x8,0x7
    1a30:	0005                	c.addi	x0,1
    1a32:	3d00                	c.fld	f8,56(x10)
    1a34:	0004b207          	fld	f4,0(x9) # 4000 <_start-0x7fffc000>
    1a38:	1000                	c.addi4spn	x8,x2,32
    1a3a:	0014                	0x14
    1a3c:	1880                	c.addi4spn	x8,x2,112
    1a3e:	0001                	c.addi	x0,0
    1a40:	0100                	c.addi4spn	x8,x2,128
    1a42:	bf9c                	c.fsd	f15,56(x15)
    1a44:	000a                	c.slli	x0,0x2
    1a46:	0700                	c.addi4spn	x8,x2,896
    1a48:	1420                	c.addi4spn	x8,x2,552
    1a4a:	8000                	0x8000
    1a4c:	00f0                	c.addi4spn	x12,x2,76
    1a4e:	0000                	c.unimp
    1a50:	6908                	c.flw	f10,16(x10)
    1a52:	3f00                	c.fld	f8,56(x14)
    1a54:	9b0d                	c.andi	x14,-29
    1a56:	02000003          	lb	x0,32(x0) # 20 <_start-0x7fffffe0>
    1a5a:	6c91                	c.lui	x25,0x4
    1a5c:	00145007          	0x145007
    1a60:	a880                	c.fsd	f8,16(x9)
    1a62:	0000                	c.unimp
    1a64:	0400                	c.addi4spn	x8,x2,512
    1a66:	013e                	c.slli	x2,0xf
    1a68:	0000                	c.unimp
    1a6a:	1346                	c.slli	x6,0x31
    1a6c:	069a                	c.slli	x13,0x6
    1a6e:	0000                	c.unimp
    1a70:	9102                	c.jalr	x2
    1a72:	0068                	c.addi4spn	x10,x2,12
    1a74:	0000                	c.unimp
    1a76:	f42c                	c.fsw	f11,104(x8)
    1a78:	0000                	c.unimp
    1a7a:	0100                	c.addi4spn	x8,x2,128
    1a7c:	0631                	c.addi	x12,12
    1a7e:	1364                	c.addi4spn	x9,x2,428
    1a80:	8000                	0x8000
    1a82:	00ac                	c.addi4spn	x11,x2,72
    1a84:	0000                	c.unimp
    1a86:	9c01                	0x9c01
    1a88:	0afa                	c.slli	x21,0x1e
    1a8a:	0000                	c.unimp
    1a8c:	3c04                	c.fld	f9,56(x8)
    1a8e:	0005                	c.addi	x0,1
    1a90:	3300                	c.fld	f8,32(x14)
    1a92:	3712                	c.fldsp	f14,288(x2)
    1a94:	0000                	c.unimp
    1a96:	0200                	c.addi4spn	x8,x2,256
    1a98:	6891                	c.lui	x17,0x4
    1a9a:	00137807          	0x137807
    1a9e:	8480                	0x8480
    1aa0:	0000                	c.unimp
    1aa2:	0800                	c.addi4spn	x8,x2,16
    1aa4:	0069                	c.addi	x0,26
    1aa6:	0d34                	c.addi4spn	x13,x2,664
    1aa8:	0000039b          	0x39b
    1aac:	9102                	c.jalr	x2
    1aae:	006c                	c.addi4spn	x11,x2,12
    1ab0:	1200                	c.addi4spn	x8,x2,288
    1ab2:	0000051b          	0x51b
    1ab6:	0529                	c.addi	x10,10
    1ab8:	0000039b          	0x39b
    1abc:	132c                	c.addi4spn	x11,x2,424
    1abe:	8000                	0x8000
    1ac0:	0038                	c.addi4spn	x14,x2,8
    1ac2:	0000                	c.unimp
    1ac4:	9c01                	0x9c01
    1ac6:	0b25                	c.addi	x22,9
    1ac8:	0000                	c.unimp
    1aca:	7404                	c.flw	f9,40(x8)
    1acc:	0005                	c.addi	x0,1
    1ace:	2b00                	c.fld	f8,16(x14)
    1ad0:	9b10                	0x9b10
    1ad2:	05000003          	lb	x0,80(x0) # 50 <_start-0x7fffffb0>
    1ad6:	00300003          	lb	x0,3(x0) # 3 <_start-0x7ffffffd>
    1ada:	0080                	c.addi4spn	x8,x2,64
    1adc:	d012                	c.swsp	x4,32(x2)
    1ade:	0004                	0x4
    1ae0:	2200                	c.fld	f8,0(x12)
    1ae2:	2608                	c.fld	f10,8(x12)
    1ae4:	0000                	c.unimp
    1ae6:	e400                	c.fsw	f8,8(x8)
    1ae8:	0012                	c.slli	x0,0x4
    1aea:	4880                	c.lw	x8,16(x9)
    1aec:	0000                	c.unimp
    1aee:	0100                	c.addi4spn	x8,x2,128
    1af0:	4d9c                	c.lw	x15,24(x11)
    1af2:	0e00000b          	0xe00000b
    1af6:	00000477          	0x477
    1afa:	1e22                	c.slli	x28,0x28
    1afc:	0026                	c.slli	x0,0x9
    1afe:	0000                	c.unimp
    1b00:	9102                	c.jalr	x2
    1b02:	006c                	c.addi4spn	x11,x2,12
    1b04:	bf12                	c.fsdsp	f4,440(x2)
    1b06:	0005                	c.addi	x0,1
    1b08:	1700                	c.addi4spn	x8,x2,928
    1b0a:	2608                	c.fld	f10,8(x12)
    1b0c:	0000                	c.unimp
    1b0e:	9000                	0x9000
    1b10:	0012                	c.slli	x0,0x4
    1b12:	5480                	c.lw	x8,40(x9)
    1b14:	0000                	c.unimp
    1b16:	0100                	c.addi4spn	x8,x2,128
    1b18:	759c                	c.flw	f15,40(x11)
    1b1a:	0e00000b          	0xe00000b
    1b1e:	00000477          	0x477
    1b22:	00261c17          	auipc	x24,0x261
    1b26:	0000                	c.unimp
    1b28:	9102                	c.jalr	x2
    1b2a:	006c                	c.addi4spn	x11,x2,12
    1b2c:	8b2d                	c.andi	x14,11
    1b2e:	0001                	c.addi	x0,0
    1b30:	0100                	c.addi4spn	x8,x2,128
    1b32:	0711                	c.addi	x14,4
    1b34:	04b2                	c.slli	x9,0xc
    1b36:	0000                	c.unimp
    1b38:	1268                	c.addi4spn	x10,x2,300
    1b3a:	8000                	0x8000
    1b3c:	0028                	c.addi4spn	x10,x2,8
    1b3e:	0000                	c.unimp
    1b40:	9c01                	0x9c01
    1b42:	ac00                	c.fsd	f8,24(x8)
    1b44:	0000                	c.unimp
    1b46:	0500                	c.addi4spn	x8,x2,640
    1b48:	0100                	c.addi4spn	x8,x2,128
    1b4a:	c004                	c.sw	x9,0(x8)
    1b4c:	02000007          	0x2000007
    1b50:	0089                	c.addi	x1,2
    1b52:	0000                	c.unimp
    1b54:	961d                	c.srai	x12,0x27
    1b56:	0000                	c.unimp
    1b58:	0000                	c.unimp
    1b5a:	0000                	c.unimp
    1b5c:	0800                	c.addi4spn	x8,x2,16
    1b5e:	001f b880 0000      	0xb880001f
    1b64:	5a00                	c.lw	x8,48(x12)
    1b66:	03000017          	auipc	x0,0x3000
    1b6a:	000002f3          	0x2f3
    1b6e:	0702                	c.slli64	x14
    1b70:	3216                	c.fldsp	f4,352(x2)
    1b72:	0000                	c.unimp
    1b74:	0400                	c.addi4spn	x8,x2,512
    1b76:	0704                	c.addi4spn	x9,x2,896
    1b78:	004c                	c.addi4spn	x11,x2,4
    1b7a:	0000                	c.unimp
    1b7c:	2605                	c.jal	1e9c <_start-0x7fffe164>
    1b7e:	0000                	c.unimp
    1b80:	4900                	c.lw	x8,16(x10)
    1b82:	0000                	c.unimp
    1b84:	0600                	c.addi4spn	x8,x2,768
    1b86:	0032                	c.slli	x0,0xc
    1b88:	0000                	c.unimp
    1b8a:	0004                	0x4
    1b8c:	1001                	c.addi	x0,-32
    1b8e:	0006                	c.slli	x0,0x1
    1b90:	0700                	c.addi4spn	x8,x2,896
    1b92:	0039                	c.addi	x0,14
    1b94:	0000                	c.unimp
    1b96:	0305                	c.addi	x6,1
    1b98:	35a0                	c.fld	f8,104(x11)
    1b9a:	8000                	0x8000
    1b9c:	3101                	c.jal	179c <_start-0x7fffe864>
    1b9e:	0006                	c.slli	x0,0x1
    1ba0:	0900                	c.addi4spn	x8,x2,144
    1ba2:	0026                	c.slli	x0,0x9
    1ba4:	0000                	c.unimp
    1ba6:	0305                	c.addi	x6,1
    1ba8:	35fc                	c.fld	f15,232(x11)
    1baa:	8000                	0x8000
    1bac:	00061e07          	0x61e07
    1bb0:	0300                	c.addi4spn	x8,x2,384
    1bb2:	060c                	c.addi4spn	x11,x2,768
    1bb4:	00000077          	0x77
    1bb8:	0008                	0x8
    1bba:	2709                	c.jal	22bc <_start-0x7fffdd44>
    1bbc:	0006                	c.slli	x0,0x1
    1bbe:	0100                	c.addi4spn	x8,x2,128
    1bc0:	0614                	c.addi4spn	x13,x2,768
    1bc2:	1f40                	c.addi4spn	x8,x2,948
    1bc4:	8000                	0x8000
    1bc6:	0080                	c.addi4spn	x8,x2,64
    1bc8:	0000                	c.unimp
    1bca:	9c01                	0x9c01
    1bcc:	009d                	c.addi	x1,7
    1bce:	0000                	c.unimp
    1bd0:	f70a                	c.fswsp	f2,172(x2)
    1bd2:	0005                	c.addi	x0,1
    1bd4:	0100                	c.addi4spn	x8,x2,128
    1bd6:	0c16                	c.slli	x24,0x5
    1bd8:	0026                	c.slli	x0,0x9
    1bda:	0000                	c.unimp
    1bdc:	9102                	c.jalr	x2
    1bde:	006c                	c.addi4spn	x11,x2,12
    1be0:	0006000b          	0x6000b
    1be4:	0100                	c.addi4spn	x8,x2,128
    1be6:	1f08060b          	0x1f08060b
    1bea:	8000                	0x8000
    1bec:	0038                	c.addi4spn	x14,x2,8
    1bee:	0000                	c.unimp
    1bf0:	9c01                	0x9c01
    1bf2:	5800                	c.lw	x8,48(x8)
    1bf4:	0004                	0x4
    1bf6:	0500                	c.addi4spn	x8,x2,640
    1bf8:	0100                	c.addi4spn	x8,x2,128
    1bfa:	7004                	c.flw	f9,32(x8)
    1bfc:	0008                	0x8
    1bfe:	0c00                	c.addi4spn	x8,x2,528
    1c00:	0089                	c.addi	x1,2
    1c02:	0000                	c.unimp
    1c04:	a61d                	c.j	1f2a <_start-0x7fffe0d6>
    1c06:	0000                	c.unimp
    1c08:	0000                	c.unimp
    1c0a:	0000                	c.unimp
    1c0c:	c000                	c.sw	x8,0(x8)
    1c0e:	001f 0880 0001      	0x10880001f
    1c14:	1c00                	c.addi4spn	x8,x2,560
    1c16:	0018                	0x18
    1c18:	0600                	c.addi4spn	x8,x2,768
    1c1a:	000002f3          	0x2f3
    1c1e:	32160703          	lb	x14,801(x12)
    1c22:	0000                	c.unimp
    1c24:	0700                	c.addi4spn	x8,x2,896
    1c26:	0704                	c.addi4spn	x9,x2,896
    1c28:	004c                	c.addi4spn	x11,x2,4
    1c2a:	0000                	c.unimp
    1c2c:	680d                	c.lui	x16,0x3
    1c2e:	07000003          	lb	x0,112(x0) # 70 <_start-0x7fffff90>
    1c32:	3204                	c.fld	f9,32(x12)
    1c34:	0000                	c.unimp
    1c36:	0200                	c.addi4spn	x8,x2,256
    1c38:	0608                	c.addi4spn	x10,x2,768
    1c3a:	0070                	c.addi4spn	x12,x2,12
    1c3c:	0000                	c.unimp
    1c3e:	0002e303          	0x2e303
    1c42:	0000                	c.unimp
    1c44:	0002e503          	0x2e503
    1c48:	0100                	c.addi4spn	x8,x2,128
    1c4a:	00014803          	lbu	x16,0(x2) # 3d368 <_start-0x7ffc2c98>
    1c4e:	0200                	c.addi4spn	x8,x2,256
    1c50:	00027b03          	0x27b03
    1c54:	0300                	c.addi4spn	x8,x2,384
    1c56:	0002a803          	lw	x16,0(x5)
    1c5a:	0400                	c.addi4spn	x8,x2,512
    1c5c:	00039503          	lh	x10,0(x7) # 0 <_start-0x80000000>
    1c60:	0500                	c.addi4spn	x8,x2,640
    1c62:	0500                	c.addi4spn	x8,x2,640
    1c64:	013e                	c.slli	x2,0xf
    1c66:	0000                	c.unimp
    1c68:	0a90                	c.addi4spn	x12,x2,336
    1c6a:	1008                	c.addi4spn	x10,x2,32
    1c6c:	0002                	c.slli64	x0
    1c6e:	0200                	c.addi4spn	x8,x2,256
    1c70:	000001af          	0x1af
    1c74:	00260a0b          	0x260a0b
    1c78:	0000                	c.unimp
    1c7a:	0200                	c.addi4spn	x8,x2,256
    1c7c:	035c                	c.addi4spn	x15,x2,388
    1c7e:	0000                	c.unimp
    1c80:	0a0c                	c.addi4spn	x11,x2,272
    1c82:	0026                	c.slli	x0,0x9
    1c84:	0000                	c.unimp
    1c86:	0204                	c.addi4spn	x9,x2,256
    1c88:	029c                	c.addi4spn	x15,x2,320
    1c8a:	0000                	c.unimp
    1c8c:	0a0d                	c.addi	x20,3
    1c8e:	0026                	c.slli	x0,0x9
    1c90:	0000                	c.unimp
    1c92:	0108                	c.addi4spn	x10,x2,128
    1c94:	7065                	c.lui	x0,0xffff9
    1c96:	0a0e0063          	beq	x28,x0,1d36 <_start-0x7fffe2ca>
    1c9a:	0026                	c.slli	x0,0x9
    1c9c:	0000                	c.unimp
    1c9e:	020c                	c.addi4spn	x11,x2,256
    1ca0:	021a                	c.slli	x4,0x6
    1ca2:	0000                	c.unimp
    1ca4:	00260a0f          	0x260a0f
    1ca8:	0000                	c.unimp
    1caa:	0110                	c.addi4spn	x12,x2,128
    1cac:	6172                	c.flwsp	f2,28(x2)
    1cae:	1000                	c.addi4spn	x8,x2,32
    1cb0:	260a                	c.fldsp	f12,128(x2)
    1cb2:	0000                	c.unimp
    1cb4:	1400                	c.addi4spn	x8,x2,544
    1cb6:	7301                	c.lui	x6,0xfffe0
    1cb8:	0070                	c.addi4spn	x12,x2,12
    1cba:	0a11                	c.addi	x20,4
    1cbc:	0026                	c.slli	x0,0x9
    1cbe:	0000                	c.unimp
    1cc0:	0118                	c.addi4spn	x14,x2,128
    1cc2:	12007067          	0x12007067
    1cc6:	260a                	c.fldsp	f12,128(x2)
    1cc8:	0000                	c.unimp
    1cca:	1c00                	c.addi4spn	x8,x2,560
    1ccc:	7401                	c.lui	x8,0xfffe0
    1cce:	0070                	c.addi4spn	x12,x2,12
    1cd0:	00260a13          	addi	x20,x12,2
    1cd4:	0000                	c.unimp
    1cd6:	0120                	c.addi4spn	x8,x2,136
    1cd8:	3074                	c.fld	f13,224(x8)
    1cda:	1400                	c.addi4spn	x8,x2,544
    1cdc:	260a                	c.fldsp	f12,128(x2)
    1cde:	0000                	c.unimp
    1ce0:	2400                	c.fld	f8,8(x8)
    1ce2:	7401                	c.lui	x8,0xfffe0
    1ce4:	0031                	c.addi	x0,12
    1ce6:	0a15                	c.addi	x20,5
    1ce8:	0026                	c.slli	x0,0x9
    1cea:	0000                	c.unimp
    1cec:	0128                	c.addi4spn	x10,x2,136
    1cee:	3274                	c.fld	f13,224(x12)
    1cf0:	1600                	c.addi4spn	x8,x2,800
    1cf2:	260a                	c.fldsp	f12,128(x2)
    1cf4:	0000                	c.unimp
    1cf6:	2c00                	c.fld	f8,24(x8)
    1cf8:	7301                	c.lui	x6,0xfffe0
    1cfa:	0030                	c.addi4spn	x12,x2,8
    1cfc:	00260a17          	auipc	x20,0x260
    1d00:	0000                	c.unimp
    1d02:	0130                	c.addi4spn	x12,x2,136
    1d04:	18003173          	csrrc	x2,satp,x0
    1d08:	260a                	c.fldsp	f12,128(x2)
    1d0a:	0000                	c.unimp
    1d0c:	3400                	c.fld	f8,40(x8)
    1d0e:	6101                	0x6101
    1d10:	0030                	c.addi4spn	x12,x2,8
    1d12:	0a19                	c.addi	x20,6
    1d14:	0026                	c.slli	x0,0x9
    1d16:	0000                	c.unimp
    1d18:	0138                	c.addi4spn	x14,x2,136
    1d1a:	3161                	c.jal	19a2 <_start-0x7fffe65e>
    1d1c:	1a00                	c.addi4spn	x8,x2,304
    1d1e:	260a                	c.fldsp	f12,128(x2)
    1d20:	0000                	c.unimp
    1d22:	3c00                	c.fld	f8,56(x8)
    1d24:	6101                	0x6101
    1d26:	0032                	c.slli	x0,0xc
    1d28:	00260a1b          	0x260a1b
    1d2c:	0000                	c.unimp
    1d2e:	0140                	c.addi4spn	x8,x2,132
    1d30:	3361                	c.jal	1ab8 <_start-0x7fffe548>
    1d32:	1c00                	c.addi4spn	x8,x2,560
    1d34:	260a                	c.fldsp	f12,128(x2)
    1d36:	0000                	c.unimp
    1d38:	4400                	c.lw	x8,8(x8)
    1d3a:	6101                	0x6101
    1d3c:	0034                	c.addi4spn	x13,x2,8
    1d3e:	0a1d                	c.addi	x20,7
    1d40:	0026                	c.slli	x0,0x9
    1d42:	0000                	c.unimp
    1d44:	0148                	c.addi4spn	x10,x2,132
    1d46:	3561                	c.jal	1bce <_start-0x7fffe432>
    1d48:	1e00                	c.addi4spn	x8,x2,816
    1d4a:	260a                	c.fldsp	f12,128(x2)
    1d4c:	0000                	c.unimp
    1d4e:	4c00                	c.lw	x8,24(x8)
    1d50:	6101                	0x6101
    1d52:	0036                	c.slli	x0,0xd
    1d54:	0a1f 0026 0000      	0x260a1f
    1d5a:	0150                	c.addi4spn	x12,x2,132
    1d5c:	3761                	c.jal	1ce4 <_start-0x7fffe31c>
    1d5e:	2000                	c.fld	f8,0(x8)
    1d60:	260a                	c.fldsp	f12,128(x2)
    1d62:	0000                	c.unimp
    1d64:	5400                	c.lw	x8,40(x8)
    1d66:	7301                	c.lui	x6,0xfffe0
    1d68:	0032                	c.slli	x0,0xc
    1d6a:	0a21                	c.addi	x20,8
    1d6c:	0026                	c.slli	x0,0x9
    1d6e:	0000                	c.unimp
    1d70:	0158                	c.addi4spn	x14,x2,132
    1d72:	22003373          	csrrc	x6,0x220,x0
    1d76:	260a                	c.fldsp	f12,128(x2)
    1d78:	0000                	c.unimp
    1d7a:	5c00                	c.lw	x8,56(x8)
    1d7c:	7301                	c.lui	x6,0xfffe0
    1d7e:	0034                	c.addi4spn	x13,x2,8
    1d80:	00260a23          	sb	x2,20(x12)
    1d84:	0000                	c.unimp
    1d86:	0160                	c.addi4spn	x8,x2,140
    1d88:	24003573          	csrrc	x10,0x240,x0
    1d8c:	260a                	c.fldsp	f12,128(x2)
    1d8e:	0000                	c.unimp
    1d90:	6400                	c.flw	f8,8(x8)
    1d92:	7301                	c.lui	x6,0xfffe0
    1d94:	0036                	c.slli	x0,0xd
    1d96:	0a25                	c.addi	x20,9
    1d98:	0026                	c.slli	x0,0x9
    1d9a:	0000                	c.unimp
    1d9c:	0168                	c.addi4spn	x10,x2,140
    1d9e:	26003773          	csrrc	x14,0x260,x0
    1da2:	260a                	c.fldsp	f12,128(x2)
    1da4:	0000                	c.unimp
    1da6:	6c00                	c.flw	f8,24(x8)
    1da8:	7301                	c.lui	x6,0xfffe0
    1daa:	0038                	c.addi4spn	x14,x2,8
    1dac:	00260a27          	0x260a27
    1db0:	0000                	c.unimp
    1db2:	0170                	c.addi4spn	x12,x2,140
    1db4:	28003973          	csrrc	x18,0x280,x0
    1db8:	260a                	c.fldsp	f12,128(x2)
    1dba:	0000                	c.unimp
    1dbc:	7400                	c.flw	f8,40(x8)
    1dbe:	7301                	c.lui	x6,0xfffe0
    1dc0:	3031                	c.jal	15cc <_start-0x7fffea34>
    1dc2:	2900                	c.fld	f8,16(x10)
    1dc4:	260a                	c.fldsp	f12,128(x2)
    1dc6:	0000                	c.unimp
    1dc8:	7800                	c.flw	f8,48(x8)
    1dca:	7301                	c.lui	x6,0xfffe0
    1dcc:	3131                	c.jal	19d8 <_start-0x7fffe628>
    1dce:	2a00                	c.fld	f8,16(x12)
    1dd0:	260a                	c.fldsp	f12,128(x2)
    1dd2:	0000                	c.unimp
    1dd4:	7c00                	c.flw	f8,56(x8)
    1dd6:	7401                	c.lui	x8,0xfffe0
    1dd8:	0a2b0033          	0xa2b0033
    1ddc:	0026                	c.slli	x0,0x9
    1dde:	0000                	c.unimp
    1de0:	0180                	c.addi4spn	x8,x2,192
    1de2:	3474                	c.fld	f13,232(x8)
    1de4:	2c00                	c.fld	f8,24(x8)
    1de6:	260a                	c.fldsp	f12,128(x2)
    1de8:	0000                	c.unimp
    1dea:	8400                	0x8400
    1dec:	7401                	c.lui	x8,0xfffe0
    1dee:	0035                	c.addi	x0,13
    1df0:	0a2d                	c.addi	x20,11
    1df2:	0026                	c.slli	x0,0x9
    1df4:	0000                	c.unimp
    1df6:	0188                	c.addi4spn	x10,x2,192
    1df8:	3674                	c.fld	f13,232(x12)
    1dfa:	2e00                	c.fld	f8,24(x12)
    1dfc:	260a                	c.fldsp	f12,128(x2)
    1dfe:	0000                	c.unimp
    1e00:	8c00                	0x8c00
    1e02:	0500                	c.addi4spn	x8,x2,640
    1e04:	0262                	c.slli	x4,0x18
    1e06:	0000                	c.unimp
    1e08:	3138                	c.fld	f14,96(x10)
    1e0a:	b908                	c.fsd	f10,48(x10)
    1e0c:	0002                	c.slli64	x0
    1e0e:	0100                	c.addi4spn	x8,x2,128
    1e10:	6172                	c.flwsp	f2,28(x2)
    1e12:	3200                	c.fld	f8,32(x12)
    1e14:	260a                	c.fldsp	f12,128(x2)
    1e16:	0000                	c.unimp
    1e18:	0000                	c.unimp
    1e1a:	7301                	c.lui	x6,0xfffe0
    1e1c:	0070                	c.addi4spn	x12,x2,12
    1e1e:	00260a33          	add	x20,x12,x2
    1e22:	0000                	c.unimp
    1e24:	0104                	c.addi4spn	x9,x2,128
    1e26:	36003073          	csrrc	x0,0x360,x0
    1e2a:	0000260b          	0x260b
    1e2e:	0800                	c.addi4spn	x8,x2,16
    1e30:	7301                	c.lui	x6,0xfffe0
    1e32:	0031                	c.addi	x0,12
    1e34:	00260b37          	lui	x22,0x260
    1e38:	0000                	c.unimp
    1e3a:	010c                	c.addi4spn	x11,x2,128
    1e3c:	38003273          	csrrc	x4,0x380,x0
    1e40:	0000260b          	0x260b
    1e44:	1000                	c.addi4spn	x8,x2,32
    1e46:	7301                	c.lui	x6,0xfffe0
    1e48:	0b390033          	0xb390033
    1e4c:	0026                	c.slli	x0,0x9
    1e4e:	0000                	c.unimp
    1e50:	0114                	c.addi4spn	x13,x2,128
    1e52:	3a003473          	csrrc	x8,pmpcfg0,x0
    1e56:	0000260b          	0x260b
    1e5a:	1800                	c.addi4spn	x8,x2,48
    1e5c:	7301                	c.lui	x6,0xfffe0
    1e5e:	0035                	c.addi	x0,13
    1e60:	00260b3b          	0x260b3b
    1e64:	0000                	c.unimp
    1e66:	011c                	c.addi4spn	x15,x2,128
    1e68:	3c003673          	csrrc	x12,0x3c0,x0
    1e6c:	0000260b          	0x260b
    1e70:	2000                	c.fld	f8,0(x8)
    1e72:	7301                	c.lui	x6,0xfffe0
    1e74:	0b3d0037          	lui	x0,0xb3d0
    1e78:	0026                	c.slli	x0,0x9
    1e7a:	0000                	c.unimp
    1e7c:	0124                	c.addi4spn	x9,x2,136
    1e7e:	3e003873          	csrrc	x16,0x3e0,x0
    1e82:	0000260b          	0x260b
    1e86:	2800                	c.fld	f8,16(x8)
    1e88:	7301                	c.lui	x6,0xfffe0
    1e8a:	0039                	c.addi	x0,14
    1e8c:	00260b3f 012c0000 	0x12c000000260b3f
    1e94:	00303173          	csrrc	x2,fcsr,x0
    1e98:	0b40                	c.addi4spn	x8,x2,404
    1e9a:	0026                	c.slli	x0,0x9
    1e9c:	0000                	c.unimp
    1e9e:	0130                	c.addi4spn	x12,x2,136
    1ea0:	00313173          	csrrc	x2,fcsr,x2
    1ea4:	0b41                	c.addi	x22,16
    1ea6:	0026                	c.slli	x0,0x9
    1ea8:	0000                	c.unimp
    1eaa:	0034                	c.addi4spn	x13,x2,8
    1eac:	0a05                	c.addi	x20,1
    1eae:	0005                	c.addi	x0,1
    1eb0:	7000                	c.flw	f8,32(x8)
    1eb2:	1044                	c.addi4spn	x9,x2,36
    1eb4:	0356                	c.slli	x6,0x15
    1eb6:	0000                	c.unimp
    1eb8:	6c02                	c.flwsp	f24,0(x2)
    1eba:	46000003          	lb	x0,1120(x0) # 460 <_start-0x7ffffba0>
    1ebe:	3914                	c.fld	f13,48(x10)
    1ec0:	0000                	c.unimp
    1ec2:	0000                	c.unimp
    1ec4:	8402                	c.jr	x8
    1ec6:	0002                	c.slli64	x0
    1ec8:	4700                	c.lw	x8,8(x14)
    1eca:	0003560b          	0x3560b
    1ece:	0400                	c.addi4spn	x8,x2,512
    1ed0:	a302                	c.fsdsp	f0,384(x2)
    1ed2:	0001                	c.addi	x0,0
    1ed4:	4800                	c.lw	x8,16(x8)
    1ed6:	5809                	c.li	x16,-30
    1ed8:	08000003          	lb	x0,128(x0) # 80 <_start-0x7fffff80>
    1edc:	7f02                	c.flwsp	f30,32(x2)
    1ede:	49000003          	lb	x0,1168(x0) # 490 <_start-0x7ffffb70>
    1ee2:	5809                	c.li	x16,-30
    1ee4:	0c000003          	lb	x0,192(x0) # c0 <_start-0x7fffff40>
    1ee8:	7001                	c.lui	x0,0xfffe0
    1eea:	6469                	c.lui	x8,0x1a
    1eec:	4a00                	c.lw	x8,16(x12)
    1eee:	5809                	c.li	x16,-30
    1ef0:	10000003          	lb	x0,256(x0) # 100 <_start-0x7fffff00>
    1ef4:	7402                	c.flwsp	f8,32(x2)
    1ef6:	0002                	c.slli64	x0
    1ef8:	4b00                	c.lw	x8,16(x14)
    1efa:	5f0e                	c.lwsp	x30,224(x2)
    1efc:	14000003          	lb	x0,320(x0) # 140 <_start-0x7ffffec0>
    1f00:	7702                	c.flwsp	f14,32(x2)
    1f02:	0004                	0x4
    1f04:	4c00                	c.lw	x8,24(x8)
    1f06:	3212                	c.fldsp	f4,288(x2)
    1f08:	0000                	c.unimp
    1f0a:	1800                	c.addi4spn	x8,x2,48
    1f0c:	3502                	c.fldsp	f10,32(x2)
    1f0e:	0005                	c.addi	x0,1
    1f10:	4d00                	c.lw	x8,24(x10)
    1f12:	6412                	c.flwsp	f8,4(x2)
    1f14:	1c000003          	lb	x0,448(x0) # 1c0 <_start-0x7ffffe40>
    1f18:	c802                	c.swsp	x0,16(x2)
    1f1a:	0001                	c.addi	x0,0
    1f1c:	4e00                	c.lw	x8,24(x12)
    1f1e:	5f0e                	c.lwsp	x30,224(x2)
    1f20:	20000003          	lb	x0,512(x0) # 200 <_start-0x7ffffe00>
    1f24:	9202                	c.jalr	x4
    1f26:	0001                	c.addi	x0,0
    1f28:	4f00                	c.lw	x8,24(x14)
    1f2a:	00036917          	auipc	x18,0x36
    1f2e:	2400                	c.fld	f8,8(x8)
    1f30:	6202                	c.flwsp	f4,0(x2)
    1f32:	0002                	c.slli64	x0
    1f34:	5000                	c.lw	x8,32(x8)
    1f36:	1014                	c.addi4spn	x13,x2,32
    1f38:	0002                	c.slli64	x0
    1f3a:	2800                	c.fld	f8,16(x8)
    1f3c:	1502                	c.slli	x10,0x20
    1f3e:	0002                	c.slli64	x0
    1f40:	5100                	c.lw	x8,32(x10)
    1f42:	6e0a                	c.flwsp	f28,128(x2)
    1f44:	60000003          	lb	x0,1536(x0) # 600 <_start-0x7ffffa00>
    1f48:	0e00                	c.addi4spn	x8,x2,784
    1f4a:	0f04                	c.addi4spn	x9,x2,912
    1f4c:	0504                	c.addi4spn	x9,x2,640
    1f4e:	6e69                	c.lui	x28,0x1a
    1f50:	0074                	c.addi4spn	x13,x2,12
    1f52:	2604                	c.fld	f9,8(x12)
    1f54:	0000                	c.unimp
    1f56:	0400                	c.addi4spn	x8,x2,512
    1f58:	02b9                	c.addi	x5,14
    1f5a:	0000                	c.unimp
    1f5c:	7004                	c.flw	f9,32(x8)
    1f5e:	0000                	c.unimp
    1f60:	0800                	c.addi4spn	x8,x2,16
    1f62:	037e                	c.slli	x6,0x1f
    1f64:	0000                	c.unimp
    1f66:	037e                	c.slli	x6,0x1f
    1f68:	0000                	c.unimp
    1f6a:	3209                	c.jal	186c <_start-0x7fffe794>
    1f6c:	0000                	c.unimp
    1f6e:	0f00                	c.addi4spn	x8,x2,912
    1f70:	0700                	c.addi4spn	x8,x2,896
    1f72:	0801                	c.addi	x16,0
    1f74:	0000010b          	0x10b
    1f78:	aa06                	c.fsdsp	f1,272(x2)
    1f7a:	0001                	c.addi	x0,0
    1f7c:	0200                	c.addi4spn	x8,x2,256
    1f7e:	0352                	c.slli	x6,0x14
    1f80:	02b9                	c.addi	x5,14
    1f82:	0000                	c.unimp
    1f84:	6310                	c.flw	f12,0(x14)
    1f86:	7570                	c.flw	f12,108(x10)
    1f88:	4000                	c.lw	x8,0(x8)
    1f8a:	6602                	c.flwsp	f12,0(x2)
    1f8c:	c310                	c.sw	x12,0(x14)
    1f8e:	02000003          	lb	x0,32(x0) # 20 <_start-0x7fffffe0>
    1f92:	0442                	c.slli	x8,0x10
    1f94:	0000                	c.unimp
    1f96:	0968                	c.addi4spn	x10,x2,156
    1f98:	000003c3          	fmadd.s	f7,f0,f0,f0,rne
    1f9c:	0200                	c.addi4spn	x8,x2,256
    1f9e:	0262                	c.slli	x4,0x18
    1fa0:	0000                	c.unimp
    1fa2:	1269                	c.addi	x4,-6
    1fa4:	0210                	c.addi4spn	x12,x2,256
    1fa6:	0000                	c.unimp
    1fa8:	0204                	c.addi4spn	x9,x2,256
    1faa:	04c8                	c.addi4spn	x10,x2,580
    1fac:	0000                	c.unimp
    1fae:	076a                	c.slli	x14,0x1a
    1fb0:	0358                	c.addi4spn	x14,x2,388
    1fb2:	0000                	c.unimp
    1fb4:	003c                	c.addi4spn	x15,x2,8
    1fb6:	8504                	0x8504
    1fb8:	11000003          	lb	x0,272(x0) # 110 <_start-0x7ffffef0>
    1fbc:	00555043          	fmadd.s	f0,f10,f5,f0,unknown
    1fc0:	6b02                	c.flwsp	f22,0(x2)
    1fc2:	9102                	c.jalr	x2
    1fc4:	08000003          	lb	x0,128(x0) # 80 <_start-0x7fffff80>
    1fc8:	0385                	c.addi	x7,1
    1fca:	0000                	c.unimp
    1fcc:	03e4                	c.addi4spn	x9,x2,460
    1fce:	0000                	c.unimp
    1fd0:	3209                	c.jal	18d2 <_start-0x7fffe72e>
    1fd2:	0000                	c.unimp
    1fd4:	0900                	c.addi4spn	x8,x2,144
    1fd6:	1200                	c.addi4spn	x8,x2,288
    1fd8:	0556                	c.slli	x10,0x15
    1fda:	0000                	c.unimp
    1fdc:	0301                	c.addi	x6,0
    1fde:	d40d                	c.beqz	x8,1f08 <_start-0x7fffe0f8>
    1fe0:	13000003          	lb	x0,304(x0) # 130 <_start-0x7ffffed0>
    1fe4:	00757063          	bgeu	x10,x7,1fe4 <_start-0x7fffe01c>
    1fe8:	0401                	c.addi	x8,0
    1fea:	c80c                	c.sw	x11,16(x8)
    1fec:	14000003          	lb	x0,320(x0) # 140 <_start-0x7ffffec0>
    1ff0:	0484                	c.addi4spn	x9,x2,576
    1ff2:	0000                	c.unimp
    1ff4:	7402                	c.flwsp	f8,32(x2)
    1ff6:	1306                	c.slli	x6,0x21
    1ff8:	0004                	0x4
    1ffa:	0a00                	c.addi4spn	x8,x2,272
    1ffc:	00000413          	addi	x8,x0,0
    2000:	130a                	c.slli	x6,0x22
    2002:	0004                	0x4
    2004:	0000                	c.unimp
    2006:	1004                	c.addi4spn	x9,x2,32
    2008:	0002                	c.slli64	x0
    200a:	1500                	c.addi4spn	x8,x2,672
    200c:	0110                	c.addi4spn	x12,x2,128
    200e:	0000                	c.unimp
    2010:	0601                	c.addi	x12,0
    2012:	c006                	c.swsp	x1,0(x2)
    2014:	001f 0880 0001      	0x10880001f
    201a:	0100                	c.addi4spn	x8,x2,128
    201c:	0b9c                	c.addi4spn	x15,x2,464
    201e:	1fd0                	c.addi4spn	x12,x2,1012
    2020:	8000                	0x8000
    2022:	00f4                	c.addi4spn	x13,x2,76
    2024:	0000                	c.unimp
    2026:	3716                	c.fldsp	f14,352(x2)
    2028:	0006                	c.slli	x0,0x1
    202a:	0100                	c.addi4spn	x8,x2,128
    202c:	0d0a                	c.slli	x26,0x2
    202e:	0358                	c.addi4spn	x14,x2,388
    2030:	0000                	c.unimp
    2032:	9102                	c.jalr	x2
    2034:	0b68                	c.addi4spn	x10,x2,412
    2036:	1fd4                	c.addi4spn	x13,x2,1012
    2038:	8000                	0x8000
    203a:	00f0                	c.addi4spn	x12,x2,76
    203c:	0000                	c.unimp
    203e:	01006917          	auipc	x18,0x1006
    2042:	0358110b          	0x358110b
    2046:	0000                	c.unimp
    2048:	9102                	c.jalr	x2
    204a:	006c                	c.addi4spn	x11,x2,12
    204c:	0000                	c.unimp
    204e:	ef00                	c.fsw	f8,24(x14)
    2050:	0005                	c.addi	x0,1
    2052:	0500                	c.addi4spn	x8,x2,640
    2054:	0100                	c.addi4spn	x8,x2,128
    2056:	c404                	c.sw	x9,8(x8)
    2058:	0009                	c.addi	x0,2
    205a:	1200                	c.addi4spn	x8,x2,288
    205c:	0089                	c.addi	x1,2
    205e:	0000                	c.unimp
    2060:	b21d                	c.j	1986 <_start-0x7fffe67a>
    2062:	0000                	c.unimp
    2064:	0000                	c.unimp
    2066:	0000                	c.unimp
    2068:	c800                	c.sw	x8,16(x8)
    206a:	0020                	c.addi4spn	x8,x2,8
    206c:	8480                	0x8480
    206e:	0002                	c.slli64	x0
    2070:	e400                	c.fsw	f8,8(x8)
    2072:	0018                	0x18
    2074:	0f00                	c.addi4spn	x8,x2,912
    2076:	000002f3          	0x2f3
    207a:	32160703          	lb	x14,801(x12)
    207e:	0000                	c.unimp
    2080:	1000                	c.addi4spn	x8,x2,32
    2082:	0704                	c.addi4spn	x9,x2,896
    2084:	004c                	c.addi4spn	x11,x2,4
    2086:	0000                	c.unimp
    2088:	00036813          	ori	x16,x6,0
    208c:	0700                	c.addi4spn	x8,x2,896
    208e:	3204                	c.fld	f9,32(x12)
    2090:	0000                	c.unimp
    2092:	0200                	c.addi4spn	x8,x2,256
    2094:	0608                	c.addi4spn	x10,x2,768
    2096:	0070                	c.addi4spn	x12,x2,12
    2098:	0000                	c.unimp
    209a:	e306                	c.fswsp	f1,132(x2)
    209c:	0002                	c.slli64	x0
    209e:	0000                	c.unimp
    20a0:	e506                	c.fswsp	f1,136(x2)
    20a2:	0002                	c.slli64	x0
    20a4:	0100                	c.addi4spn	x8,x2,128
    20a6:	4806                	c.lwsp	x16,64(x2)
    20a8:	0001                	c.addi	x0,0
    20aa:	0200                	c.addi4spn	x8,x2,256
    20ac:	7b06                	c.flwsp	f22,96(x2)
    20ae:	0002                	c.slli64	x0
    20b0:	0300                	c.addi4spn	x8,x2,384
    20b2:	a806                	c.fsdsp	f1,16(x2)
    20b4:	0002                	c.slli64	x0
    20b6:	0400                	c.addi4spn	x8,x2,512
    20b8:	9506                	c.add	x10,x1
    20ba:	05000003          	lb	x0,80(x0) # 50 <_start-0x7fffffb0>
    20be:	0a00                	c.addi4spn	x8,x2,272
    20c0:	013e                	c.slli	x2,0xf
    20c2:	0000                	c.unimp
    20c4:	0a90                	c.addi4spn	x12,x2,336
    20c6:	1008                	c.addi4spn	x10,x2,32
    20c8:	0002                	c.slli64	x0
    20ca:	0200                	c.addi4spn	x8,x2,256
    20cc:	000001af          	0x1af
    20d0:	00260a0b          	0x260a0b
    20d4:	0000                	c.unimp
    20d6:	0200                	c.addi4spn	x8,x2,256
    20d8:	035c                	c.addi4spn	x15,x2,388
    20da:	0000                	c.unimp
    20dc:	0a0c                	c.addi4spn	x11,x2,272
    20de:	0026                	c.slli	x0,0x9
    20e0:	0000                	c.unimp
    20e2:	0204                	c.addi4spn	x9,x2,256
    20e4:	029c                	c.addi4spn	x15,x2,320
    20e6:	0000                	c.unimp
    20e8:	0a0d                	c.addi	x20,3
    20ea:	0026                	c.slli	x0,0x9
    20ec:	0000                	c.unimp
    20ee:	0108                	c.addi4spn	x10,x2,128
    20f0:	7065                	c.lui	x0,0xffff9
    20f2:	0a0e0063          	beq	x28,x0,2192 <_start-0x7fffde6e>
    20f6:	0026                	c.slli	x0,0x9
    20f8:	0000                	c.unimp
    20fa:	020c                	c.addi4spn	x11,x2,256
    20fc:	021a                	c.slli	x4,0x6
    20fe:	0000                	c.unimp
    2100:	00260a0f          	0x260a0f
    2104:	0000                	c.unimp
    2106:	0110                	c.addi4spn	x12,x2,128
    2108:	6172                	c.flwsp	f2,28(x2)
    210a:	1000                	c.addi4spn	x8,x2,32
    210c:	260a                	c.fldsp	f12,128(x2)
    210e:	0000                	c.unimp
    2110:	1400                	c.addi4spn	x8,x2,544
    2112:	7301                	c.lui	x6,0xfffe0
    2114:	0070                	c.addi4spn	x12,x2,12
    2116:	0a11                	c.addi	x20,4
    2118:	0026                	c.slli	x0,0x9
    211a:	0000                	c.unimp
    211c:	0118                	c.addi4spn	x14,x2,128
    211e:	12007067          	0x12007067
    2122:	260a                	c.fldsp	f12,128(x2)
    2124:	0000                	c.unimp
    2126:	1c00                	c.addi4spn	x8,x2,560
    2128:	7401                	c.lui	x8,0xfffe0
    212a:	0070                	c.addi4spn	x12,x2,12
    212c:	00260a13          	addi	x20,x12,2
    2130:	0000                	c.unimp
    2132:	0120                	c.addi4spn	x8,x2,136
    2134:	3074                	c.fld	f13,224(x8)
    2136:	1400                	c.addi4spn	x8,x2,544
    2138:	260a                	c.fldsp	f12,128(x2)
    213a:	0000                	c.unimp
    213c:	2400                	c.fld	f8,8(x8)
    213e:	7401                	c.lui	x8,0xfffe0
    2140:	0031                	c.addi	x0,12
    2142:	0a15                	c.addi	x20,5
    2144:	0026                	c.slli	x0,0x9
    2146:	0000                	c.unimp
    2148:	0128                	c.addi4spn	x10,x2,136
    214a:	3274                	c.fld	f13,224(x12)
    214c:	1600                	c.addi4spn	x8,x2,800
    214e:	260a                	c.fldsp	f12,128(x2)
    2150:	0000                	c.unimp
    2152:	2c00                	c.fld	f8,24(x8)
    2154:	7301                	c.lui	x6,0xfffe0
    2156:	0030                	c.addi4spn	x12,x2,8
    2158:	00260a17          	auipc	x20,0x260
    215c:	0000                	c.unimp
    215e:	0130                	c.addi4spn	x12,x2,136
    2160:	18003173          	csrrc	x2,satp,x0
    2164:	260a                	c.fldsp	f12,128(x2)
    2166:	0000                	c.unimp
    2168:	3400                	c.fld	f8,40(x8)
    216a:	6101                	0x6101
    216c:	0030                	c.addi4spn	x12,x2,8
    216e:	0a19                	c.addi	x20,6
    2170:	0026                	c.slli	x0,0x9
    2172:	0000                	c.unimp
    2174:	0138                	c.addi4spn	x14,x2,136
    2176:	3161                	c.jal	1dfe <_start-0x7fffe202>
    2178:	1a00                	c.addi4spn	x8,x2,304
    217a:	260a                	c.fldsp	f12,128(x2)
    217c:	0000                	c.unimp
    217e:	3c00                	c.fld	f8,56(x8)
    2180:	6101                	0x6101
    2182:	0032                	c.slli	x0,0xc
    2184:	00260a1b          	0x260a1b
    2188:	0000                	c.unimp
    218a:	0140                	c.addi4spn	x8,x2,132
    218c:	3361                	c.jal	1f14 <_start-0x7fffe0ec>
    218e:	1c00                	c.addi4spn	x8,x2,560
    2190:	260a                	c.fldsp	f12,128(x2)
    2192:	0000                	c.unimp
    2194:	4400                	c.lw	x8,8(x8)
    2196:	6101                	0x6101
    2198:	0034                	c.addi4spn	x13,x2,8
    219a:	0a1d                	c.addi	x20,7
    219c:	0026                	c.slli	x0,0x9
    219e:	0000                	c.unimp
    21a0:	0148                	c.addi4spn	x10,x2,132
    21a2:	3561                	c.jal	202a <_start-0x7fffdfd6>
    21a4:	1e00                	c.addi4spn	x8,x2,816
    21a6:	260a                	c.fldsp	f12,128(x2)
    21a8:	0000                	c.unimp
    21aa:	4c00                	c.lw	x8,24(x8)
    21ac:	6101                	0x6101
    21ae:	0036                	c.slli	x0,0xd
    21b0:	0a1f 0026 0000      	0x260a1f
    21b6:	0150                	c.addi4spn	x12,x2,132
    21b8:	3761                	c.jal	2140 <_start-0x7fffdec0>
    21ba:	2000                	c.fld	f8,0(x8)
    21bc:	260a                	c.fldsp	f12,128(x2)
    21be:	0000                	c.unimp
    21c0:	5400                	c.lw	x8,40(x8)
    21c2:	7301                	c.lui	x6,0xfffe0
    21c4:	0032                	c.slli	x0,0xc
    21c6:	0a21                	c.addi	x20,8
    21c8:	0026                	c.slli	x0,0x9
    21ca:	0000                	c.unimp
    21cc:	0158                	c.addi4spn	x14,x2,132
    21ce:	22003373          	csrrc	x6,0x220,x0
    21d2:	260a                	c.fldsp	f12,128(x2)
    21d4:	0000                	c.unimp
    21d6:	5c00                	c.lw	x8,56(x8)
    21d8:	7301                	c.lui	x6,0xfffe0
    21da:	0034                	c.addi4spn	x13,x2,8
    21dc:	00260a23          	sb	x2,20(x12)
    21e0:	0000                	c.unimp
    21e2:	0160                	c.addi4spn	x8,x2,140
    21e4:	24003573          	csrrc	x10,0x240,x0
    21e8:	260a                	c.fldsp	f12,128(x2)
    21ea:	0000                	c.unimp
    21ec:	6400                	c.flw	f8,8(x8)
    21ee:	7301                	c.lui	x6,0xfffe0
    21f0:	0036                	c.slli	x0,0xd
    21f2:	0a25                	c.addi	x20,9
    21f4:	0026                	c.slli	x0,0x9
    21f6:	0000                	c.unimp
    21f8:	0168                	c.addi4spn	x10,x2,140
    21fa:	26003773          	csrrc	x14,0x260,x0
    21fe:	260a                	c.fldsp	f12,128(x2)
    2200:	0000                	c.unimp
    2202:	6c00                	c.flw	f8,24(x8)
    2204:	7301                	c.lui	x6,0xfffe0
    2206:	0038                	c.addi4spn	x14,x2,8
    2208:	00260a27          	0x260a27
    220c:	0000                	c.unimp
    220e:	0170                	c.addi4spn	x12,x2,140
    2210:	28003973          	csrrc	x18,0x280,x0
    2214:	260a                	c.fldsp	f12,128(x2)
    2216:	0000                	c.unimp
    2218:	7400                	c.flw	f8,40(x8)
    221a:	7301                	c.lui	x6,0xfffe0
    221c:	3031                	c.jal	1a28 <_start-0x7fffe5d8>
    221e:	2900                	c.fld	f8,16(x10)
    2220:	260a                	c.fldsp	f12,128(x2)
    2222:	0000                	c.unimp
    2224:	7800                	c.flw	f8,48(x8)
    2226:	7301                	c.lui	x6,0xfffe0
    2228:	3131                	c.jal	1e34 <_start-0x7fffe1cc>
    222a:	2a00                	c.fld	f8,16(x12)
    222c:	260a                	c.fldsp	f12,128(x2)
    222e:	0000                	c.unimp
    2230:	7c00                	c.flw	f8,56(x8)
    2232:	7401                	c.lui	x8,0xfffe0
    2234:	0a2b0033          	0xa2b0033
    2238:	0026                	c.slli	x0,0x9
    223a:	0000                	c.unimp
    223c:	0180                	c.addi4spn	x8,x2,192
    223e:	3474                	c.fld	f13,232(x8)
    2240:	2c00                	c.fld	f8,24(x8)
    2242:	260a                	c.fldsp	f12,128(x2)
    2244:	0000                	c.unimp
    2246:	8400                	0x8400
    2248:	7401                	c.lui	x8,0xfffe0
    224a:	0035                	c.addi	x0,13
    224c:	0a2d                	c.addi	x20,11
    224e:	0026                	c.slli	x0,0x9
    2250:	0000                	c.unimp
    2252:	0188                	c.addi4spn	x10,x2,192
    2254:	3674                	c.fld	f13,232(x12)
    2256:	2e00                	c.fld	f8,24(x12)
    2258:	260a                	c.fldsp	f12,128(x2)
    225a:	0000                	c.unimp
    225c:	8c00                	0x8c00
    225e:	0a00                	c.addi4spn	x8,x2,272
    2260:	0262                	c.slli	x4,0x18
    2262:	0000                	c.unimp
    2264:	3138                	c.fld	f14,96(x10)
    2266:	b908                	c.fsd	f10,48(x10)
    2268:	0002                	c.slli64	x0
    226a:	0100                	c.addi4spn	x8,x2,128
    226c:	6172                	c.flwsp	f2,28(x2)
    226e:	3200                	c.fld	f8,32(x12)
    2270:	260a                	c.fldsp	f12,128(x2)
    2272:	0000                	c.unimp
    2274:	0000                	c.unimp
    2276:	7301                	c.lui	x6,0xfffe0
    2278:	0070                	c.addi4spn	x12,x2,12
    227a:	00260a33          	add	x20,x12,x2
    227e:	0000                	c.unimp
    2280:	0104                	c.addi4spn	x9,x2,128
    2282:	36003073          	csrrc	x0,0x360,x0
    2286:	0000260b          	0x260b
    228a:	0800                	c.addi4spn	x8,x2,16
    228c:	7301                	c.lui	x6,0xfffe0
    228e:	0031                	c.addi	x0,12
    2290:	00260b37          	lui	x22,0x260
    2294:	0000                	c.unimp
    2296:	010c                	c.addi4spn	x11,x2,128
    2298:	38003273          	csrrc	x4,0x380,x0
    229c:	0000260b          	0x260b
    22a0:	1000                	c.addi4spn	x8,x2,32
    22a2:	7301                	c.lui	x6,0xfffe0
    22a4:	0b390033          	0xb390033
    22a8:	0026                	c.slli	x0,0x9
    22aa:	0000                	c.unimp
    22ac:	0114                	c.addi4spn	x13,x2,128
    22ae:	3a003473          	csrrc	x8,pmpcfg0,x0
    22b2:	0000260b          	0x260b
    22b6:	1800                	c.addi4spn	x8,x2,48
    22b8:	7301                	c.lui	x6,0xfffe0
    22ba:	0035                	c.addi	x0,13
    22bc:	00260b3b          	0x260b3b
    22c0:	0000                	c.unimp
    22c2:	011c                	c.addi4spn	x15,x2,128
    22c4:	3c003673          	csrrc	x12,0x3c0,x0
    22c8:	0000260b          	0x260b
    22cc:	2000                	c.fld	f8,0(x8)
    22ce:	7301                	c.lui	x6,0xfffe0
    22d0:	0b3d0037          	lui	x0,0xb3d0
    22d4:	0026                	c.slli	x0,0x9
    22d6:	0000                	c.unimp
    22d8:	0124                	c.addi4spn	x9,x2,136
    22da:	3e003873          	csrrc	x16,0x3e0,x0
    22de:	0000260b          	0x260b
    22e2:	2800                	c.fld	f8,16(x8)
    22e4:	7301                	c.lui	x6,0xfffe0
    22e6:	0039                	c.addi	x0,14
    22e8:	00260b3f 012c0000 	0x12c000000260b3f
    22f0:	00303173          	csrrc	x2,fcsr,x0
    22f4:	0b40                	c.addi4spn	x8,x2,404
    22f6:	0026                	c.slli	x0,0x9
    22f8:	0000                	c.unimp
    22fa:	0130                	c.addi4spn	x12,x2,136
    22fc:	00313173          	csrrc	x2,fcsr,x2
    2300:	0b41                	c.addi	x22,16
    2302:	0026                	c.slli	x0,0x9
    2304:	0000                	c.unimp
    2306:	0034                	c.addi4spn	x13,x2,8
    2308:	0a0a                	c.slli	x20,0x2
    230a:	0005                	c.addi	x0,1
    230c:	7000                	c.flw	f8,32(x8)
    230e:	1044                	c.addi4spn	x9,x2,36
    2310:	0356                	c.slli	x6,0x15
    2312:	0000                	c.unimp
    2314:	6c02                	c.flwsp	f24,0(x2)
    2316:	46000003          	lb	x0,1120(x0) # 460 <_start-0x7ffffba0>
    231a:	3914                	c.fld	f13,48(x10)
    231c:	0000                	c.unimp
    231e:	0000                	c.unimp
    2320:	8402                	c.jr	x8
    2322:	0002                	c.slli64	x0
    2324:	4700                	c.lw	x8,8(x14)
    2326:	0003560b          	0x3560b
    232a:	0400                	c.addi4spn	x8,x2,512
    232c:	a302                	c.fsdsp	f0,384(x2)
    232e:	0001                	c.addi	x0,0
    2330:	4800                	c.lw	x8,16(x8)
    2332:	5809                	c.li	x16,-30
    2334:	08000003          	lb	x0,128(x0) # 80 <_start-0x7fffff80>
    2338:	7f02                	c.flwsp	f30,32(x2)
    233a:	49000003          	lb	x0,1168(x0) # 490 <_start-0x7ffffb70>
    233e:	5809                	c.li	x16,-30
    2340:	0c000003          	lb	x0,192(x0) # c0 <_start-0x7fffff40>
    2344:	7001                	c.lui	x0,0xfffe0
    2346:	6469                	c.lui	x8,0x1a
    2348:	4a00                	c.lw	x8,16(x12)
    234a:	5809                	c.li	x16,-30
    234c:	10000003          	lb	x0,256(x0) # 100 <_start-0x7fffff00>
    2350:	7402                	c.flwsp	f8,32(x2)
    2352:	0002                	c.slli64	x0
    2354:	4b00                	c.lw	x8,16(x14)
    2356:	5f0e                	c.lwsp	x30,224(x2)
    2358:	14000003          	lb	x0,320(x0) # 140 <_start-0x7ffffec0>
    235c:	7702                	c.flwsp	f14,32(x2)
    235e:	0004                	0x4
    2360:	4c00                	c.lw	x8,24(x8)
    2362:	3212                	c.fldsp	f4,288(x2)
    2364:	0000                	c.unimp
    2366:	1800                	c.addi4spn	x8,x2,48
    2368:	3502                	c.fldsp	f10,32(x2)
    236a:	0005                	c.addi	x0,1
    236c:	4d00                	c.lw	x8,24(x10)
    236e:	6412                	c.flwsp	f8,4(x2)
    2370:	1c000003          	lb	x0,448(x0) # 1c0 <_start-0x7ffffe40>
    2374:	c802                	c.swsp	x0,16(x2)
    2376:	0001                	c.addi	x0,0
    2378:	4e00                	c.lw	x8,24(x12)
    237a:	5f0e                	c.lwsp	x30,224(x2)
    237c:	20000003          	lb	x0,512(x0) # 200 <_start-0x7ffffe00>
    2380:	9202                	c.jalr	x4
    2382:	0001                	c.addi	x0,0
    2384:	4f00                	c.lw	x8,24(x14)
    2386:	00036917          	auipc	x18,0x36
    238a:	2400                	c.fld	f8,8(x8)
    238c:	6202                	c.flwsp	f4,0(x2)
    238e:	0002                	c.slli64	x0
    2390:	5000                	c.lw	x8,32(x8)
    2392:	1014                	c.addi4spn	x13,x2,32
    2394:	0002                	c.slli64	x0
    2396:	2800                	c.fld	f8,16(x8)
    2398:	1502                	c.slli	x10,0x20
    239a:	0002                	c.slli64	x0
    239c:	5100                	c.lw	x8,32(x10)
    239e:	6e0a                	c.flwsp	f28,128(x2)
    23a0:	60000003          	lb	x0,1536(x0) # 600 <_start-0x7ffffa00>
    23a4:	1400                	c.addi4spn	x8,x2,544
    23a6:	1504                	c.addi4spn	x9,x2,672
    23a8:	0504                	c.addi4spn	x9,x2,640
    23aa:	6e69                	c.lui	x28,0x1a
    23ac:	0074                	c.addi4spn	x13,x2,12
    23ae:	2608                	c.fld	f10,8(x12)
    23b0:	0000                	c.unimp
    23b2:	0800                	c.addi4spn	x8,x2,16
    23b4:	02b9                	c.addi	x5,14
    23b6:	0000                	c.unimp
    23b8:	7008                	c.flw	f10,32(x8)
    23ba:	0000                	c.unimp
    23bc:	1600                	c.addi4spn	x8,x2,800
    23be:	037e                	c.slli	x6,0x1f
    23c0:	0000                	c.unimp
    23c2:	037e                	c.slli	x6,0x1f
    23c4:	0000                	c.unimp
    23c6:	00003217          	auipc	x4,0x3
    23ca:	0f00                	c.addi4spn	x8,x2,912
    23cc:	1000                	c.addi4spn	x8,x2,32
    23ce:	0801                	c.addi	x16,0
    23d0:	0000010b          	0x10b
    23d4:	0001aa0f          	0x1aa0f
    23d8:	0200                	c.addi4spn	x8,x2,256
    23da:	0352                	c.slli	x6,0x14
    23dc:	02b9                	c.addi	x5,14
    23de:	0000                	c.unimp
    23e0:	8508                	0x8508
    23e2:	0b000003          	lb	x0,176(x0) # b0 <_start-0x7fffff50>
    23e6:	0652                	c.slli	x12,0x14
    23e8:	0000                	c.unimp
    23ea:	a609                	c.j	26ec <_start-0x7fffd914>
    23ec:	05000003          	lb	x0,80(x0) # 50 <_start-0x7fffffb0>
    23f0:	00360003          	lb	x0,3(x12)
    23f4:	0880                	c.addi4spn	x8,x2,80
    23f6:	037e                	c.slli	x6,0x1f
    23f8:	0000                	c.unimp
    23fa:	00047c0b          	0x47c0b
    23fe:	0a00                	c.addi4spn	x8,x2,272
    2400:	03a6                	c.slli	x7,0x9
    2402:	0000                	c.unimp
    2404:	0305                	c.addi	x6,1
    2406:	3004                	c.fld	f9,32(x8)
    2408:	8000                	0x8000
    240a:	0006450b          	0x6450b
    240e:	0b00                	c.addi4spn	x8,x2,400
    2410:	03a6                	c.slli	x7,0x9
    2412:	0000                	c.unimp
    2414:	0305                	c.addi	x6,1
    2416:	3604                	c.fld	f9,40(x12)
    2418:	8000                	0x8000
    241a:	5b0c                	c.lw	x11,48(x14)
    241c:	0004                	0x4
    241e:	0200                	c.addi4spn	x8,x2,256
    2420:	d878                	c.sw	x14,116(x8)
    2422:	03000003          	lb	x0,48(x0) # 30 <_start-0x7fffffd0>
    2426:	0d00                	c.addi4spn	x8,x2,656
    2428:	0668                	c.addi4spn	x10,x2,780
    242a:	0000                	c.unimp
    242c:	1404                	c.addi4spn	x9,x2,544
    242e:	03e9                	c.addi	x7,26
    2430:	0000                	c.unimp
    2432:	5804                	c.lw	x9,48(x8)
    2434:	00000003          	lb	x0,0(x0) # 0 <_start-0x80000000>
    2438:	8b05                	c.andi	x14,1
    243a:	0006                	c.slli	x0,0x1
    243c:	0100                	c.addi4spn	x8,x2,128
    243e:	0980                	c.addi4spn	x8,x2,208
    2440:	0358                	c.addi4spn	x14,x2,388
    2442:	0000                	c.unimp
    2444:	000003fb          	0x3fb
    2448:	5d050003          	lb	x0,1488(x10)
    244c:	0006                	c.slli	x0,0x1
    244e:	0400                	c.addi4spn	x8,x2,512
    2450:	0512                	c.slli	x10,0x4
    2452:	0358                	c.addi4spn	x14,x2,388
    2454:	0000                	c.unimp
    2456:	040d                	c.addi	x8,3
    2458:	0000                	c.unimp
    245a:	c0110003          	lb	x0,-1023(x2)
    245e:	0002                	c.slli64	x0
    2460:	0500                	c.addi4spn	x8,x2,640
    2462:	093a                	c.slli	x18,0xe
    2464:	035f 0000 0423      	0x4230000035f
    246a:	0000                	c.unimp
    246c:	2604                	c.fld	f9,8(x12)
    246e:	0000                	c.unimp
    2470:	0000                	c.unimp
    2472:	4505                	c.li	x10,1
    2474:	0005                	c.addi	x0,1
    2476:	0100                	c.addi4spn	x8,x2,128
    2478:	0358116b          	0x358116b
    247c:	0000                	c.unimp
    247e:	0435                	c.addi	x8,13
    2480:	0000                	c.unimp
    2482:	e50d0003          	lb	x0,-432(x26) # 4e50 <_start-0x7fffb1b0>
    2486:	0001                	c.addi	x0,0
    2488:	0500                	c.addi4spn	x8,x2,640
    248a:	5526                	c.lwsp	x10,104(x2)
    248c:	0004                	0x4
    248e:	0400                	c.addi4spn	x8,x2,512
    2490:	035f 0000 5f04      	0x5f040000035f
    2496:	04000003          	lb	x0,64(x0) # 40 <_start-0x7fffffc0>
    249a:	0026                	c.slli	x0,0x9
    249c:	0000                	c.unimp
    249e:	2604                	c.fld	f9,8(x12)
    24a0:	0000                	c.unimp
    24a2:	0000                	c.unimp
    24a4:	e105                	c.bnez	x10,24c4 <_start-0x7fffdb3c>
    24a6:	0005                	c.addi	x0,1
    24a8:	0200                	c.addi4spn	x8,x2,256
    24aa:	057e                	c.slli	x10,0x1f
    24ac:	0358                	c.addi4spn	x14,x2,388
    24ae:	0000                	c.unimp
    24b0:	00000467          	jalr	x8,0(x0) # 0 <_start-0x80000000>
    24b4:	f70d0003          	lb	x0,-144(x26)
    24b8:	0004                	0x4
    24ba:	0200                	c.addi4spn	x8,x2,256
    24bc:	7880                	c.flw	f8,48(x9)
    24be:	0004                	0x4
    24c0:	0400                	c.addi4spn	x8,x2,512
    24c2:	0358                	c.addi4spn	x14,x2,388
    24c4:	0000                	c.unimp
    24c6:	0500                	c.addi4spn	x8,x2,640
    24c8:	000001a3          	sb	x0,3(x0) # 3 <_start-0x7ffffffd>
    24cc:	4a01                	c.li	x20,0
    24ce:	580c                	c.lw	x11,48(x8)
    24d0:	8a000003          	lb	x0,-1888(x0) # fffff8a0 <_stack_top+0x77fff8a0>
    24d4:	0004                	0x4
    24d6:	0300                	c.addi4spn	x8,x2,384
    24d8:	0c00                	c.addi4spn	x8,x2,528
    24da:	05b8                	c.addi4spn	x14,x2,712
    24dc:	0000                	c.unimp
    24de:	7a02                	c.flwsp	f20,32(x2)
    24e0:	00000497          	auipc	x9,0x0
    24e4:	000c0003          	lb	x0,0(x24) # 262b22 <_start-0x7fd9d4de>
    24e8:	0006                	c.slli	x0,0x1
    24ea:	0600                	c.addi4spn	x8,x2,768
    24ec:	a40e                	c.fsdsp	f3,8(x2)
    24ee:	0004                	0x4
    24f0:	0300                	c.addi4spn	x8,x2,384
    24f2:	1100                	c.addi4spn	x8,x2,160
    24f4:	0580                	c.addi4spn	x8,x2,704
    24f6:	0000                	c.unimp
    24f8:	7602                	c.flwsp	f12,32(x2)
    24fa:	5805                	c.li	x16,-31
    24fc:	ba000003          	lb	x0,-1120(x0) # fffffba0 <_stack_top+0x77fffba0>
    2500:	0004                	0x4
    2502:	0400                	c.addi4spn	x8,x2,512
    2504:	03a6                	c.slli	x7,0x9
    2506:	0000                	c.unimp
    2508:	0500                	c.addi4spn	x8,x2,640
    250a:	0000018b          	0x18b
    250e:	1801                	c.addi	x16,-32
    2510:	0003580f          	0x3580f
    2514:	cc00                	c.sw	x8,24(x8)
    2516:	0004                	0x4
    2518:	0300                	c.addi4spn	x8,x2,384
    251a:	1800                	c.addi4spn	x8,x2,48
    251c:	04df 0000 2e01      	0x2e01000004df
    2522:	8006                	c.mv	x0,x1
    2524:	0021                	c.addi	x0,8
    2526:	cc80                	c.sw	x8,24(x9)
    2528:	0001                	c.addi	x0,0
    252a:	0100                	c.addi4spn	x8,x2,128
    252c:	a49c                	c.fsd	f15,8(x9)
    252e:	0005                	c.addi	x0,1
    2530:	0900                	c.addi4spn	x8,x2,144
    2532:	0070                	c.addi4spn	x12,x2,12
    2534:	03910b33          	mul	x22,x2,x25
    2538:	0000                	c.unimp
    253a:	9102                	c.jalr	x2
    253c:	056c                	c.addi4spn	x11,x2,652
    253e:	0000018b          	0x18b
    2542:	1801                	c.addi	x16,-32
    2544:	0003580f          	0x3580f
    2548:	0000                	c.unimp
    254a:	0005                	c.addi	x0,1
    254c:	0300                	c.addi4spn	x8,x2,384
    254e:	0700                	c.addi4spn	x8,x2,896
    2550:	064d                	c.addi	x12,19
    2552:	0000                	c.unimp
    2554:	0c34                	c.addi4spn	x13,x2,536
    2556:	0026                	c.slli	x0,0x9
    2558:	0000                	c.unimp
    255a:	9102                	c.jalr	x2
    255c:	0768                	c.addi4spn	x10,x2,908
    255e:	0694                	c.addi4spn	x13,x2,832
    2560:	0000                	c.unimp
    2562:	0c3a                	c.slli	x24,0xe
    2564:	0026                	c.slli	x0,0x9
    2566:	0000                	c.unimp
    2568:	9102                	c.jalr	x2
    256a:	1964                	c.addi4spn	x9,x2,188
    256c:	000c                	0xc
    256e:	0000                	c.unimp
    2570:	057e                	c.slli	x10,0x1f
    2572:	0000                	c.unimp
    2574:	00071407          	0x71407
    2578:	4800                	c.lw	x8,16(x8)
    257a:	6e0e                	c.flwsp	f28,192(x2)
    257c:	02000003          	lb	x0,32(x0) # 20 <_start-0x7fffffe0>
    2580:	4891                	c.li	x17,4
    2582:	00063d07          	fld	f26,0(x12)
    2586:	4900                	c.lw	x8,16(x10)
    2588:	2610                	c.fld	f12,8(x12)
    258a:	0000                	c.unimp
    258c:	0200                	c.addi4spn	x8,x2,256
    258e:	5891                	c.li	x17,-28
    2590:	00067f07          	0x67f07
    2594:	5100                	c.lw	x8,32(x10)
    2596:	580d                	c.li	x16,-29
    2598:	02000003          	lb	x0,32(x0) # 20 <_start-0x7fffffe0>
    259c:	5c91                	c.li	x25,-28
    259e:	e41a                	c.fswsp	f6,8(x2)
    25a0:	0021                	c.addi	x0,8
    25a2:	1880                	c.addi4spn	x8,x2,112
    25a4:	0000                	c.unimp
    25a6:	6a00                	c.flw	f8,16(x12)
    25a8:	0005                	c.addi	x0,1
    25aa:	0e00                	c.addi4spn	x8,x2,784
    25ac:	000001a3          	sb	x0,3(x0) # 3 <_start-0x7ffffffd>
    25b0:	0c4a                	c.slli	x24,0x12
    25b2:	0358                	c.addi4spn	x14,x2,388
    25b4:	0000                	c.unimp
    25b6:	1b000003          	lb	x0,432(x0) # 1b0 <_start-0x7ffffe50>
    25ba:	001f 0000 450e      	0x450e0000001f
    25c0:	0005                	c.addi	x0,1
    25c2:	6b00                	c.flw	f8,16(x14)
    25c4:	5811                	c.li	x16,-28
    25c6:	03000003          	lb	x0,48(x0) # 30 <_start-0x7fffffd0>
    25ca:	0000                	c.unimp
    25cc:	1c00                	c.addi4spn	x8,x2,560
    25ce:	2310                	c.fld	f12,0(x14)
    25d0:	8000                	0x8000
    25d2:	0020                	c.addi4spn	x8,x2,8
    25d4:	0000                	c.unimp
    25d6:	6909                	c.lui	x18,0x2
    25d8:	7172                	c.flwsp	f2,60(x2)
    25da:	7b00                	c.flw	f8,48(x14)
    25dc:	580d                	c.li	x16,-29
    25de:	02000003          	lb	x0,32(x0) # 20 <_start-0x7fffffe0>
    25e2:	6091                	c.lui	x1,0x4
    25e4:	8b0e                	c.mv	x22,x3
    25e6:	0006                	c.slli	x0,0x1
    25e8:	8000                	0x8000
    25ea:	5809                	c.li	x16,-30
    25ec:	03000003          	lb	x0,48(x0) # 30 <_start-0x7fffffd0>
    25f0:	0000                	c.unimp
    25f2:	1d00                	c.addi4spn	x8,x2,688
    25f4:	04a4                	c.addi4spn	x9,x2,584
    25f6:	0000                	c.unimp
    25f8:	0d01                	c.addi	x26,0
    25fa:	c806                	c.swsp	x1,16(x2)
    25fc:	0020                	c.addi4spn	x8,x2,8
    25fe:	b880                	c.fsd	f8,48(x9)
    2600:	0000                	c.unimp
    2602:	0100                	c.addi4spn	x8,x2,128
    2604:	079c                	c.addi4spn	x15,x2,960
    2606:	0676                	c.slli	x12,0x1d
    2608:	0000                	c.unimp
    260a:	0026130f          	0x26130f
    260e:	0000                	c.unimp
    2610:	0305                	c.addi	x6,1
    2612:	3008                	c.fld	f10,32(x8)
    2614:	8000                	0x8000
    2616:	7009                	c.lui	x0,0xfffe2
    2618:	1800                	c.addi4spn	x8,x2,48
    261a:	0003910b          	0x3910b
    261e:	0200                	c.addi4spn	x8,x2,256
    2620:	6c91                	c.lui	x25,0x4
    2622:	8b05                	c.andi	x14,1
    2624:	0001                	c.addi	x0,0
    2626:	0100                	c.addi4spn	x8,x2,128
    2628:	0f18                	c.addi4spn	x14,x2,912
    262a:	0358                	c.addi4spn	x14,x2,388
    262c:	0000                	c.unimp
    262e:	05e5                	c.addi	x11,25
    2630:	0000                	c.unimp
    2632:	78090003          	lb	x0,1920(x18) # 2780 <_start-0x7fffd880>
    2636:	2100                	c.fld	f8,0(x10)
    2638:	260c                	c.fld	f11,8(x12)
    263a:	0000                	c.unimp
    263c:	0200                	c.addi4spn	x8,x2,256
    263e:	6891                	c.lui	x17,0x4
    2640:	0000                	c.unimp
    2642:	0115                	c.addi	x2,5
    2644:	0000                	c.unimp
    2646:	0005                	c.addi	x0,1
    2648:	0401                	c.addi	x8,0
    264a:	0b79                	c.addi	x22,30
    264c:	0000                	c.unimp
    264e:	8904                	0x8904
    2650:	0000                	c.unimp
    2652:	1d00                	c.addi4spn	x8,x2,688
    2654:	00b9                	c.addi	x1,14
    2656:	0000                	c.unimp
    2658:	0000                	c.unimp
    265a:	0000                	c.unimp
    265c:	234c                	c.fld	f11,128(x14)
    265e:	8000                	0x8000
    2660:	0154                	c.addi4spn	x13,x2,132
    2662:	0000                	c.unimp
    2664:	1b69                	c.addi	x22,-6
    2666:	0000                	c.unimp
    2668:	f305                	c.bnez	x14,2588 <_start-0x7fffda78>
    266a:	0002                	c.slli64	x0
    266c:	0200                	c.addi4spn	x8,x2,256
    266e:	00321607          	0x321607
    2672:	0000                	c.unimp
    2674:	0406                	c.slli	x8,0x1
    2676:	00004c07          	flq	f24,0(x0) # 0 <_start-0x80000000>
    267a:	0700                	c.addi4spn	x8,x2,896
    267c:	00000627          	0x627
    2680:	47060a03          	lb	x20,1136(x12)
    2684:	0000                	c.unimp
    2686:	0800                	c.addi4spn	x8,x2,16
    2688:	0900                	c.addi4spn	x8,x2,144
    268a:	00fd                	c.addi	x1,31
    268c:	0000                	c.unimp
    268e:	0401                	c.addi	x8,0
    2690:	5305                	c.li	x6,-31
    2692:	0000                	c.unimp
    2694:	0a00                	c.addi4spn	x8,x2,272
    2696:	0504                	c.addi4spn	x9,x2,640
    2698:	6e69                	c.lui	x28,0x1a
    269a:	0074                	c.addi4spn	x13,x2,12
    269c:	0006da0b          	0x6da0b
    26a0:	0100                	c.addi4spn	x8,x2,128
    26a2:	0622                	c.slli	x12,0x8
    26a4:	23ec                	c.fld	f11,192(x15)
    26a6:	8000                	0x8000
    26a8:	00b4                	c.addi4spn	x13,x2,72
    26aa:	0000                	c.unimp
    26ac:	9c01                	0x9c01
    26ae:	0089                	c.addi	x1,2
    26b0:	0000                	c.unimp
    26b2:	7801                	c.lui	x16,0xfffe0
    26b4:	2500                	c.fld	f8,8(x10)
    26b6:	0026                	c.slli	x0,0x9
    26b8:	0000                	c.unimp
    26ba:	9102                	c.jalr	x2
    26bc:	016c                	c.addi4spn	x11,x2,140
    26be:	00656973          	csrrsi	x18,0x6,10
    26c2:	263d                	c.jal	29f0 <_start-0x7fffd610>
    26c4:	0000                	c.unimp
    26c6:	0200                	c.addi4spn	x8,x2,256
    26c8:	6891                	c.lui	x17,0x4
    26ca:	0300                	c.addi4spn	x8,x2,384
    26cc:	0000069b          	0x69b
    26d0:	c418                	c.sw	x14,8(x8)
    26d2:	28800023          	sb	x8,640(x0) # 280 <_start-0x7ffffd80>
    26d6:	0000                	c.unimp
    26d8:	0100                	c.addi4spn	x8,x2,128
    26da:	ac9c                	c.fsd	f15,24(x9)
    26dc:	0000                	c.unimp
    26de:	0200                	c.addi4spn	x8,x2,256
    26e0:	6176                	c.flwsp	f2,92(x2)
    26e2:	006c                	c.addi4spn	x11,x2,12
    26e4:	2918                	c.fld	f14,16(x10)
    26e6:	0026                	c.slli	x0,0x9
    26e8:	0000                	c.unimp
    26ea:	9102                	c.jalr	x2
    26ec:	006c                	c.addi4spn	x11,x2,12
    26ee:	a90c                	c.fsd	f11,16(x10)
    26f0:	0006                	c.slli	x0,0x1
    26f2:	0100                	c.addi4spn	x8,x2,128
    26f4:	1611                	c.addi	x12,-28
    26f6:	0026                	c.slli	x0,0x9
    26f8:	0000                	c.unimp
    26fa:	239c                	c.fld	f15,0(x15)
    26fc:	8000                	0x8000
    26fe:	0028                	c.addi4spn	x10,x2,8
    2700:	0000                	c.unimp
    2702:	9c01                	0x9c01
    2704:	00d4                	c.addi4spn	x13,x2,68
    2706:	0000                	c.unimp
    2708:	7601                	c.lui	x12,0xfffe0
    270a:	6c61                	c.lui	x24,0x18
    270c:	1300                	c.addi4spn	x8,x2,416
    270e:	0026                	c.slli	x0,0x9
    2710:	0000                	c.unimp
    2712:	9102                	c.jalr	x2
    2714:	006c                	c.addi4spn	x11,x2,12
    2716:	0006b603          	0x6b603
    271a:	0c00                	c.addi4spn	x8,x2,528
    271c:	2374                	c.fld	f13,192(x14)
    271e:	8000                	0x8000
    2720:	0028                	c.addi4spn	x10,x2,8
    2722:	0000                	c.unimp
    2724:	9c01                	0x9c01
    2726:	000000f7          	0xf7
    272a:	7602                	c.flwsp	f12,32(x2)
    272c:	6c61                	c.lui	x24,0x18
    272e:	0c00                	c.addi4spn	x8,x2,528
    2730:	262d                	c.jal	2a5a <_start-0x7fffd5a6>
    2732:	0000                	c.unimp
    2734:	0200                	c.addi4spn	x8,x2,256
    2736:	6c91                	c.lui	x25,0x4
    2738:	0d00                	c.addi4spn	x8,x2,656
    273a:	06c8                	c.addi4spn	x10,x2,836
    273c:	0000                	c.unimp
    273e:	0701                	c.addi	x14,0
    2740:	4c14                	c.lw	x13,24(x8)
    2742:	28800023          	sb	x8,640(x0) # 280 <_start-0x7ffffd80>
    2746:	0000                	c.unimp
    2748:	0100                	c.addi4spn	x8,x2,128
    274a:	029c                	c.addi4spn	x15,x2,320
    274c:	6176                	c.flwsp	f2,92(x2)
    274e:	006c                	c.addi4spn	x11,x2,12
    2750:	00262d07          	flw	f26,2(x12) # fffe0002 <_stack_top+0x77fe0002>
    2754:	0000                	c.unimp
    2756:	9102                	c.jalr	x2
    2758:	006c                	c.addi4spn	x11,x2,12
    275a:	a700                	c.fsd	f8,8(x14)
    275c:	0001                	c.addi	x0,0
    275e:	0500                	c.addi4spn	x8,x2,640
    2760:	0100                	c.addi4spn	x8,x2,128
    2762:	6a04                	c.flw	f9,16(x12)
    2764:	000c                	0xc
    2766:	0a00                	c.addi4spn	x8,x2,272
    2768:	0089                	c.addi	x1,2
    276a:	0000                	c.unimp
    276c:	c11d                	c.beqz	x10,2792 <_start-0x7fffd86e>
    276e:	0000                	c.unimp
    2770:	0000                	c.unimp
    2772:	0000                	c.unimp
    2774:	a000                	c.fsd	f8,0(x8)
    2776:	0024                	c.addi4spn	x9,x2,8
    2778:	8080                	0x8080
    277a:	0002                	c.slli64	x0
    277c:	8100                	0x8100
    277e:	001c                	0x1c
    2780:	0400                	c.addi4spn	x8,x2,512
    2782:	000002f3          	0x2f3
    2786:	0702                	c.slli64	x14
    2788:	3216                	c.fldsp	f4,352(x2)
    278a:	0000                	c.unimp
    278c:	0500                	c.addi4spn	x8,x2,640
    278e:	0704                	c.addi4spn	x9,x2,896
    2790:	004c                	c.addi4spn	x11,x2,4
    2792:	0000                	c.unimp
    2794:	6905040b          	0x6905040b
    2798:	746e                	c.flwsp	f8,248(x2)
    279a:	0300                	c.addi4spn	x8,x2,384
    279c:	0026                	c.slli	x0,0x9
    279e:	0000                	c.unimp
    27a0:	0105                	c.addi	x2,1
    27a2:	0b08                	c.addi4spn	x10,x2,400
    27a4:	0001                	c.addi	x0,0
    27a6:	0c00                	c.addi4spn	x8,x2,528
    27a8:	02b6                	c.slli	x5,0xd
    27aa:	0000                	c.unimp
    27ac:	0304                	c.addi4spn	x9,x2,384
    27ae:	1012                	c.slli	x0,0x24
    27b0:	00000067          	jalr	x0,0(x0) # 0 <_start-0x80000000>
    27b4:	d20d                	c.beqz	x12,26d6 <_start-0x7fffd92a>
    27b6:	0001                	c.addi	x0,0
    27b8:	0300                	c.addi4spn	x8,x2,384
    27ba:	1214                	c.addi4spn	x13,x2,288
    27bc:	00000067          	jalr	x0,0(x0) # 0 <_start-0x80000000>
    27c0:	0000                	c.unimp
    27c2:	00004c03          	lbu	x24,0(x0) # 0 <_start-0x80000000>
    27c6:	0400                	c.addi4spn	x8,x2,512
    27c8:	02fa                	c.slli	x5,0x1e
    27ca:	0000                	c.unimp
    27cc:	4c021503          	lh	x10,1216(x4) # 5886 <_start-0x7fffa77a>
    27d0:	0000                	c.unimp
    27d2:	0600                	c.addi4spn	x8,x2,768
    27d4:	000006ef          	jal	x13,27d4 <_start-0x7fffd82c>
    27d8:	00400907          	0x400907
    27dc:	0000                	c.unimp
    27de:	0305                	c.addi	x6,1
    27e0:	3608                	c.fld	f10,40(x12)
    27e2:	8000                	0x8000
    27e4:	9c06                	c.add	x24,x1
    27e6:	0002                	c.slli64	x0
    27e8:	0800                	c.addi4spn	x8,x2,16
    27ea:	2608                	c.fld	f10,8(x12)
    27ec:	0000                	c.unimp
    27ee:	0500                	c.addi4spn	x8,x2,640
    27f0:	00360c03          	lb	x24,3(x12)
    27f4:	0e80                	c.addi4spn	x8,x2,848
    27f6:	0000041b          	0x41b
    27fa:	2102                	c.fldsp	f2,0(x2)
    27fc:	2608                	c.fld	f10,8(x12)
    27fe:	0000                	c.unimp
    2800:	b500                	c.fsd	f8,40(x10)
    2802:	0000                	c.unimp
    2804:	0700                	c.addi4spn	x8,x2,896
    2806:	0026                	c.slli	x0,0x9
    2808:	0000                	c.unimp
    280a:	00002607          	flw	f12,0(x0) # 0 <_start-0x80000000>
    280e:	0000                	c.unimp
    2810:	0002b00f          	0x2b00f
    2814:	0300                	c.addi4spn	x8,x2,384
    2816:	071c                	c.addi4spn	x15,x2,896
    2818:	000000c7          	fmsub.s	f1,f0,f0,f0,rne
    281c:	000000c7          	fmsub.s	f1,f0,f0,f0,rne
    2820:	0010                	0x10
    2822:	00006c03          	0x6c03
    2826:	1100                	c.addi4spn	x8,x2,160
    2828:	0000006b          	0x6b
    282c:	2d01                	c.jal	2e3c <_start-0x7fffd1c4>
    282e:	a806                	c.fsdsp	f1,16(x2)
    2830:	0025                	c.addi	x0,9
    2832:	7880                	c.flw	f8,48(x9)
    2834:	0001                	c.addi	x0,0
    2836:	0100                	c.addi4spn	x8,x2,128
    2838:	309c                	c.fld	f15,32(x9)
    283a:	0001                	c.addi	x0,0
    283c:	0200                	c.addi4spn	x8,x2,256
    283e:	6176                	c.flwsp	f2,92(x2)
    2840:	3600                	c.fld	f8,40(x12)
    2842:	260c                	c.fld	f11,8(x12)
    2844:	0000                	c.unimp
    2846:	0200                	c.addi4spn	x8,x2,256
    2848:	6c91                	c.lui	x25,0x4
    284a:	0d01                	c.addi	x26,0
    284c:	0004                	0x4
    284e:	4c00                	c.lw	x8,24(x8)
    2850:	260c                	c.fld	f11,8(x12)
    2852:	0000                	c.unimp
    2854:	0200                	c.addi4spn	x8,x2,256
    2856:	6491                	c.lui	x9,0x4
    2858:	9c01                	0x9c01
    285a:	4d000003          	lb	x0,1232(x0) # 4d0 <_start-0x7ffffb30>
    285e:	260c                	c.fld	f11,8(x12)
    2860:	0000                	c.unimp
    2862:	0200                	c.addi4spn	x8,x2,256
    2864:	6091                	c.lui	x1,0x4
    2866:	7401                	c.lui	x8,0xfffe0
    2868:	51000007          	0x51000007
    286c:	260c                	c.fld	f11,8(x12)
    286e:	0000                	c.unimp
    2870:	0200                	c.addi4spn	x8,x2,256
    2872:	5c91                	c.li	x25,-28
    2874:	dc08                	c.sw	x10,56(x8)
    2876:	0025                	c.addi	x0,9
    2878:	3c80                	c.fld	f8,56(x9)
    287a:	0000                	c.unimp
    287c:	0200                	c.addi4spn	x8,x2,256
    287e:	0069                	c.addi	x0,26
    2880:	00261037          	lui	x0,0x261
    2884:	0000                	c.unimp
    2886:	9102                	c.jalr	x2
    2888:	0068                	c.addi4spn	x10,x2,12
    288a:	1200                	c.addi4spn	x8,x2,288
    288c:	06e0                	c.addi4spn	x8,x2,844
    288e:	0000                	c.unimp
    2890:	0d01                	c.addi	x26,0
    2892:	a006                	c.fsdsp	f1,0(x2)
    2894:	0024                	c.addi4spn	x9,x2,8
    2896:	0880                	c.addi4spn	x8,x2,80
    2898:	0001                	c.addi	x0,0
    289a:	0100                	c.addi4spn	x8,x2,128
    289c:	099c                	c.addi4spn	x15,x2,208
    289e:	6176                	c.flwsp	f2,92(x2)
    28a0:	1c00                	c.addi4spn	x8,x2,560
    28a2:	0026                	c.slli	x0,0x9
    28a4:	0000                	c.unimp
    28a6:	9102                	c.jalr	x2
    28a8:	094c                	c.addi4spn	x11,x2,148
    28aa:	6170                	c.flw	f12,68(x10)
    28ac:	2700                	c.fld	f8,8(x14)
    28ae:	0026                	c.slli	x0,0x9
    28b0:	0000                	c.unimp
    28b2:	9102                	c.jalr	x2
    28b4:	0148                	c.addi4spn	x10,x2,132
    28b6:	02ca                	c.slli	x5,0x12
    28b8:	0000                	c.unimp
    28ba:	0c10                	c.addi4spn	x12,x2,528
    28bc:	0026                	c.slli	x0,0x9
    28be:	0000                	c.unimp
    28c0:	9102                	c.jalr	x2
    28c2:	016c                	c.addi4spn	x11,x2,140
    28c4:	000002bb          	0x2bb
    28c8:	00260c13          	addi	x24,x12,2
    28cc:	0000                	c.unimp
    28ce:	9102                	c.jalr	x2
    28d0:	0168                	c.addi4spn	x10,x2,140
    28d2:	02d4                	c.addi4spn	x13,x2,324
    28d4:	0000                	c.unimp
    28d6:	0d1e                	c.slli	x26,0x7
    28d8:	0040                	c.addi4spn	x8,x2,4
    28da:	0000                	c.unimp
    28dc:	9102                	c.jalr	x2
    28de:	085c                	c.addi4spn	x15,x2,20
    28e0:	24f4                	c.fld	f13,200(x9)
    28e2:	8000                	0x8000
    28e4:	0038                	c.addi4spn	x14,x2,8
    28e6:	0000                	c.unimp
    28e8:	7002                	c.flwsp	f0,32(x2)
    28ea:	0061                	c.addi	x0,24
    28ec:	1119                	c.addi	x2,-26
    28ee:	0040                	c.addi4spn	x8,x2,4
    28f0:	0000                	c.unimp
    28f2:	9102                	c.jalr	x2
    28f4:	0264                	c.addi4spn	x9,x2,268
    28f6:	7470                	c.flw	f12,108(x8)
    28f8:	0065                	c.addi	x0,25
    28fa:	101a                	c.slli	x0,0x26
    28fc:	0026                	c.slli	x0,0x9
    28fe:	0000                	c.unimp
    2900:	9102                	c.jalr	x2
    2902:	0060                	c.addi4spn	x8,x2,12
    2904:	0000                	c.unimp
    2906:	024c                	c.addi4spn	x11,x2,260
    2908:	0000                	c.unimp
    290a:	0005                	c.addi	x0,1
    290c:	0401                	c.addi	x8,0
    290e:	0d8d                	c.addi	x27,3
    2910:	0000                	c.unimp
    2912:	890a                	c.mv	x18,x2
    2914:	0000                	c.unimp
    2916:	1d00                	c.addi4spn	x8,x2,688
    2918:	00cd                	c.addi	x1,19
    291a:	0000                	c.unimp
    291c:	0000                	c.unimp
    291e:	0000                	c.unimp
    2920:	2720                	c.fld	f8,72(x14)
    2922:	8000                	0x8000
    2924:	03b8                	c.addi4spn	x14,x2,456
    2926:	0000                	c.unimp
    2928:	00001e8f          	0x1e8f
    292c:	f304                	c.fsw	f9,32(x14)
    292e:	0002                	c.slli64	x0
    2930:	0300                	c.addi4spn	x8,x2,384
    2932:	00321607          	0x321607
    2936:	0000                	c.unimp
    2938:	0405                	c.addi	x8,1
    293a:	00004c07          	flq	f24,0(x0) # 0 <_start-0x80000000>
    293e:	0b00                	c.addi4spn	x8,x2,400
    2940:	0c04                	c.addi4spn	x9,x2,528
    2942:	0504                	c.addi4spn	x9,x2,640
    2944:	6e69                	c.lui	x28,0x1a
    2946:	0074                	c.addi4spn	x13,x2,12
    2948:	00002603          	lw	x12,0(x0) # 0 <_start-0x80000000>
    294c:	0500                	c.addi4spn	x8,x2,640
    294e:	0801                	c.addi	x16,0
    2950:	0000010b          	0x10b
    2954:	900d                	c.srli	x8,0x23
    2956:	0004                	0x4
    2958:	1400                	c.addi4spn	x8,x2,544
    295a:	5d02                	c.lwsp	x26,32(x2)
    295c:	9810                	0x9810
    295e:	0000                	c.unimp
    2960:	0200                	c.addi4spn	x8,x2,256
    2962:	0000050f          	0x50f
    2966:	075f 003b 0000      	0x3b075f
    296c:	0200                	c.addi4spn	x8,x2,256
    296e:	04f0                	c.addi4spn	x12,x2,588
    2970:	0000                	c.unimp
    2972:	0a60                	c.addi4spn	x8,x2,284
    2974:	0026                	c.slli	x0,0x9
    2976:	0000                	c.unimp
    2978:	0204                	c.addi4spn	x9,x2,256
    297a:	0455                	c.addi	x8,21
    297c:	0000                	c.unimp
    297e:	0a61                	c.addi	x20,24
    2980:	0026                	c.slli	x0,0x9
    2982:	0000                	c.unimp
    2984:	0208                	c.addi4spn	x10,x2,256
    2986:	04c1                	c.addi	x9,16
    2988:	0000                	c.unimp
    298a:	0a62                	c.slli	x20,0x18
    298c:	0026                	c.slli	x0,0x9
    298e:	0000                	c.unimp
    2990:	020c                	c.addi4spn	x11,x2,256
    2992:	0432                	c.slli	x8,0xc
    2994:	0000                	c.unimp
    2996:	00260a63          	beq	x12,x2,29aa <_start-0x7fffd656>
    299a:	0000                	c.unimp
    299c:	0010                	0x10
    299e:	8f04                	0x8f04
    29a0:	0005                	c.addi	x0,1
    29a2:	0200                	c.addi4spn	x8,x2,256
    29a4:	0264                	c.addi4spn	x9,x2,268
    29a6:	004e                	c.slli	x0,0x13
    29a8:	0000                	c.unimp
    29aa:	470e                	c.lwsp	x14,192(x2)
    29ac:	0000                	c.unimp
    29ae:	b400                	c.fsd	f8,40(x8)
    29b0:	0000                	c.unimp
    29b2:	0f00                	c.addi4spn	x8,x2,912
    29b4:	0032                	c.slli	x0,0xc
    29b6:	0000                	c.unimp
    29b8:	001f 6301 0007      	0x76301001f
    29be:	0300                	c.addi4spn	x8,x2,384
    29c0:	a406                	c.fsdsp	f1,8(x2)
    29c2:	0000                	c.unimp
    29c4:	0500                	c.addi4spn	x8,x2,640
    29c6:	0035b403          	0x35b403
    29ca:	0180                	c.addi4spn	x8,x2,192
    29cc:	0728                	c.addi4spn	x10,x2,904
    29ce:	0000                	c.unimp
    29d0:	0604                	c.addi4spn	x9,x2,768
    29d2:	00a4                	c.addi4spn	x9,x2,72
    29d4:	0000                	c.unimp
    29d6:	0305                	c.addi	x6,1
    29d8:	35d4                	c.fld	f13,168(x11)
    29da:	8000                	0x8000
    29dc:	8301                	c.srli64	x14
    29de:	06000007          	0x6000007
    29e2:	2608                	c.fld	f10,8(x12)
    29e4:	0000                	c.unimp
    29e6:	0500                	c.addi4spn	x8,x2,640
    29e8:	00361003          	lh	x0,3(x12)
    29ec:	0180                	c.addi4spn	x8,x2,192
    29ee:	0779                	c.addi	x14,30
    29f0:	0000                	c.unimp
    29f2:	00260807          	0x260807
    29f6:	0000                	c.unimp
    29f8:	0305                	c.addi	x6,1
    29fa:	3614                	c.fld	f13,40(x12)
    29fc:	8000                	0x8000
    29fe:	4e01                	c.li	x28,0
    2a00:	09000007          	0x9000007
    2a04:	2608                	c.fld	f10,8(x12)
    2a06:	0000                	c.unimp
    2a08:	0500                	c.addi4spn	x8,x2,640
    2a0a:	00361803          	lh	x16,3(x12)
    2a0e:	0180                	c.addi4spn	x8,x2,192
    2a10:	0735                	c.addi	x14,13
    2a12:	0000                	c.unimp
    2a14:	080a                	c.slli	x16,0x2
    2a16:	0026                	c.slli	x0,0x9
    2a18:	0000                	c.unimp
    2a1a:	0305                	c.addi	x6,1
    2a1c:	361c                	c.fld	f15,40(x12)
    2a1e:	8000                	0x8000
    2a20:	d910                	c.sw	x12,48(x10)
    2a22:	0005                	c.addi	x0,1
    2a24:	0200                	c.addi4spn	x8,x2,256
    2a26:	0682                	c.slli64	x13
    2a28:	012c                	c.addi4spn	x11,x2,136
    2a2a:	0000                	c.unimp
    2a2c:	3911                	c.jal	2640 <_start-0x7fffd9c0>
    2a2e:	0000                	c.unimp
    2a30:	0000                	c.unimp
    2a32:	a412                	c.fsdsp	f4,8(x2)
    2a34:	0005                	c.addi	x0,1
    2a36:	0100                	c.addi4spn	x8,x2,128
    2a38:	1181                	c.addi	x3,-32
    2a3a:	0156                	c.slli	x2,0x15
    2a3c:	0000                	c.unimp
    2a3e:	2ab4                	c.fld	f13,80(x13)
    2a40:	8000                	0x8000
    2a42:	0024                	c.addi4spn	x9,x2,8
    2a44:	0000                	c.unimp
    2a46:	9c01                	0x9c01
    2a48:	0156                	c.slli	x2,0x15
    2a4a:	0000                	c.unimp
    2a4c:	00021513          	slli	x10,x4,0x0
    2a50:	0100                	c.addi4spn	x8,x2,128
    2a52:	2b81                	c.jal	2fa2 <_start-0x7fffd05e>
    2a54:	0000015b          	0x15b
    2a58:	9102                	c.jalr	x2
    2a5a:	006c                	c.addi4spn	x11,x2,12
    2a5c:	00009803          	lh	x16,0(x1) # 4000 <_start-0x7fffc000>
    2a60:	0300                	c.addi4spn	x8,x2,384
    2a62:	00000047          	fmsub.s	f0,f0,f0,f0,rne
    2a66:	8b06                	c.mv	x22,x1
    2a68:	0006                	c.slli	x0,0x1
    2a6a:	7a00                	c.flw	f8,48(x12)
    2a6c:	2a88                	c.fld	f10,16(x13)
    2a6e:	8000                	0x8000
    2a70:	002c                	c.addi4spn	x11,x2,8
    2a72:	0000                	c.unimp
    2a74:	9c01                	0x9c01
    2a76:	00073f07          	fld	f30,0(x14)
    2a7a:	7300                	c.flw	f8,32(x14)
    2a7c:	2a6c                	c.fld	f11,208(x12)
    2a7e:	8000                	0x8000
    2a80:	001c                	0x1c
    2a82:	0000                	c.unimp
    2a84:	9c01                	0x9c01
    2a86:	1906                	c.slli	x18,0x21
    2a88:	6a000007          	0x6a000007
    2a8c:	2a38                	c.fld	f14,80(x12)
    2a8e:	8000                	0x8000
    2a90:	0034                	c.addi4spn	x13,x2,8
    2a92:	0000                	c.unimp
    2a94:	9c01                	0x9c01
    2a96:	5914                	c.lw	x13,48(x10)
    2a98:	01000007          	0x1000007
    2a9c:	0655                	c.addi	x12,21
    2a9e:	00000047          	fmsub.s	f0,f0,f0,f0,rne
    2aa2:	29cc                	c.fld	f11,144(x11)
    2aa4:	8000                	0x8000
    2aa6:	006c                	c.addi4spn	x11,x2,12
    2aa8:	0000                	c.unimp
    2aaa:	9c01                	0x9c01
    2aac:	01cc                	c.addi4spn	x11,x2,196
    2aae:	0000                	c.unimp
    2ab0:	6308                	c.flw	f10,0(x14)
    2ab2:	5700                	c.lw	x8,40(x14)
    2ab4:	470a                	c.lwsp	x14,128(x2)
    2ab6:	0000                	c.unimp
    2ab8:	0200                	c.addi4spn	x8,x2,256
    2aba:	6b91                	c.lui	x23,0x4
    2abc:	3e15                	c.jal	25f0 <_start-0x7fffda10>
    2abe:	0000                	c.unimp
    2ac0:	1600                	c.addi4spn	x8,x2,800
    2ac2:	0770                	c.addi4spn	x12,x2,908
    2ac4:	0000                	c.unimp
    2ac6:	5a01                	c.li	x20,-32
    2ac8:	4211                	c.li	x4,4
    2aca:	0000                	c.unimp
    2acc:	0200                	c.addi4spn	x8,x2,256
    2ace:	6c91                	c.lui	x25,0x4
    2ad0:	0000                	c.unimp
    2ad2:	00078e17          	auipc	x28,0x78
    2ad6:	0100                	c.addi4spn	x8,x2,128
    2ad8:	0649                	c.addi	x12,18
    2ada:	294c                	c.fld	f11,144(x10)
    2adc:	8000                	0x8000
    2ade:	0080                	c.addi4spn	x8,x2,64
    2ae0:	0000                	c.unimp
    2ae2:	9c01                	0x9c01
    2ae4:	01f9                	c.addi	x3,30
    2ae6:	0000                	c.unimp
    2ae8:	6018                	c.flw	f14,0(x8)
    2aea:	0029                	c.addi	x0,10
    2aec:	4080                	c.lw	x8,0(x9)
    2aee:	0000                	c.unimp
    2af0:	0800                	c.addi4spn	x8,x2,16
    2af2:	0e4e0063          	beq	x28,x4,2bd2 <_start-0x7fffd42e>
    2af6:	00000047          	fmsub.s	f0,f0,f0,f0,rne
    2afa:	9102                	c.jalr	x2
    2afc:	1900006f          	jal	x0,2c8c <_start-0x7fffd374>
    2b00:	0700                	c.addi4spn	x8,x2,896
    2b02:	0000                	c.unimp
    2b04:	2c01                	c.jal	2d14 <_start-0x7fffd2ec>
    2b06:	e806                	c.fswsp	f1,16(x2)
    2b08:	64800027          	0x64800027
    2b0c:	0001                	c.addi	x0,0
    2b0e:	0100                	c.addi4spn	x8,x2,128
    2b10:	1c9c                	c.addi4spn	x15,x2,624
    2b12:	0002                	c.slli64	x0
    2b14:	0900                	c.addi4spn	x8,x2,144
    2b16:	242c0063          	beq	x24,x2,2d56 <_start-0x7fffd2aa>
    2b1a:	00000047          	fmsub.s	f0,f0,f0,f0,rne
    2b1e:	9102                	c.jalr	x2
    2b20:	ae1a006f          	jal	x0,fffa3600 <_stack_top+0x77fa3600>
    2b24:	01000007          	0x1000007
    2b28:	0629                	c.addi	x12,10
    2b2a:	27a0                	c.fld	f8,72(x15)
    2b2c:	8000                	0x8000
    2b2e:	0048                	c.addi4spn	x10,x2,4
    2b30:	0000                	c.unimp
    2b32:	9c01                	0x9c01
    2b34:	0000023f 29006309 	0x290063090000023f
    2b3c:	00004717          	auipc	x14,0x4
    2b40:	0200                	c.addi4spn	x8,x2,256
    2b42:	6f91                	c.lui	x31,0x4
    2b44:	0700                	c.addi4spn	x8,x2,896
    2b46:	0102                	c.slli64	x2
    2b48:	0000                	c.unimp
    2b4a:	0027200f          	0x27200f
    2b4e:	8080                	0x8080
    2b50:	0000                	c.unimp
    2b52:	0100                	c.addi4spn	x8,x2,128
    2b54:	009c                	c.addi4spn	x15,x2,64
    2b56:	00ca                	c.slli	x1,0x12
    2b58:	0000                	c.unimp
    2b5a:	0005                	c.addi	x0,1
    2b5c:	0401                	c.addi	x8,0
    2b5e:	00000f4b          	fnmsub.s	f30,f0,f0,f0,rne
    2b62:	8902                	c.jr	x18
    2b64:	0000                	c.unimp
    2b66:	1d00                	c.addi4spn	x8,x2,688
    2b68:	00d4                	c.addi4spn	x13,x2,68
    2b6a:	0000                	c.unimp
    2b6c:	0000                	c.unimp
    2b6e:	0000                	c.unimp
    2b70:	2ad8                	c.fld	f14,144(x13)
    2b72:	8000                	0x8000
    2b74:	00e8                	c.addi4spn	x10,x2,76
    2b76:	0000                	c.unimp
    2b78:	00002173          	csrrs	x2,ustatus,x0
    2b7c:	0002f303          	0x2f303
    2b80:	0200                	c.addi4spn	x8,x2,256
    2b82:	00321607          	0x321607
    2b86:	0000                	c.unimp
    2b88:	0404                	c.addi4spn	x9,x2,512
    2b8a:	00004c07          	flq	f24,0(x0) # 0 <_start-0x80000000>
    2b8e:	0500                	c.addi4spn	x8,x2,640
    2b90:	0668                	c.addi4spn	x10,x2,780
    2b92:	0000                	c.unimp
    2b94:	1a01                	c.addi	x20,-32
    2b96:	7c06                	c.flwsp	f24,96(x2)
    2b98:	4480002b          	0x4480002b
    2b9c:	0000                	c.unimp
    2b9e:	0100                	c.addi4spn	x8,x2,128
    2ba0:	6d9c                	c.flw	f15,24(x11)
    2ba2:	0000                	c.unimp
    2ba4:	0600                	c.addi4spn	x8,x2,768
    2ba6:	7269                	c.lui	x4,0xffffa
    2ba8:	0071                	c.addi	x0,28
    2baa:	1a01                	c.addi	x20,-32
    2bac:	6d18                	c.flw	f14,24(x10)
    2bae:	0000                	c.unimp
    2bb0:	0200                	c.addi4spn	x8,x2,256
    2bb2:	5c91                	c.li	x25,-28
    2bb4:	ba01                	c.j	24c4 <_start-0x7fffdb3c>
    2bb6:	1c000007          	0x1c000007
    2bba:	00006d07          	0x6d07
    2bbe:	0200                	c.addi4spn	x8,x2,256
    2bc0:	6c91                	c.lui	x25,0x4
    2bc2:	0700                	c.addi4spn	x8,x2,896
    2bc4:	0504                	c.addi4spn	x9,x2,640
    2bc6:	6e69                	c.lui	x28,0x1a
    2bc8:	0074                	c.addi4spn	x13,x2,12
    2bca:	5d08                	c.lw	x10,56(x10)
    2bcc:	0006                	c.slli	x0,0x1
    2bce:	0100                	c.addi4spn	x8,x2,128
    2bd0:	0112                	c.slli	x2,0x4
    2bd2:	006d                	c.addi	x0,27
    2bd4:	0000                	c.unimp
    2bd6:	2b3c                	c.fld	f15,80(x14)
    2bd8:	8000                	0x8000
    2bda:	0040                	c.addi4spn	x8,x2,4
    2bdc:	0000                	c.unimp
    2bde:	9c01                	0x9c01
    2be0:	00ac                	c.addi4spn	x11,x2,72
    2be2:	0000                	c.unimp
    2be4:	ba01                	c.j	24f4 <_start-0x7fffdb0c>
    2be6:	14000007          	0x14000007
    2bea:	00006d07          	0x6d07
    2bee:	0200                	c.addi4spn	x8,x2,256
    2bf0:	6c91                	c.lui	x25,0x4
    2bf2:	6909                	c.lui	x18,0x2
    2bf4:	7172                	c.flwsp	f2,60(x2)
    2bf6:	0100                	c.addi4spn	x8,x2,128
    2bf8:	0715                	c.addi	x14,5
    2bfa:	006d                	c.addi	x0,27
    2bfc:	0000                	c.unimp
    2bfe:	9102                	c.jalr	x2
    2c00:	0068                	c.addi4spn	x10,x2,12
    2c02:	620a                	c.flwsp	f4,128(x2)
    2c04:	0000                	c.unimp
    2c06:	0100                	c.addi4spn	x8,x2,128
    2c08:	2ad80603          	lb	x12,685(x16) # fffe02ad <_stack_top+0x77fe02ad>
    2c0c:	8000                	0x8000
    2c0e:	0064                	c.addi4spn	x9,x2,12
    2c10:	0000                	c.unimp
    2c12:	9c01                	0x9c01
    2c14:	ba01                	c.j	2524 <_start-0x7fffdadc>
    2c16:	06000007          	0x6000007
    2c1a:	6d09                	c.lui	x26,0x2
    2c1c:	0000                	c.unimp
    2c1e:	0200                	c.addi4spn	x8,x2,256
    2c20:	6c91                	c.lui	x25,0x4
    2c22:	0000                	c.unimp
    2c24:	0020                	c.addi4spn	x8,x2,8
    2c26:	0000                	c.unimp
    2c28:	0005                	c.addi	x0,1
    2c2a:	0401                	c.addi	x8,0
    2c2c:	00001007          	0x1007
    2c30:	6a01                	0x6a01
    2c32:	0022                	c.slli	x0,0x8
    2c34:	c000                	c.sw	x8,0(x8)
    2c36:	2480002b          	0x2480002b
    2c3a:	000007bf 000007c8 	0x7c8000007bf
    2c42:	0000002b          	0x2b
    2c46:	8001                	c.srli64	x8
    2c48:	0021                	c.addi	x0,8
    2c4a:	0000                	c.unimp
    2c4c:	0005                	c.addi	x0,1
    2c4e:	0401                	c.addi	x8,0
    2c50:	0000101b          	0x101b
    2c54:	e401                	c.bnez	x8,2c5c <_start-0x7fffd3a4>
    2c56:	0022                	c.slli	x0,0x8
    2c58:	e400                	c.fsw	f8,8(x8)
    2c5a:	b480002b          	0xb480002b
    2c5e:	3c01                	c.jal	266e <_start-0x7fffd992>
    2c60:	0008                	0x8
    2c62:	c800                	c.sw	x8,16(x8)
    2c64:	2b000007          	0x2b000007
    2c68:	0000                	c.unimp
    2c6a:	0100                	c.addi4spn	x8,x2,128
    2c6c:	80              	Address 0x0000000000002c6c is out of bounds.


Disassembly of section .debug_abbrev:

00000000 <.debug_abbrev>:
       0:	1101                	c.addi	x2,-32
       2:	1000                	c.addi4spn	x8,x2,32
       4:	12011117          	auipc	x2,0x12011
       8:	1b0e030f          	0x1b0e030f
       c:	250e                	c.fldsp	f10,192(x2)
       e:	130e                	c.slli	x6,0x23
      10:	0005                	c.addi	x0,1
      12:	0000                	c.unimp
      14:	1101                	c.addi	x2,-32
      16:	1000                	c.addi4spn	x8,x2,32
      18:	12011117          	auipc	x2,0x12011
      1c:	1b0e030f          	0x1b0e030f
      20:	250e                	c.fldsp	f10,192(x2)
      22:	130e                	c.slli	x6,0x23
      24:	0005                	c.addi	x0,1
      26:	0000                	c.unimp
      28:	1101                	c.addi	x2,-32
      2a:	1000                	c.addi4spn	x8,x2,32
      2c:	12011117          	auipc	x2,0x12011
      30:	1b0e030f          	0x1b0e030f
      34:	250e                	c.fldsp	f10,192(x2)
      36:	130e                	c.slli	x6,0x23
      38:	0005                	c.addi	x0,1
      3a:	0000                	c.unimp
      3c:	2e01                	c.jal	34c <_start-0x7ffffcb4>
      3e:	3f01                	c.jal	ffffff4e <_stack_top+0x77ffff4e>
      40:	0319                	c.addi	x6,6
      42:	3a0e                	c.fldsp	f20,224(x2)
      44:	390b3b0b          	0x390b3b0b
      48:	0621                	c.addi	x12,8
      4a:	193c                	c.addi4spn	x15,x2,184
      4c:	1301                	c.addi	x6,-32
      4e:	0000                	c.unimp
      50:	1802                	c.slli	x16,0x20
      52:	0000                	c.unimp
      54:	0300                	c.addi4spn	x8,x2,384
      56:	0024                	c.addi4spn	x9,x2,8
      58:	0b3e0b0b          	0xb3e0b0b
      5c:	00000e03          	lb	x28,0(x0) # 0 <_start-0x80000000>
      60:	2e04                	c.fld	f9,24(x12)
      62:	3f00                	c.fld	f8,56(x14)
      64:	0319                	c.addi	x6,6
      66:	3a0e                	c.fldsp	f20,224(x2)
      68:	0221                	c.addi	x4,8
      6a:	21390b3b          	0x21390b3b
      6e:	2706                	c.fldsp	f14,64(x2)
      70:	3c19                	c.jal	fffffa86 <_stack_top+0x77fffa86>
      72:	0019                	c.addi	x0,6
      74:	0500                	c.addi4spn	x8,x2,640
      76:	0111                	c.addi	x2,4
      78:	0e25                	c.addi	x28,9
      7a:	1f030b13          	addi	x22,x6,496 # fffe01f0 <_stack_top+0x77fe01f0>
      7e:	01111f1b          	0x1111f1b
      82:	0612                	c.slli	x12,0x4
      84:	1710                	c.addi4spn	x12,x2,928
      86:	0000                	c.unimp
      88:	2406                	c.fldsp	f8,64(x2)
      8a:	0b00                	c.addi4spn	x8,x2,400
      8c:	030b3e0b          	0x30b3e0b
      90:	0008                	0x8
      92:	0700                	c.addi4spn	x8,x2,896
      94:	002e                	c.slli	x0,0xb
      96:	0e03193f 0b3b0b3a 	0xb3b0b3a0e03193f
      9e:	0b39                	c.addi	x22,14
      a0:	13491927          	0x13491927
      a4:	0111                	c.addi	x2,4
      a6:	0612                	c.slli	x12,0x4
      a8:	1840                	c.addi4spn	x8,x2,52
      aa:	197c                	c.addi4spn	x15,x2,188
      ac:	0000                	c.unimp
      ae:	0100                	c.addi4spn	x8,x2,128
      b0:	000d                	c.addi	x0,3
      b2:	213a0803          	lb	x16,531(x20) # 26236b <_start-0x7fd9dc95>
      b6:	3b02                	c.fldsp	f22,32(x2)
      b8:	490b390b          	0x490b390b
      bc:	000b3813          	sltiu	x16,x22,0
      c0:	0200                	c.addi4spn	x8,x2,256
      c2:	0034                	c.addi4spn	x13,x2,8
      c4:	213a0e03          	lb	x28,531(x20)
      c8:	3b01                	c.jal	fffffdd8 <_stack_top+0x77fffdd8>
      ca:	490b390b          	0x490b390b
      ce:	00180213          	addi	x4,x16,1
      d2:	0300                	c.addi4spn	x8,x2,384
      d4:	0005                	c.addi	x0,1
      d6:	213a0e03          	lb	x28,531(x20)
      da:	3b01                	c.jal	fffffdea <_stack_top+0x77fffdea>
      dc:	490b390b          	0x490b390b
      e0:	00180213          	addi	x4,x16,1
      e4:	0400                	c.addi4spn	x8,x2,512
      e6:	000d                	c.addi	x0,3
      e8:	0b3a0e03          	lb	x28,179(x20)
      ec:	0b390b3b          	0xb390b3b
      f0:	1349                	c.addi	x6,-14
      f2:	0b38                	c.addi4spn	x14,x2,408
      f4:	0000                	c.unimp
      f6:	0b05                	c.addi	x22,1
      f8:	1101                	c.addi	x2,-32
      fa:	1201                	c.addi	x4,-32
      fc:	0006                	c.slli	x0,0x1
      fe:	0600                	c.addi4spn	x8,x2,768
     100:	0034                	c.addi4spn	x13,x2,8
     102:	213a0803          	lb	x16,531(x20)
     106:	3b01                	c.jal	fffffe16 <_stack_top+0x77fffe16>
     108:	490b390b          	0x490b390b
     10c:	00180213          	addi	x4,x16,1
     110:	0700                	c.addi4spn	x8,x2,896
     112:	0005                	c.addi	x0,1
     114:	213a0803          	lb	x16,531(x20)
     118:	3b01                	c.jal	fffffe28 <_stack_top+0x77fffe28>
     11a:	490b390b          	0x490b390b
     11e:	00180213          	addi	x4,x16,1
     122:	0800                	c.addi4spn	x8,x2,16
     124:	0005                	c.addi	x0,1
     126:	1349                	c.addi	x6,-14
     128:	0000                	c.unimp
     12a:	0f09                	c.addi	x30,2
     12c:	0b00                	c.addi4spn	x8,x2,400
     12e:	0421                	c.addi	x8,8
     130:	1349                	c.addi	x6,-14
     132:	0000                	c.unimp
     134:	280a                	c.fldsp	f16,128(x2)
     136:	0300                	c.addi4spn	x8,x2,384
     138:	1c0e                	c.slli	x24,0x23
     13a:	0b00000b          	0xb00000b
     13e:	012e                	c.slli	x2,0xb
     140:	0e03193f 3b01213a 	0x3b01213a0e03193f
     148:	0621390b          	0x621390b
     14c:	01111927          	0x1111927
     150:	0612                	c.slli	x12,0x4
     152:	1840                	c.addi4spn	x8,x2,52
     154:	197c                	c.addi4spn	x15,x2,188
     156:	1301                	c.addi	x6,-32
     158:	0000                	c.unimp
     15a:	130c                	c.addi4spn	x11,x2,416
     15c:	0301                	c.addi	x6,0
     15e:	0b0e                	c.slli	x22,0x3
     160:	3b0b3a0b          	0x3b0b3a0b
     164:	010b390b          	0x10b390b
     168:	0d000013          	addi	x0,x0,208
     16c:	0018                	0x18
     16e:	0000                	c.unimp
     170:	2e0e                	c.fldsp	f28,192(x2)
     172:	3f01                	c.jal	82 <_start-0x7fffff7e>
     174:	0319                	c.addi	x6,6
     176:	3a0e                	c.fldsp	f20,224(x2)
     178:	0121                	c.addi	x2,8
     17a:	0b390b3b          	0xb390b3b
     17e:	13491927          	0x13491927
     182:	0111                	c.addi	x2,4
     184:	0612                	c.slli	x12,0x4
     186:	1840                	c.addi4spn	x8,x2,52
     188:	197a                	c.slli	x18,0x3e
     18a:	1301                	c.addi	x6,-32
     18c:	0000                	c.unimp
     18e:	0300160f          	0x300160f
     192:	3a0e                	c.fldsp	f20,224(x2)
     194:	390b3b0b          	0x390b3b0b
     198:	0013490b          	0x13490b
     19c:	1000                	c.addi4spn	x8,x2,32
     19e:	0005                	c.addi	x0,1
     1a0:	213a0e03          	lb	x28,531(x20)
     1a4:	3b01                	c.jal	fffffeb4 <_stack_top+0x77fffeb4>
     1a6:	3905                	c.jal	fffffdd6 <_stack_top+0x77fffdd6>
     1a8:	0213490b          	0x213490b
     1ac:	0018                	0x18
     1ae:	1100                	c.addi4spn	x8,x2,160
     1b0:	0034                	c.addi4spn	x13,x2,8
     1b2:	213a0803          	lb	x16,531(x20)
     1b6:	3b01                	c.jal	fffffec6 <_stack_top+0x77fffec6>
     1b8:	3905                	c.jal	fffffde8 <_stack_top+0x77fffde8>
     1ba:	0213490b          	0x213490b
     1be:	0018                	0x18
     1c0:	1200                	c.addi4spn	x8,x2,288
     1c2:	0024                	c.addi4spn	x9,x2,8
     1c4:	0b3e0b0b          	0xb3e0b0b
     1c8:	00000e03          	lb	x28,0(x0) # 0 <_start-0x80000000>
     1cc:	3f012e13          	slti	x28,x2,1008
     1d0:	0319                	c.addi	x6,6
     1d2:	3a0e                	c.fldsp	f20,224(x2)
     1d4:	0321                	c.addi	x6,8
     1d6:	0b390b3b          	0xb390b3b
     1da:	13491927          	0x13491927
     1de:	193c                	c.addi4spn	x15,x2,184
     1e0:	1301                	c.addi	x6,-32
     1e2:	0000                	c.unimp
     1e4:	2e14                	c.fld	f13,24(x12)
     1e6:	3f01                	c.jal	f6 <_start-0x7fffff0a>
     1e8:	0319                	c.addi	x6,6
     1ea:	3a0e                	c.fldsp	f20,224(x2)
     1ec:	0121                	c.addi	x2,8
     1ee:	02a4213b          	0x2a4213b
     1f2:	2139                	c.jal	600 <_start-0x7ffffa00>
     1f4:	3c13490f          	0x3c13490f
     1f8:	0119                	c.addi	x2,6
     1fa:	15000013          	addi	x0,x0,336
     1fe:	012e                	c.slli	x2,0xb
     200:	0803193f 3b01213a 	0x3b01213a0803193f
     208:	1921390b          	0x1921390b
     20c:	1349                	c.addi	x6,-14
     20e:	193c                	c.addi4spn	x15,x2,184
     210:	1301                	c.addi	x6,-32
     212:	0000                	c.unimp
     214:	2e16                	c.fldsp	f28,320(x2)
     216:	3f01                	c.jal	126 <_start-0x7ffffeda>
     218:	0319                	c.addi	x6,6
     21a:	3a0e                	c.fldsp	f20,224(x2)
     21c:	0121                	c.addi	x2,8
     21e:	0b390b3b          	0xb390b3b
     222:	13491927          	0x13491927
     226:	0111                	c.addi	x2,4
     228:	0612                	c.slli	x12,0x4
     22a:	1840                	c.addi4spn	x8,x2,52
     22c:	197c                	c.addi4spn	x15,x2,188
     22e:	1301                	c.addi	x6,-32
     230:	0000                	c.unimp
     232:	3f012e17          	auipc	x28,0x3f012
     236:	0319                	c.addi	x6,6
     238:	3a0e                	c.fldsp	f20,224(x2)
     23a:	0121                	c.addi	x2,8
     23c:	21390b3b          	0x21390b3b
     240:	11134907          	flq	f18,273(x6)
     244:	1201                	c.addi	x4,-32
     246:	4006                	0x4006
     248:	7c18                	c.flw	f14,56(x8)
     24a:	0119                	c.addi	x2,6
     24c:	18000013          	addi	x0,x0,384
     250:	0111                	c.addi	x2,4
     252:	0e25                	c.addi	x28,9
     254:	1f030b13          	addi	x22,x6,496
     258:	01111f1b          	0x1111f1b
     25c:	0612                	c.slli	x12,0x4
     25e:	1710                	c.addi4spn	x12,x2,928
     260:	0000                	c.unimp
     262:	0419                	c.addi	x8,6
     264:	0301                	c.addi	x6,0
     266:	3e0e                	c.fldsp	f28,224(x2)
     268:	490b0b0b          	0x490b0b0b
     26c:	3b0b3a13          	sltiu	x20,x22,944
     270:	010b390b          	0x10b390b
     274:	1a000013          	addi	x0,x0,416
     278:	0b0b000f          	0xb0b000f
     27c:	0000                	c.unimp
     27e:	0b00241b          	0xb00241b
     282:	030b3e0b          	0x30b3e0b
     286:	0008                	0x8
     288:	1c00                	c.addi4spn	x8,x2,560
     28a:	0101                	c.addi	x2,0
     28c:	1349                	c.addi	x6,-14
     28e:	1301                	c.addi	x6,-32
     290:	0000                	c.unimp
     292:	211d                	c.jal	6b8 <_start-0x7ffff948>
     294:	4900                	c.lw	x8,16(x10)
     296:	000b2f13          	slti	x30,x22,0
     29a:	1e00                	c.addi4spn	x8,x2,816
     29c:	0034                	c.addi4spn	x13,x2,8
     29e:	0b3a0e03          	lb	x28,179(x20)
     2a2:	0b390b3b          	0xb390b3b
     2a6:	1349                	c.addi	x6,-14
     2a8:	1802193f 2e1f0000 	0x2e1f00001802193f
     2b0:	3f01                	c.jal	1c0 <_start-0x7ffffe40>
     2b2:	0319                	c.addi	x6,6
     2b4:	3a0e                	c.fldsp	f20,224(x2)
     2b6:	390b3b0b          	0x390b3b0b
     2ba:	3c19270b          	0x3c19270b
     2be:	0119                	c.addi	x2,6
     2c0:	20000013          	addi	x0,x0,512
     2c4:	012e                	c.slli	x2,0xb
     2c6:	0e03193f 053b0b3a 	0x53b0b3a0e03193f
     2ce:	0b39                	c.addi	x22,14
     2d0:	13491927          	0x13491927
     2d4:	0111                	c.addi	x2,4
     2d6:	0612                	c.slli	x12,0x4
     2d8:	1840                	c.addi4spn	x8,x2,52
     2da:	197c                	c.addi4spn	x15,x2,188
     2dc:	1301                	c.addi	x6,-32
     2de:	0000                	c.unimp
     2e0:	2e21                	c.jal	5f8 <_start-0x7ffffa08>
     2e2:	3f01                	c.jal	1f2 <_start-0x7ffffe0e>
     2e4:	0319                	c.addi	x6,6
     2e6:	3a0e                	c.fldsp	f20,224(x2)
     2e8:	39053b0b          	0x39053b0b
     2ec:	1119270b          	0x1119270b
     2f0:	1201                	c.addi	x4,-32
     2f2:	4006                	0x4006
     2f4:	7c18                	c.flw	f14,56(x8)
     2f6:	0119                	c.addi	x2,6
     2f8:	22000013          	addi	x0,x0,544
     2fc:	0034                	c.addi4spn	x13,x2,8
     2fe:	0b3a0e03          	lb	x28,179(x20)
     302:	0b39053b          	0xb39053b
     306:	1349                	c.addi	x6,-14
     308:	1802                	c.slli	x16,0x20
     30a:	0000                	c.unimp
     30c:	3f012e23          	sw	x16,1020(x2) # 12011428 <_start-0x6dfeebd8>
     310:	0319                	c.addi	x6,6
     312:	3a08                	c.fld	f10,48(x12)
     314:	390b3b0b          	0x390b3b0b
     318:	3c13490b          	0x3c13490b
     31c:	0019                	c.addi	x0,6
     31e:	2400                	c.fld	f8,8(x8)
     320:	0034                	c.addi4spn	x13,x2,8
     322:	0b3a0803          	lb	x16,179(x20)
     326:	0b390b3b          	0xb390b3b
     32a:	1349                	c.addi	x6,-14
     32c:	0000                	c.unimp
     32e:	0b25                	c.addi	x22,9
     330:	1101                	c.addi	x2,-32
     332:	1201                	c.addi	x4,-32
     334:	0106                	c.slli	x2,0x1
     336:	26000013          	addi	x0,x0,608
     33a:	012e                	c.slli	x2,0xb
     33c:	0e03193f 0b3b0b3a 	0xb3b0b3a0e03193f
     344:	0b39                	c.addi	x22,14
     346:	0111                	c.addi	x2,4
     348:	0612                	c.slli	x12,0x4
     34a:	1840                	c.addi4spn	x8,x2,52
     34c:	197c                	c.addi4spn	x15,x2,188
     34e:	1301                	c.addi	x6,-32
     350:	0000                	c.unimp
     352:	3f012e27          	fsw	f16,1020(x2)
     356:	0319                	c.addi	x6,6
     358:	3a0e                	c.fldsp	f20,224(x2)
     35a:	390b3b0b          	0x390b3b0b
     35e:	4919270b          	0x4919270b
     362:	12011113          	0x12011113
     366:	4006                	0x4006
     368:	7a18                	c.flw	f14,48(x12)
     36a:	0019                	c.addi	x0,6
     36c:	0000                	c.unimp
     36e:	3401                	c.jal	fffffd6e <_stack_top+0x77fffd6e>
     370:	0300                	c.addi4spn	x8,x2,384
     372:	3a0e                	c.fldsp	f20,224(x2)
     374:	0121                	c.addi	x2,8
     376:	0b390b3b          	0xb390b3b
     37a:	1349                	c.addi	x6,-14
     37c:	1802                	c.slli	x16,0x20
     37e:	0000                	c.unimp
     380:	0502                	c.slli64	x10
     382:	0300                	c.addi4spn	x8,x2,384
     384:	3a08                	c.fld	f10,48(x12)
     386:	0121                	c.addi	x2,8
     388:	0b390b3b          	0xb390b3b
     38c:	1349                	c.addi	x6,-14
     38e:	1802                	c.slli	x16,0x20
     390:	0000                	c.unimp
     392:	03000503          	lb	x10,48(x0) # 30 <_start-0x7fffffd0>
     396:	3a0e                	c.fldsp	f20,224(x2)
     398:	0121                	c.addi	x2,8
     39a:	0b390b3b          	0xb390b3b
     39e:	1349                	c.addi	x6,-14
     3a0:	1802                	c.slli	x16,0x20
     3a2:	0000                	c.unimp
     3a4:	3404                	c.fld	f9,40(x8)
     3a6:	0300                	c.addi4spn	x8,x2,384
     3a8:	3a08                	c.fld	f10,48(x12)
     3aa:	0121                	c.addi	x2,8
     3ac:	0b390b3b          	0xb390b3b
     3b0:	1349                	c.addi	x6,-14
     3b2:	1802                	c.slli	x16,0x20
     3b4:	0000                	c.unimp
     3b6:	2e05                	c.jal	6e6 <_start-0x7ffff91a>
     3b8:	3f01                	c.jal	2c8 <_start-0x7ffffd38>
     3ba:	0319                	c.addi	x6,6
     3bc:	3a0e                	c.fldsp	f20,224(x2)
     3be:	0121                	c.addi	x2,8
     3c0:	0b390b3b          	0xb390b3b
     3c4:	13491927          	0x13491927
     3c8:	0111                	c.addi	x2,4
     3ca:	0612                	c.slli	x12,0x4
     3cc:	1840                	c.addi4spn	x8,x2,52
     3ce:	197a                	c.slli	x18,0x3e
     3d0:	1301                	c.addi	x6,-32
     3d2:	0000                	c.unimp
     3d4:	0b06                	c.slli	x22,0x1
     3d6:	1101                	c.addi	x2,-32
     3d8:	1201                	c.addi	x4,-32
     3da:	0006                	c.slli	x0,0x1
     3dc:	0700                	c.addi4spn	x8,x2,896
     3de:	210b000f          	0x210b000f
     3e2:	4904                	c.lw	x9,16(x10)
     3e4:	08000013          	addi	x0,x0,128
     3e8:	012e                	c.slli	x2,0xb
     3ea:	0e03193f 3b01213a 	0x3b01213a0e03193f
     3f2:	0621390b          	0x621390b
     3f6:	01111927          	0x1111927
     3fa:	0612                	c.slli	x12,0x4
     3fc:	1840                	c.addi4spn	x8,x2,52
     3fe:	197a                	c.slli	x18,0x3e
     400:	1301                	c.addi	x6,-32
     402:	0000                	c.unimp
     404:	1609                	c.addi	x12,-30
     406:	0300                	c.addi4spn	x8,x2,384
     408:	3a0e                	c.fldsp	f20,224(x2)
     40a:	0221                	c.addi	x4,8
     40c:	0b390b3b          	0xb390b3b
     410:	1349                	c.addi	x6,-14
     412:	0000                	c.unimp
     414:	240a                	c.fldsp	f8,128(x2)
     416:	0b00                	c.addi4spn	x8,x2,400
     418:	030b3e0b          	0x30b3e0b
     41c:	000e                	c.slli	x0,0x3
     41e:	0b00                	c.addi4spn	x8,x2,400
     420:	012e                	c.slli	x2,0xb
     422:	0803193f 3b01213a 	0x3b01213a0803193f
     42a:	0521390b          	0x521390b
     42e:	13491927          	0x13491927
     432:	0111                	c.addi	x2,4
     434:	0612                	c.slli	x12,0x4
     436:	1840                	c.addi4spn	x8,x2,52
     438:	197a                	c.slli	x18,0x3e
     43a:	1301                	c.addi	x6,-32
     43c:	0000                	c.unimp
     43e:	110c                	c.addi4spn	x11,x2,160
     440:	2501                	c.jal	a40 <_start-0x7ffff5c0>
     442:	130e                	c.slli	x6,0x23
     444:	1b1f030b          	0x1b1f030b
     448:	111f 1201 1006      	0x10061201111f
     44e:	0d000017          	auipc	x0,0xd000
     452:	012e                	c.slli	x2,0xb
     454:	0e03193f 0b3b0b3a 	0xb3b0b3a0e03193f
     45c:	0b39                	c.addi	x22,14
     45e:	13491927          	0x13491927
     462:	0111                	c.addi	x2,4
     464:	0612                	c.slli	x12,0x4
     466:	1840                	c.addi4spn	x8,x2,52
     468:	197c                	c.addi4spn	x15,x2,188
     46a:	1301                	c.addi	x6,-32
     46c:	0000                	c.unimp
     46e:	240e                	c.fldsp	f8,192(x2)
     470:	0b00                	c.addi4spn	x8,x2,400
     472:	030b3e0b          	0x30b3e0b
     476:	0008                	0x8
     478:	0f00                	c.addi4spn	x8,x2,912
     47a:	012e                	c.slli	x2,0xb
     47c:	0e03193f 0b3b0b3a 	0xb3b0b3a0e03193f
     484:	0b39                	c.addi	x22,14
     486:	01111927          	0x1111927
     48a:	0612                	c.slli	x12,0x4
     48c:	1840                	c.addi4spn	x8,x2,52
     48e:	197a                	c.slli	x18,0x3e
     490:	0000                	c.unimp
     492:	0100                	c.addi4spn	x8,x2,128
     494:	000d                	c.addi	x0,3
     496:	213a0803          	lb	x16,531(x20)
     49a:	3b04                	c.fld	f9,48(x14)
     49c:	490b390b          	0x490b390b
     4a0:	000b3813          	sltiu	x16,x22,0
     4a4:	0200                	c.addi4spn	x8,x2,256
     4a6:	0005                	c.addi	x0,1
     4a8:	1349                	c.addi	x6,-14
     4aa:	0000                	c.unimp
     4ac:	03000d03          	lb	x26,48(x0) # 30 <_start-0x7fffffd0>
     4b0:	3a0e                	c.fldsp	f20,224(x2)
     4b2:	390b3b0b          	0x390b3b0b
     4b6:	3813490b          	0x3813490b
     4ba:	0400000b          	0x400000b
     4be:	0034                	c.addi4spn	x13,x2,8
     4c0:	213a0e03          	lb	x28,531(x20)
     4c4:	3b01                	c.jal	1d4 <_start-0x7ffffe2c>
     4c6:	490b390b          	0x490b390b
     4ca:	00180213          	addi	x4,x16,1
     4ce:	0500                	c.addi4spn	x8,x2,640
     4d0:	210b000f          	0x210b000f
     4d4:	4904                	c.lw	x9,16(x10)
     4d6:	06000013          	addi	x0,x0,96
     4da:	012e                	c.slli	x2,0xb
     4dc:	0e03193f 0b3b0b3a 	0xb3b0b3a0e03193f
     4e4:	2139                	c.jal	8f2 <_start-0x7ffff70e>
     4e6:	2706                	c.fldsp	f14,64(x2)
     4e8:	3c19                	c.jal	fffffefe <_stack_top+0x77fffefe>
     4ea:	0119                	c.addi	x2,6
     4ec:	07000013          	addi	x0,x0,112
     4f0:	0111010b          	0x111010b
     4f4:	0612                	c.slli	x12,0x4
     4f6:	0000                	c.unimp
     4f8:	3408                	c.fld	f10,40(x8)
     4fa:	0300                	c.addi4spn	x8,x2,384
     4fc:	3a08                	c.fld	f10,48(x12)
     4fe:	0121                	c.addi	x2,8
     500:	0b390b3b          	0xb390b3b
     504:	1349                	c.addi	x6,-14
     506:	1802                	c.slli	x16,0x20
     508:	0000                	c.unimp
     50a:	1309                	c.addi	x6,-30
     50c:	0301                	c.addi	x6,0
     50e:	0b0e                	c.slli	x22,0x3
     510:	3b0b3a0b          	0x3b0b3a0b
     514:	010b390b          	0x10b390b
     518:	0a000013          	addi	x0,x0,160
     51c:	0028                	c.addi4spn	x10,x2,8
     51e:	0b1c0e03          	lb	x28,177(x24) # 180b1 <_start-0x7ffe7f4f>
     522:	0000                	c.unimp
     524:	0300340b          	0x300340b
     528:	3a08                	c.fld	f10,48(x12)
     52a:	0121                	c.addi	x2,8
     52c:	0b39053b          	0xb39053b
     530:	1349                	c.addi	x6,-14
     532:	1802                	c.slli	x16,0x20
     534:	0000                	c.unimp
     536:	160c                	c.addi4spn	x11,x2,800
     538:	0300                	c.addi4spn	x8,x2,384
     53a:	3a0e                	c.fldsp	f20,224(x2)
     53c:	390b3b0b          	0x390b3b0b
     540:	0013490b          	0x13490b
     544:	0d00                	c.addi4spn	x8,x2,656
     546:	0018                	0x18
     548:	0000                	c.unimp
     54a:	050e                	c.slli	x10,0x3
     54c:	0300                	c.addi4spn	x8,x2,384
     54e:	3a0e                	c.fldsp	f20,224(x2)
     550:	0121                	c.addi	x2,8
     552:	0b390b3b          	0xb390b3b
     556:	1349                	c.addi	x6,-14
     558:	1802                	c.slli	x16,0x20
     55a:	0000                	c.unimp
     55c:	3f012e0f          	0x3f012e0f
     560:	0319                	c.addi	x6,6
     562:	3a0e                	c.fldsp	f20,224(x2)
     564:	390b3b0b          	0x390b3b0b
     568:	4919270b          	0x4919270b
     56c:	01193c13          	sltiu	x24,x18,17
     570:	10000013          	addi	x0,x0,256
     574:	0005                	c.addi	x0,1
     576:	213a0e03          	lb	x28,531(x20)
     57a:	3b01                	c.jal	28a <_start-0x7ffffd76>
     57c:	3905                	c.jal	1ac <_start-0x7ffffe54>
     57e:	0213490b          	0x213490b
     582:	0018                	0x18
     584:	1100                	c.addi4spn	x8,x2,160
     586:	0034                	c.addi4spn	x13,x2,8
     588:	213a0e03          	lb	x28,531(x20)
     58c:	3b01                	c.jal	29c <_start-0x7ffffd64>
     58e:	3905                	c.jal	1be <_start-0x7ffffe42>
     590:	0213490b          	0x213490b
     594:	0018                	0x18
     596:	1200                	c.addi4spn	x8,x2,288
     598:	012e                	c.slli	x2,0xb
     59a:	0e03193f 3b01213a 	0x3b01213a0e03193f
     5a2:	270b390b          	0x270b390b
     5a6:	4919                	c.li	x18,6
     5a8:	12011113          	0x12011113
     5ac:	4006                	0x4006
     5ae:	7a18                	c.flw	f14,48(x12)
     5b0:	0119                	c.addi	x2,6
     5b2:	13000013          	addi	x0,x0,304
     5b6:	012e                	c.slli	x2,0xb
     5b8:	0e03193f 3b01213a 	0x3b01213a0e03193f
     5c0:	3905                	c.jal	1f0 <_start-0x7ffffe10>
     5c2:	0621                	c.addi	x12,8
     5c4:	01111927          	0x1111927
     5c8:	0612                	c.slli	x12,0x4
     5ca:	1840                	c.addi4spn	x8,x2,52
     5cc:	197c                	c.addi4spn	x15,x2,188
     5ce:	1301                	c.addi	x6,-32
     5d0:	0000                	c.unimp
     5d2:	2e14                	c.fld	f13,24(x12)
     5d4:	3f01                	c.jal	4e4 <_start-0x7ffffb1c>
     5d6:	0319                	c.addi	x6,6
     5d8:	3a0e                	c.fldsp	f20,224(x2)
     5da:	0121                	c.addi	x2,8
     5dc:	21390b3b          	0x21390b3b
     5e0:	2706                	c.fldsp	f14,64(x2)
     5e2:	1119                	c.addi	x2,-26
     5e4:	1201                	c.addi	x4,-32
     5e6:	4006                	0x4006
     5e8:	7c18                	c.flw	f14,56(x8)
     5ea:	0119                	c.addi	x2,6
     5ec:	15000013          	addi	x0,x0,336
     5f0:	0005                	c.addi	x0,1
     5f2:	213a0803          	lb	x16,531(x20)
     5f6:	3b01                	c.jal	306 <_start-0x7ffffcfa>
     5f8:	490b390b          	0x490b390b
     5fc:	00180213          	addi	x4,x16,1
     600:	1600                	c.addi4spn	x8,x2,800
     602:	0024                	c.addi4spn	x9,x2,8
     604:	0b3e0b0b          	0xb3e0b0b
     608:	00000e03          	lb	x28,0(x0) # 0 <_start-0x80000000>
     60c:	49010117          	auipc	x2,0x49010
     610:	00130113          	addi	x2,x6,1
     614:	1800                	c.addi4spn	x8,x2,48
     616:	0021                	c.addi	x0,8
     618:	1349                	c.addi	x6,-14
     61a:	00000b2f          	0xb2f
     61e:	3419                	c.jal	24 <_start-0x7fffffdc>
     620:	0300                	c.addi4spn	x8,x2,384
     622:	3a0e                	c.fldsp	f20,224(x2)
     624:	0121                	c.addi	x2,8
     626:	0b390b3b          	0xb390b3b
     62a:	1349                	c.addi	x6,-14
     62c:	193c193f 341a0000 	0x341a0000193c193f
     634:	0300                	c.addi4spn	x8,x2,384
     636:	3a0e                	c.fldsp	f20,224(x2)
     638:	0121                	c.addi	x2,8
     63a:	0b390b3b          	0xb390b3b
     63e:	1349                	c.addi	x6,-14
     640:	1802193f 2e1b0000 	0x2e1b00001802193f
     648:	3f01                	c.jal	558 <_start-0x7ffffaa8>
     64a:	0319                	c.addi	x6,6
     64c:	3a0e                	c.fldsp	f20,224(x2)
     64e:	0521                	c.addi	x10,8
     650:	21390b3b          	0x21390b3b
     654:	3c06                	c.fldsp	f24,96(x2)
     656:	0119                	c.addi	x2,6
     658:	1c000013          	addi	x0,x0,448
     65c:	012e                	c.slli	x2,0xb
     65e:	0e03193f 3b03213a 	0x3b03213a0e03193f
     666:	0721390b          	0x721390b
     66a:	1349                	c.addi	x6,-14
     66c:	193c                	c.addi4spn	x15,x2,184
     66e:	1301                	c.addi	x6,-32
     670:	0000                	c.unimp
     672:	2e1d                	c.jal	9a8 <_start-0x7ffff658>
     674:	3f01                	c.jal	584 <_start-0x7ffffa7c>
     676:	0319                	c.addi	x6,6
     678:	3a0e                	c.fldsp	f20,224(x2)
     67a:	0121                	c.addi	x2,8
     67c:	0b390b3b          	0xb390b3b
     680:	0111                	c.addi	x2,4
     682:	0612                	c.slli	x12,0x4
     684:	1840                	c.addi4spn	x8,x2,52
     686:	197c                	c.addi4spn	x15,x2,188
     688:	1301                	c.addi	x6,-32
     68a:	0000                	c.unimp
     68c:	2e1e                	c.fldsp	f28,448(x2)
     68e:	3f01                	c.jal	59e <_start-0x7ffffa62>
     690:	0319                	c.addi	x6,6
     692:	3a0e                	c.fldsp	f20,224(x2)
     694:	0121                	c.addi	x2,8
     696:	0b390b3b          	0xb390b3b
     69a:	1349                	c.addi	x6,-14
     69c:	0111                	c.addi	x2,4
     69e:	0612                	c.slli	x12,0x4
     6a0:	1840                	c.addi4spn	x8,x2,52
     6a2:	197c                	c.addi4spn	x15,x2,188
     6a4:	1301                	c.addi	x6,-32
     6a6:	0000                	c.unimp
     6a8:	111f 2501 130e      	0x130e2501111f
     6ae:	1b1f030b          	0x1b1f030b
     6b2:	111f 1201 1006      	0x10061201111f
     6b8:	20000017          	auipc	x0,0x20000
     6bc:	0026                	c.slli	x0,0x9
     6be:	1349                	c.addi	x6,-14
     6c0:	0000                	c.unimp
     6c2:	0421                	c.addi	x8,8
     6c4:	0301                	c.addi	x6,0
     6c6:	3e0e                	c.fldsp	f28,224(x2)
     6c8:	490b0b0b          	0x490b0b0b
     6cc:	3b0b3a13          	sltiu	x20,x22,944
     6d0:	010b390b          	0x10b390b
     6d4:	22000013          	addi	x0,x0,544
     6d8:	0b0b000f          	0xb0b000f
     6dc:	0000                	c.unimp
     6de:	0b002423          	sw	x16,168(x0) # a8 <_start-0x7fffff58>
     6e2:	030b3e0b          	0x30b3e0b
     6e6:	0008                	0x8
     6e8:	2400                	c.fld	f8,8(x8)
     6ea:	08030113          	addi	x2,x6,128
     6ee:	0b3a0b0b          	0xb3a0b0b
     6f2:	0b390b3b          	0xb390b3b
     6f6:	1301                	c.addi	x6,-32
     6f8:	0000                	c.unimp
     6fa:	1625                	c.addi	x12,-23
     6fc:	0300                	c.addi4spn	x8,x2,384
     6fe:	3a08                	c.fld	f10,48(x12)
     700:	390b3b0b          	0x390b3b0b
     704:	0013490b          	0x13490b
     708:	2600                	c.fld	f8,8(x12)
     70a:	0034                	c.addi4spn	x13,x2,8
     70c:	0b3a0803          	lb	x16,179(x20)
     710:	0b390b3b          	0xb390b3b
     714:	1349                	c.addi	x6,-14
     716:	1802193f 2e270000 	0x2e2700001802193f
     71e:	3f00                	c.fld	f8,56(x14)
     720:	0319                	c.addi	x6,6
     722:	3a0e                	c.fldsp	f20,224(x2)
     724:	39053b0b          	0x39053b0b
     728:	1201110b          	0x1201110b
     72c:	4006                	0x4006
     72e:	7a18                	c.flw	f14,48(x12)
     730:	0019                	c.addi	x0,6
     732:	2800                	c.fld	f8,16(x8)
     734:	012e                	c.slli	x2,0xb
     736:	0e03193f 053b0b3a 	0x53b0b3a0e03193f
     73e:	0b39                	c.addi	x22,14
     740:	13491927          	0x13491927
     744:	0111                	c.addi	x2,4
     746:	0612                	c.slli	x12,0x4
     748:	1840                	c.addi4spn	x8,x2,52
     74a:	197c                	c.addi4spn	x15,x2,188
     74c:	1301                	c.addi	x6,-32
     74e:	0000                	c.unimp
     750:	2e29                	c.jal	a6a <_start-0x7ffff596>
     752:	3f01                	c.jal	662 <_start-0x7ffff99e>
     754:	0319                	c.addi	x6,6
     756:	3a0e                	c.fldsp	f20,224(x2)
     758:	39053b0b          	0x39053b0b
     75c:	3c13490b          	0x3c13490b
     760:	0019                	c.addi	x0,6
     762:	2a00                	c.fld	f8,16(x12)
     764:	012e                	c.slli	x2,0xb
     766:	0e03193f 0b3b0b3a 	0xb3b0b3a0e03193f
     76e:	0b39                	c.addi	x22,14
     770:	13491927          	0x13491927
     774:	0111                	c.addi	x2,4
     776:	0612                	c.slli	x12,0x4
     778:	1840                	c.addi4spn	x8,x2,52
     77a:	197c                	c.addi4spn	x15,x2,188
     77c:	1301                	c.addi	x6,-32
     77e:	0000                	c.unimp
     780:	11010b2b          	0x11010b2b
     784:	1201                	c.addi	x4,-32
     786:	0106                	c.slli	x2,0x1
     788:	2c000013          	addi	x0,x0,704
     78c:	012e                	c.slli	x2,0xb
     78e:	0e03193f 0b3b0b3a 	0xb3b0b3a0e03193f
     796:	0b39                	c.addi	x22,14
     798:	01111927          	0x1111927
     79c:	0612                	c.slli	x12,0x4
     79e:	1840                	c.addi4spn	x8,x2,52
     7a0:	197a                	c.slli	x18,0x3e
     7a2:	1301                	c.addi	x6,-32
     7a4:	0000                	c.unimp
     7a6:	2e2d                	c.jal	ae0 <_start-0x7ffff520>
     7a8:	3f00                	c.fld	f8,56(x14)
     7aa:	0319                	c.addi	x6,6
     7ac:	3a0e                	c.fldsp	f20,224(x2)
     7ae:	390b3b0b          	0x390b3b0b
     7b2:	1113490b          	0x1113490b
     7b6:	1201                	c.addi	x4,-32
     7b8:	4006                	0x4006
     7ba:	7a18                	c.flw	f14,48(x12)
     7bc:	0019                	c.addi	x0,6
     7be:	0000                	c.unimp
     7c0:	3401                	c.jal	1c0 <_start-0x7ffffe40>
     7c2:	0300                	c.addi4spn	x8,x2,384
     7c4:	3a0e                	c.fldsp	f20,224(x2)
     7c6:	0121                	c.addi	x2,8
     7c8:	21390b3b          	0x21390b3b
     7cc:	4908                	c.lw	x10,16(x10)
     7ce:	02193f13          	sltiu	x30,x18,33
     7d2:	0018                	0x18
     7d4:	0200                	c.addi4spn	x8,x2,256
     7d6:	0111                	c.addi	x2,4
     7d8:	0e25                	c.addi	x28,9
     7da:	1f030b13          	addi	x22,x6,496
     7de:	01111f1b          	0x1111f1b
     7e2:	0612                	c.slli	x12,0x4
     7e4:	1710                	c.addi4spn	x12,x2,928
     7e6:	0000                	c.unimp
     7e8:	03001603          	lh	x12,48(x0) # 30 <_start-0x7fffffd0>
     7ec:	3a0e                	c.fldsp	f20,224(x2)
     7ee:	390b3b0b          	0x390b3b0b
     7f2:	0013490b          	0x13490b
     7f6:	0400                	c.addi4spn	x8,x2,512
     7f8:	0024                	c.addi4spn	x9,x2,8
     7fa:	0b3e0b0b          	0xb3e0b0b
     7fe:	00000e03          	lb	x28,0(x0) # 0 <_start-0x80000000>
     802:	0105                	c.addi	x2,1
     804:	4901                	c.li	x18,0
     806:	00130113          	addi	x2,x6,1
     80a:	0600                	c.addi4spn	x8,x2,768
     80c:	0021                	c.addi	x0,8
     80e:	1349                	c.addi	x6,-14
     810:	00000b2f          	0xb2f
     814:	3f012e07          	flw	f28,1008(x2) # 490109fc <_start-0x36fef604>
     818:	0319                	c.addi	x6,6
     81a:	3a0e                	c.fldsp	f20,224(x2)
     81c:	390b3b0b          	0x390b3b0b
     820:	01193c0b          	0x1193c0b
     824:	08000013          	addi	x0,x0,128
     828:	0018                	0x18
     82a:	0000                	c.unimp
     82c:	2e09                	c.jal	b3e <_start-0x7ffff4c2>
     82e:	3f01                	c.jal	73e <_start-0x7ffff8c2>
     830:	0319                	c.addi	x6,6
     832:	3a0e                	c.fldsp	f20,224(x2)
     834:	390b3b0b          	0x390b3b0b
     838:	1119270b          	0x1119270b
     83c:	1201                	c.addi	x4,-32
     83e:	4006                	0x4006
     840:	7a18                	c.flw	f14,48(x12)
     842:	0119                	c.addi	x2,6
     844:	0a000013          	addi	x0,x0,160
     848:	0034                	c.addi4spn	x13,x2,8
     84a:	0b3a0e03          	lb	x28,179(x20)
     84e:	0b390b3b          	0xb390b3b
     852:	1349                	c.addi	x6,-14
     854:	1802                	c.slli	x16,0x20
     856:	0000                	c.unimp
     858:	3f002e0b          	0x3f002e0b
     85c:	0319                	c.addi	x6,6
     85e:	3a0e                	c.fldsp	f20,224(x2)
     860:	390b3b0b          	0x390b3b0b
     864:	1201110b          	0x1201110b
     868:	4006                	0x4006
     86a:	7a18                	c.flw	f14,48(x12)
     86c:	0019                	c.addi	x0,6
     86e:	0000                	c.unimp
     870:	0d01                	c.addi	x26,0
     872:	0300                	c.addi4spn	x8,x2,384
     874:	3a08                	c.fld	f10,48(x12)
     876:	0221                	c.addi	x4,8
     878:	0b390b3b          	0xb390b3b
     87c:	1349                	c.addi	x6,-14
     87e:	0b38                	c.addi4spn	x14,x2,408
     880:	0000                	c.unimp
     882:	0d02                	c.slli64	x26
     884:	0300                	c.addi4spn	x8,x2,384
     886:	3a0e                	c.fldsp	f20,224(x2)
     888:	0221                	c.addi	x4,8
     88a:	0b390b3b          	0xb390b3b
     88e:	1349                	c.addi	x6,-14
     890:	0b38                	c.addi4spn	x14,x2,408
     892:	0000                	c.unimp
     894:	03002803          	lw	x16,48(x0) # 30 <_start-0x7fffffd0>
     898:	1c0e                	c.slli	x24,0x23
     89a:	0400000b          	0x400000b
     89e:	210b000f          	0x210b000f
     8a2:	4904                	c.lw	x9,16(x10)
     8a4:	05000013          	addi	x0,x0,80
     8a8:	0e030113          	addi	x2,x6,224
     8ac:	213a0b0b          	0x213a0b0b
     8b0:	3b02                	c.fldsp	f22,32(x2)
     8b2:	010b390b          	0x10b390b
     8b6:	06000013          	addi	x0,x0,96
     8ba:	0016                	c.slli	x0,0x5
     8bc:	0b3a0e03          	lb	x28,179(x20)
     8c0:	0b390b3b          	0xb390b3b
     8c4:	1349                	c.addi	x6,-14
     8c6:	0000                	c.unimp
     8c8:	0b002407          	flw	f8,176(x0) # b0 <_start-0x7fffff50>
     8cc:	030b3e0b          	0x30b3e0b
     8d0:	000e                	c.slli	x0,0x3
     8d2:	0800                	c.addi4spn	x8,x2,16
     8d4:	0101                	c.addi	x2,0
     8d6:	1349                	c.addi	x6,-14
     8d8:	1301                	c.addi	x6,-32
     8da:	0000                	c.unimp
     8dc:	2109                	c.jal	cde <_start-0x7ffff322>
     8de:	4900                	c.lw	x8,16(x10)
     8e0:	000b2f13          	slti	x30,x22,0
     8e4:	0a00                	c.addi4spn	x8,x2,272
     8e6:	0005                	c.addi	x0,1
     8e8:	1349                	c.addi	x6,-14
     8ea:	0000                	c.unimp
     8ec:	11010b0b          	0x11010b0b
     8f0:	1201                	c.addi	x4,-32
     8f2:	0006                	c.slli	x0,0x1
     8f4:	0c00                	c.addi4spn	x8,x2,528
     8f6:	0111                	c.addi	x2,4
     8f8:	0e25                	c.addi	x28,9
     8fa:	1f030b13          	addi	x22,x6,496
     8fe:	01111f1b          	0x1111f1b
     902:	0612                	c.slli	x12,0x4
     904:	1710                	c.addi4spn	x12,x2,928
     906:	0000                	c.unimp
     908:	040d                	c.addi	x8,3
     90a:	0301                	c.addi	x6,0
     90c:	3e0e                	c.fldsp	f28,224(x2)
     90e:	490b0b0b          	0x490b0b0b
     912:	3b0b3a13          	sltiu	x20,x22,944
     916:	010b390b          	0x10b390b
     91a:	0e000013          	addi	x0,x0,224
     91e:	0b0b000f          	0xb0b000f
     922:	0000                	c.unimp
     924:	0b00240f          	0xb00240f
     928:	030b3e0b          	0x30b3e0b
     92c:	0008                	0x8
     92e:	1000                	c.addi4spn	x8,x2,32
     930:	08030113          	addi	x2,x6,128
     934:	0b3a0b0b          	0xb3a0b0b
     938:	0b390b3b          	0xb390b3b
     93c:	1301                	c.addi	x6,-32
     93e:	0000                	c.unimp
     940:	1611                	c.addi	x12,-28
     942:	0300                	c.addi4spn	x8,x2,384
     944:	3a08                	c.fld	f10,48(x12)
     946:	390b3b0b          	0x390b3b0b
     94a:	0013490b          	0x13490b
     94e:	1200                	c.addi4spn	x8,x2,288
     950:	0034                	c.addi4spn	x13,x2,8
     952:	0b3a0e03          	lb	x28,179(x20)
     956:	0b390b3b          	0xb390b3b
     95a:	1349                	c.addi	x6,-14
     95c:	193c193f 34130000 	0x34130000193c193f
     964:	0300                	c.addi4spn	x8,x2,384
     966:	3a08                	c.fld	f10,48(x12)
     968:	390b3b0b          	0x390b3b0b
     96c:	3f13490b          	0x3f13490b
     970:	3c19                	c.jal	386 <_start-0x7ffffc7a>
     972:	0019                	c.addi	x0,6
     974:	1400                	c.addi4spn	x8,x2,544
     976:	012e                	c.slli	x2,0xb
     978:	0e03193f 0b3b0b3a 	0xb3b0b3a0e03193f
     980:	0b39                	c.addi	x22,14
     982:	193c1927          	0x193c1927
     986:	1301                	c.addi	x6,-32
     988:	0000                	c.unimp
     98a:	2e15                	c.jal	cbe <_start-0x7ffff342>
     98c:	3f01                	c.jal	89c <_start-0x7ffff764>
     98e:	0319                	c.addi	x6,6
     990:	3a0e                	c.fldsp	f20,224(x2)
     992:	390b3b0b          	0x390b3b0b
     996:	1201110b          	0x1201110b
     99a:	4006                	0x4006
     99c:	7c18                	c.flw	f14,56(x8)
     99e:	0019                	c.addi	x0,6
     9a0:	1600                	c.addi4spn	x8,x2,800
     9a2:	0034                	c.addi4spn	x13,x2,8
     9a4:	0b3a0e03          	lb	x28,179(x20)
     9a8:	0b390b3b          	0xb390b3b
     9ac:	1349                	c.addi	x6,-14
     9ae:	1802                	c.slli	x16,0x20
     9b0:	0000                	c.unimp
     9b2:	03003417          	auipc	x8,0x3003
     9b6:	3a08                	c.fld	f10,48(x12)
     9b8:	390b3b0b          	0x390b3b0b
     9bc:	0213490b          	0x213490b
     9c0:	0018                	0x18
     9c2:	0000                	c.unimp
     9c4:	0d01                	c.addi	x26,0
     9c6:	0300                	c.addi4spn	x8,x2,384
     9c8:	3a08                	c.fld	f10,48(x12)
     9ca:	0221                	c.addi	x4,8
     9cc:	0b390b3b          	0xb390b3b
     9d0:	1349                	c.addi	x6,-14
     9d2:	0b38                	c.addi4spn	x14,x2,408
     9d4:	0000                	c.unimp
     9d6:	0d02                	c.slli64	x26
     9d8:	0300                	c.addi4spn	x8,x2,384
     9da:	3a0e                	c.fldsp	f20,224(x2)
     9dc:	0221                	c.addi	x4,8
     9de:	0b390b3b          	0xb390b3b
     9e2:	1349                	c.addi	x6,-14
     9e4:	0b38                	c.addi4spn	x14,x2,408
     9e6:	0000                	c.unimp
     9e8:	00001803          	lh	x16,0(x0) # 0 <_start-0x80000000>
     9ec:	0400                	c.addi4spn	x8,x2,512
     9ee:	0005                	c.addi	x0,1
     9f0:	1349                	c.addi	x6,-14
     9f2:	0000                	c.unimp
     9f4:	2e05                	c.jal	d24 <_start-0x7ffff2dc>
     9f6:	3f01                	c.jal	906 <_start-0x7ffff6fa>
     9f8:	0319                	c.addi	x6,6
     9fa:	3a0e                	c.fldsp	f20,224(x2)
     9fc:	390b3b0b          	0x390b3b0b
     a00:	3c13490b          	0x3c13490b
     a04:	0119                	c.addi	x2,6
     a06:	06000013          	addi	x0,x0,96
     a0a:	0028                	c.addi4spn	x10,x2,8
     a0c:	0b1c0e03          	lb	x28,177(x24)
     a10:	0000                	c.unimp
     a12:	03003407          	fld	f8,48(x0) # 30 <_start-0x7fffffd0>
     a16:	3a0e                	c.fldsp	f20,224(x2)
     a18:	0121                	c.addi	x2,8
     a1a:	0b390b3b          	0xb390b3b
     a1e:	1349                	c.addi	x6,-14
     a20:	1802                	c.slli	x16,0x20
     a22:	0000                	c.unimp
     a24:	0f08                	c.addi4spn	x10,x2,912
     a26:	0b00                	c.addi4spn	x8,x2,400
     a28:	0421                	c.addi	x8,8
     a2a:	1349                	c.addi	x6,-14
     a2c:	0000                	c.unimp
     a2e:	3409                	c.jal	430 <_start-0x7ffffbd0>
     a30:	0300                	c.addi4spn	x8,x2,384
     a32:	3a08                	c.fld	f10,48(x12)
     a34:	0121                	c.addi	x2,8
     a36:	0b390b3b          	0xb390b3b
     a3a:	1349                	c.addi	x6,-14
     a3c:	1802                	c.slli	x16,0x20
     a3e:	0000                	c.unimp
     a40:	130a                	c.slli	x6,0x22
     a42:	0301                	c.addi	x6,0
     a44:	0b0e                	c.slli	x22,0x3
     a46:	02213a0b          	0x2213a0b
     a4a:	0b390b3b          	0xb390b3b
     a4e:	1301                	c.addi	x6,-32
     a50:	0000                	c.unimp
     a52:	0300340b          	0x300340b
     a56:	3a0e                	c.fldsp	f20,224(x2)
     a58:	0121                	c.addi	x2,8
     a5a:	21390b3b          	0x21390b3b
     a5e:	3f134907          	flq	f18,1009(x6)
     a62:	0219                	c.addi	x4,6
     a64:	0018                	0x18
     a66:	0c00                	c.addi4spn	x8,x2,528
     a68:	012e                	c.slli	x2,0xb
     a6a:	0e03193f 0b3b0b3a 	0xb3b0b3a0e03193f
     a72:	2139                	c.jal	e80 <_start-0x7ffff180>
     a74:	3c06                	c.fldsp	f24,96(x2)
     a76:	0119                	c.addi	x2,6
     a78:	0d000013          	addi	x0,x0,208
     a7c:	012e                	c.slli	x2,0xb
     a7e:	0e03193f 0b3b0b3a 	0xb3b0b3a0e03193f
     a86:	2139                	c.jal	e94 <_start-0x7ffff16c>
     a88:	2706                	c.fldsp	f14,64(x2)
     a8a:	3c19                	c.jal	4a0 <_start-0x7ffffb60>
     a8c:	0119                	c.addi	x2,6
     a8e:	0e000013          	addi	x0,x0,224
     a92:	012e                	c.slli	x2,0xb
     a94:	0e03193f 3b01213a 	0x3b01213a0e03193f
     a9c:	490b390b          	0x490b390b
     aa0:	00193c13          	sltiu	x24,x18,1
     aa4:	0f00                	c.addi4spn	x8,x2,912
     aa6:	0016                	c.slli	x0,0x5
     aa8:	0b3a0e03          	lb	x28,179(x20)
     aac:	0b390b3b          	0xb390b3b
     ab0:	1349                	c.addi	x6,-14
     ab2:	0000                	c.unimp
     ab4:	2410                	c.fld	f12,8(x8)
     ab6:	0b00                	c.addi4spn	x8,x2,400
     ab8:	030b3e0b          	0x30b3e0b
     abc:	000e                	c.slli	x0,0x3
     abe:	1100                	c.addi4spn	x8,x2,160
     ac0:	012e                	c.slli	x2,0xb
     ac2:	0e03193f 0b3b0b3a 	0xb3b0b3a0e03193f
     aca:	0b39                	c.addi	x22,14
     acc:	13491927          	0x13491927
     ad0:	193c                	c.addi4spn	x15,x2,184
     ad2:	1301                	c.addi	x6,-32
     ad4:	0000                	c.unimp
     ad6:	1112                	c.slli	x2,0x24
     ad8:	2501                	c.jal	10d8 <_start-0x7fffef28>
     ada:	130e                	c.slli	x6,0x23
     adc:	1b1f030b          	0x1b1f030b
     ae0:	111f 1201 1006      	0x10061201111f
     ae6:	13000017          	auipc	x0,0x13000
     aea:	0104                	c.addi4spn	x9,x2,128
     aec:	0b3e0e03          	lb	x28,179(x28) # 3f0122e5 <_start-0x40fedd1b>
     af0:	13490b0b          	0x13490b0b
     af4:	0b3a                	c.slli	x22,0xe
     af6:	0b390b3b          	0xb390b3b
     afa:	1301                	c.addi	x6,-32
     afc:	0000                	c.unimp
     afe:	0f14                	c.addi4spn	x13,x2,912
     b00:	0b00                	c.addi4spn	x8,x2,400
     b02:	1500000b          	0x1500000b
     b06:	0024                	c.addi4spn	x9,x2,8
     b08:	0b3e0b0b          	0xb3e0b0b
     b0c:	00000803          	lb	x16,0(x0) # 0 <_start-0x80000000>
     b10:	0116                	c.slli	x2,0x5
     b12:	4901                	c.li	x18,0
     b14:	00130113          	addi	x2,x6,1
     b18:	1700                	c.addi4spn	x8,x2,928
     b1a:	0021                	c.addi	x0,8
     b1c:	1349                	c.addi	x6,-14
     b1e:	00000b2f          	0xb2f
     b22:	2e18                	c.fld	f14,24(x12)
     b24:	3f01                	c.jal	a34 <_start-0x7ffff5cc>
     b26:	0319                	c.addi	x6,6
     b28:	3a0e                	c.fldsp	f20,224(x2)
     b2a:	390b3b0b          	0x390b3b0b
     b2e:	1201110b          	0x1201110b
     b32:	4006                	0x4006
     b34:	7c18                	c.flw	f14,56(x8)
     b36:	0119                	c.addi	x2,6
     b38:	19000013          	addi	x0,x0,400
     b3c:	1755010b          	0x1755010b
     b40:	1301                	c.addi	x6,-32
     b42:	0000                	c.unimp
     b44:	0b1a                	c.slli	x22,0x6
     b46:	1101                	c.addi	x2,-32
     b48:	1201                	c.addi	x4,-32
     b4a:	0106                	c.slli	x2,0x1
     b4c:	1b000013          	addi	x0,x0,432
     b50:	1755010b          	0x1755010b
     b54:	0000                	c.unimp
     b56:	0b1c                	c.addi4spn	x15,x2,400
     b58:	1101                	c.addi	x2,-32
     b5a:	1201                	c.addi	x4,-32
     b5c:	0006                	c.slli	x0,0x1
     b5e:	1d00                	c.addi4spn	x8,x2,688
     b60:	012e                	c.slli	x2,0xb
     b62:	0e03193f 0b3b0b3a 	0xb3b0b3a0e03193f
     b6a:	0b39                	c.addi	x22,14
     b6c:	01111927          	0x1111927
     b70:	0612                	c.slli	x12,0x4
     b72:	1840                	c.addi4spn	x8,x2,52
     b74:	197c                	c.addi4spn	x15,x2,188
     b76:	0000                	c.unimp
     b78:	0100                	c.addi4spn	x8,x2,128
     b7a:	0034                	c.addi4spn	x13,x2,8
     b7c:	213a0803          	lb	x16,531(x20)
     b80:	3b01                	c.jal	890 <_start-0x7ffff770>
     b82:	0c21390b          	0xc21390b
     b86:	1349                	c.addi	x6,-14
     b88:	1802                	c.slli	x16,0x20
     b8a:	0000                	c.unimp
     b8c:	0502                	c.slli64	x10
     b8e:	0300                	c.addi4spn	x8,x2,384
     b90:	3a08                	c.fld	f10,48(x12)
     b92:	0121                	c.addi	x2,8
     b94:	0b390b3b          	0xb390b3b
     b98:	1349                	c.addi	x6,-14
     b9a:	1802                	c.slli	x16,0x20
     b9c:	0000                	c.unimp
     b9e:	03012e03          	lw	x28,48(x2)
     ba2:	3a0e                	c.fldsp	f20,224(x2)
     ba4:	0121                	c.addi	x2,8
     ba6:	21390b3b          	0x21390b3b
     baa:	2714                	c.fld	f13,8(x14)
     bac:	1119                	c.addi	x2,-26
     bae:	1201                	c.addi	x4,-32
     bb0:	4006                	0x4006
     bb2:	7a18                	c.flw	f14,48(x12)
     bb4:	0119                	c.addi	x2,6
     bb6:	04000013          	addi	x0,x0,64
     bba:	0111                	c.addi	x2,4
     bbc:	0e25                	c.addi	x28,9
     bbe:	1f030b13          	addi	x22,x6,496
     bc2:	01111f1b          	0x1111f1b
     bc6:	0612                	c.slli	x12,0x4
     bc8:	1710                	c.addi4spn	x12,x2,928
     bca:	0000                	c.unimp
     bcc:	1605                	c.addi	x12,-31
     bce:	0300                	c.addi4spn	x8,x2,384
     bd0:	3a0e                	c.fldsp	f20,224(x2)
     bd2:	390b3b0b          	0x390b3b0b
     bd6:	0013490b          	0x13490b
     bda:	0600                	c.addi4spn	x8,x2,768
     bdc:	0024                	c.addi4spn	x9,x2,8
     bde:	0b3e0b0b          	0xb3e0b0b
     be2:	00000e03          	lb	x28,0(x0) # 0 <_start-0x80000000>
     be6:	3f012e07          	flw	f28,1008(x2)
     bea:	0319                	c.addi	x6,6
     bec:	3a0e                	c.fldsp	f20,224(x2)
     bee:	390b3b0b          	0x390b3b0b
     bf2:	01193c0b          	0x1193c0b
     bf6:	08000013          	addi	x0,x0,128
     bfa:	0018                	0x18
     bfc:	0000                	c.unimp
     bfe:	2e09                	c.jal	f10 <_start-0x7ffff0f0>
     c00:	3f00                	c.fld	f8,56(x14)
     c02:	0319                	c.addi	x6,6
     c04:	3a0e                	c.fldsp	f20,224(x2)
     c06:	390b3b0b          	0x390b3b0b
     c0a:	4919270b          	0x4919270b
     c0e:	00193c13          	sltiu	x24,x18,1
     c12:	0a00                	c.addi4spn	x8,x2,272
     c14:	0024                	c.addi4spn	x9,x2,8
     c16:	0b3e0b0b          	0xb3e0b0b
     c1a:	00000803          	lb	x16,0(x0) # 0 <_start-0x80000000>
     c1e:	3f012e0b          	0x3f012e0b
     c22:	0319                	c.addi	x6,6
     c24:	3a0e                	c.fldsp	f20,224(x2)
     c26:	390b3b0b          	0x390b3b0b
     c2a:	1201110b          	0x1201110b
     c2e:	4006                	0x4006
     c30:	7c18                	c.flw	f14,56(x8)
     c32:	0119                	c.addi	x2,6
     c34:	0c000013          	addi	x0,x0,192
     c38:	012e                	c.slli	x2,0xb
     c3a:	0b3a0e03          	lb	x28,179(x20)
     c3e:	0b390b3b          	0xb390b3b
     c42:	13491927          	0x13491927
     c46:	0111                	c.addi	x2,4
     c48:	0612                	c.slli	x12,0x4
     c4a:	1840                	c.addi4spn	x8,x2,52
     c4c:	197a                	c.slli	x18,0x3e
     c4e:	1301                	c.addi	x6,-32
     c50:	0000                	c.unimp
     c52:	2e0d                	c.jal	f84 <_start-0x7ffff07c>
     c54:	0301                	c.addi	x6,0
     c56:	3a0e                	c.fldsp	f20,224(x2)
     c58:	390b3b0b          	0x390b3b0b
     c5c:	1119270b          	0x1119270b
     c60:	1201                	c.addi	x4,-32
     c62:	4006                	0x4006
     c64:	7a18                	c.flw	f14,48(x12)
     c66:	0019                	c.addi	x0,6
     c68:	0000                	c.unimp
     c6a:	3401                	c.jal	66a <_start-0x7ffff996>
     c6c:	0300                	c.addi4spn	x8,x2,384
     c6e:	3a0e                	c.fldsp	f20,224(x2)
     c70:	0121                	c.addi	x2,8
     c72:	0b390b3b          	0xb390b3b
     c76:	1349                	c.addi	x6,-14
     c78:	1802                	c.slli	x16,0x20
     c7a:	0000                	c.unimp
     c7c:	3402                	c.fldsp	f8,32(x2)
     c7e:	0300                	c.addi4spn	x8,x2,384
     c80:	3a08                	c.fld	f10,48(x12)
     c82:	0121                	c.addi	x2,8
     c84:	0b390b3b          	0xb390b3b
     c88:	1349                	c.addi	x6,-14
     c8a:	1802                	c.slli	x16,0x20
     c8c:	0000                	c.unimp
     c8e:	0b000f03          	lb	x30,176(x0) # b0 <_start-0x7fffff50>
     c92:	0421                	c.addi	x8,8
     c94:	1349                	c.addi	x6,-14
     c96:	0000                	c.unimp
     c98:	1604                	c.addi4spn	x9,x2,800
     c9a:	0300                	c.addi4spn	x8,x2,384
     c9c:	3a0e                	c.fldsp	f20,224(x2)
     c9e:	390b3b0b          	0x390b3b0b
     ca2:	0013490b          	0x13490b
     ca6:	0500                	c.addi4spn	x8,x2,640
     ca8:	0024                	c.addi4spn	x9,x2,8
     caa:	0b3e0b0b          	0xb3e0b0b
     cae:	00000e03          	lb	x28,0(x0) # 0 <_start-0x80000000>
     cb2:	3406                	c.fldsp	f8,96(x2)
     cb4:	0300                	c.addi4spn	x8,x2,384
     cb6:	3a0e                	c.fldsp	f20,224(x2)
     cb8:	0121                	c.addi	x2,8
     cba:	0b390b3b          	0xb390b3b
     cbe:	1349                	c.addi	x6,-14
     cc0:	1802193f 05070000 	0x50700001802193f
     cc8:	4900                	c.lw	x8,16(x10)
     cca:	08000013          	addi	x0,x0,128
     cce:	0111010b          	0x111010b
     cd2:	0612                	c.slli	x12,0x4
     cd4:	0000                	c.unimp
     cd6:	0509                	c.addi	x10,2
     cd8:	0300                	c.addi4spn	x8,x2,384
     cda:	3a08                	c.fld	f10,48(x12)
     cdc:	0121                	c.addi	x2,8
     cde:	390d213b          	0x390d213b
     ce2:	0213490b          	0x213490b
     ce6:	0018                	0x18
     ce8:	0a00                	c.addi4spn	x8,x2,272
     cea:	0111                	c.addi	x2,4
     cec:	0e25                	c.addi	x28,9
     cee:	1f030b13          	addi	x22,x6,496
     cf2:	01111f1b          	0x1111f1b
     cf6:	0612                	c.slli	x12,0x4
     cf8:	1710                	c.addi4spn	x12,x2,928
     cfa:	0000                	c.unimp
     cfc:	0b00240b          	0xb00240b
     d00:	030b3e0b          	0x30b3e0b
     d04:	0008                	0x8
     d06:	0c00                	c.addi4spn	x8,x2,528
     d08:	0e030113          	addi	x2,x6,224
     d0c:	0b3a0b0b          	0xb3a0b0b
     d10:	0b390b3b          	0xb390b3b
     d14:	1301                	c.addi	x6,-32
     d16:	0000                	c.unimp
     d18:	0d0d                	c.addi	x26,3
     d1a:	0300                	c.addi4spn	x8,x2,384
     d1c:	3a0e                	c.fldsp	f20,224(x2)
     d1e:	390b3b0b          	0x390b3b0b
     d22:	3813490b          	0x3813490b
     d26:	0e00000b          	0xe00000b
     d2a:	012e                	c.slli	x2,0xb
     d2c:	0e03193f 0b3b0b3a 	0xb3b0b3a0e03193f
     d34:	0b39                	c.addi	x22,14
     d36:	13491927          	0x13491927
     d3a:	193c                	c.addi4spn	x15,x2,184
     d3c:	1301                	c.addi	x6,-32
     d3e:	0000                	c.unimp
     d40:	3f012e0f          	0x3f012e0f
     d44:	0319                	c.addi	x6,6
     d46:	3a0e                	c.fldsp	f20,224(x2)
     d48:	390b3b0b          	0x390b3b0b
     d4c:	3c13490b          	0x3c13490b
     d50:	0119                	c.addi	x2,6
     d52:	10000013          	addi	x0,x0,256
     d56:	0018                	0x18
     d58:	0000                	c.unimp
     d5a:	2e11                	c.jal	106e <_start-0x7fffef92>
     d5c:	3f01                	c.jal	c6c <_start-0x7ffff394>
     d5e:	0319                	c.addi	x6,6
     d60:	3a0e                	c.fldsp	f20,224(x2)
     d62:	390b3b0b          	0x390b3b0b
     d66:	1201110b          	0x1201110b
     d6a:	4006                	0x4006
     d6c:	7c18                	c.flw	f14,56(x8)
     d6e:	0119                	c.addi	x2,6
     d70:	12000013          	addi	x0,x0,288
     d74:	012e                	c.slli	x2,0xb
     d76:	0e03193f 0b3b0b3a 	0xb3b0b3a0e03193f
     d7e:	0b39                	c.addi	x22,14
     d80:	01111927          	0x1111927
     d84:	0612                	c.slli	x12,0x4
     d86:	1840                	c.addi4spn	x8,x2,52
     d88:	197c                	c.addi4spn	x15,x2,188
     d8a:	0000                	c.unimp
     d8c:	0100                	c.addi4spn	x8,x2,128
     d8e:	0034                	c.addi4spn	x13,x2,8
     d90:	213a0e03          	lb	x28,531(x20)
     d94:	3b01                	c.jal	aa4 <_start-0x7ffff55c>
     d96:	490b390b          	0x490b390b
     d9a:	02193f13          	sltiu	x30,x18,33
     d9e:	0018                	0x18
     da0:	0200                	c.addi4spn	x8,x2,256
     da2:	000d                	c.addi	x0,3
     da4:	213a0e03          	lb	x28,531(x20)
     da8:	3b02                	c.fldsp	f22,32(x2)
     daa:	490b390b          	0x490b390b
     dae:	000b3813          	sltiu	x16,x22,0
     db2:	0300                	c.addi4spn	x8,x2,384
     db4:	210b000f          	0x210b000f
     db8:	4904                	c.lw	x9,16(x10)
     dba:	04000013          	addi	x0,x0,64
     dbe:	0016                	c.slli	x0,0x5
     dc0:	0b3a0e03          	lb	x28,179(x20)
     dc4:	0b390b3b          	0xb390b3b
     dc8:	1349                	c.addi	x6,-14
     dca:	0000                	c.unimp
     dcc:	2405                	c.jal	fec <_start-0x7ffff014>
     dce:	0b00                	c.addi4spn	x8,x2,400
     dd0:	030b3e0b          	0x30b3e0b
     dd4:	000e                	c.slli	x0,0x3
     dd6:	0600                	c.addi4spn	x8,x2,768
     dd8:	002e                	c.slli	x0,0xb
     dda:	0e03193f 3b01213a 	0x3b01213a0e03193f
     de2:	0621390b          	0x621390b
     de6:	0111                	c.addi	x2,4
     de8:	0612                	c.slli	x12,0x4
     dea:	1840                	c.addi4spn	x8,x2,52
     dec:	197c                	c.addi4spn	x15,x2,188
     dee:	0000                	c.unimp
     df0:	3f002e07          	flw	f28,1008(x0) # 3f0 <_start-0x7ffffc10>
     df4:	0319                	c.addi	x6,6
     df6:	3a0e                	c.fldsp	f20,224(x2)
     df8:	0121                	c.addi	x2,8
     dfa:	21390b3b          	0x21390b3b
     dfe:	1106                	c.slli	x2,0x21
     e00:	1201                	c.addi	x4,-32
     e02:	4006                	0x4006
     e04:	7a18                	c.flw	f14,48(x12)
     e06:	0019                	c.addi	x0,6
     e08:	0800                	c.addi4spn	x8,x2,16
     e0a:	0034                	c.addi4spn	x13,x2,8
     e0c:	213a0803          	lb	x16,531(x20)
     e10:	3b01                	c.jal	b20 <_start-0x7ffff4e0>
     e12:	490b390b          	0x490b390b
     e16:	00180213          	addi	x4,x16,1
     e1a:	0900                	c.addi4spn	x8,x2,144
     e1c:	0005                	c.addi	x0,1
     e1e:	213a0803          	lb	x16,531(x20)
     e22:	3b01                	c.jal	b32 <_start-0x7ffff4ce>
     e24:	490b390b          	0x490b390b
     e28:	00180213          	addi	x4,x16,1
     e2c:	0a00                	c.addi4spn	x8,x2,272
     e2e:	0111                	c.addi	x2,4
     e30:	0e25                	c.addi	x28,9
     e32:	1f030b13          	addi	x22,x6,496
     e36:	01111f1b          	0x1111f1b
     e3a:	0612                	c.slli	x12,0x4
     e3c:	1710                	c.addi4spn	x12,x2,928
     e3e:	0000                	c.unimp
     e40:	0b000f0b          	0xb000f0b
     e44:	0c00000b          	0xc00000b
     e48:	0024                	c.addi4spn	x9,x2,8
     e4a:	0b3e0b0b          	0xb3e0b0b
     e4e:	00000803          	lb	x16,0(x0) # 0 <_start-0x80000000>
     e52:	130d                	c.addi	x6,-29
     e54:	0301                	c.addi	x6,0
     e56:	0b0e                	c.slli	x22,0x3
     e58:	3b0b3a0b          	0x3b0b3a0b
     e5c:	010b390b          	0x10b390b
     e60:	0e000013          	addi	x0,x0,224
     e64:	0101                	c.addi	x2,0
     e66:	1349                	c.addi	x6,-14
     e68:	1301                	c.addi	x6,-32
     e6a:	0000                	c.unimp
     e6c:	4900210f          	0x4900210f
     e70:	000b2f13          	slti	x30,x22,0
     e74:	1000                	c.addi4spn	x8,x2,32
     e76:	012e                	c.slli	x2,0xb
     e78:	0e03193f 0b3b0b3a 	0xb3b0b3a0e03193f
     e80:	0b39                	c.addi	x22,14
     e82:	193c1927          	0x193c1927
     e86:	1301                	c.addi	x6,-32
     e88:	0000                	c.unimp
     e8a:	0511                	c.addi	x10,4
     e8c:	4900                	c.lw	x8,16(x10)
     e8e:	12000013          	addi	x0,x0,288
     e92:	012e                	c.slli	x2,0xb
     e94:	0e03193f 0b3b0b3a 	0xb3b0b3a0e03193f
     e9c:	0b39                	c.addi	x22,14
     e9e:	13491927          	0x13491927
     ea2:	0111                	c.addi	x2,4
     ea4:	0612                	c.slli	x12,0x4
     ea6:	1840                	c.addi4spn	x8,x2,52
     ea8:	197a                	c.slli	x18,0x3e
     eaa:	1301                	c.addi	x6,-32
     eac:	0000                	c.unimp
     eae:	03000513          	addi	x10,x0,48
     eb2:	3a0e                	c.fldsp	f20,224(x2)
     eb4:	390b3b0b          	0x390b3b0b
     eb8:	0213490b          	0x213490b
     ebc:	0018                	0x18
     ebe:	1400                	c.addi4spn	x8,x2,544
     ec0:	012e                	c.slli	x2,0xb
     ec2:	0e03193f 0b3b0b3a 	0xb3b0b3a0e03193f
     eca:	0b39                	c.addi	x22,14
     ecc:	1349                	c.addi	x6,-14
     ece:	0111                	c.addi	x2,4
     ed0:	0612                	c.slli	x12,0x4
     ed2:	1840                	c.addi4spn	x8,x2,52
     ed4:	197c                	c.addi4spn	x15,x2,188
     ed6:	1301                	c.addi	x6,-32
     ed8:	0000                	c.unimp
     eda:	0b15                	c.addi	x22,5
     edc:	5501                	c.li	x10,-32
     ede:	16000017          	auipc	x0,0x16000
     ee2:	0034                	c.addi4spn	x13,x2,8
     ee4:	0b3a0e03          	lb	x28,179(x20)
     ee8:	0b390b3b          	0xb390b3b
     eec:	1349                	c.addi	x6,-14
     eee:	1802                	c.slli	x16,0x20
     ef0:	0000                	c.unimp
     ef2:	3f012e17          	auipc	x28,0x3f012
     ef6:	0319                	c.addi	x6,6
     ef8:	3a0e                	c.fldsp	f20,224(x2)
     efa:	390b3b0b          	0x390b3b0b
     efe:	1201110b          	0x1201110b
     f02:	4006                	0x4006
     f04:	7c18                	c.flw	f14,56(x8)
     f06:	0119                	c.addi	x2,6
     f08:	18000013          	addi	x0,x0,384
     f0c:	0111010b          	0x111010b
     f10:	0612                	c.slli	x12,0x4
     f12:	0000                	c.unimp
     f14:	2e19                	c.jal	122a <_start-0x7fffedd6>
     f16:	3f01                	c.jal	e26 <_start-0x7ffff1da>
     f18:	0319                	c.addi	x6,6
     f1a:	3a0e                	c.fldsp	f20,224(x2)
     f1c:	390b3b0b          	0x390b3b0b
     f20:	1119270b          	0x1119270b
     f24:	1201                	c.addi	x4,-32
     f26:	4006                	0x4006
     f28:	7c18                	c.flw	f14,56(x8)
     f2a:	0119                	c.addi	x2,6
     f2c:	1a000013          	addi	x0,x0,416
     f30:	012e                	c.slli	x2,0xb
     f32:	0e03193f 0b3b0b3a 	0xb3b0b3a0e03193f
     f3a:	0b39                	c.addi	x22,14
     f3c:	01111927          	0x1111927
     f40:	0612                	c.slli	x12,0x4
     f42:	1840                	c.addi4spn	x8,x2,52
     f44:	197a                	c.slli	x18,0x3e
     f46:	1301                	c.addi	x6,-32
     f48:	0000                	c.unimp
     f4a:	0100                	c.addi4spn	x8,x2,128
     f4c:	0034                	c.addi4spn	x13,x2,8
     f4e:	213a0e03          	lb	x28,531(x20)
     f52:	3b01                	c.jal	c62 <_start-0x7ffff39e>
     f54:	490b390b          	0x490b390b
     f58:	00180213          	addi	x4,x16,1
     f5c:	0200                	c.addi4spn	x8,x2,256
     f5e:	0111                	c.addi	x2,4
     f60:	0e25                	c.addi	x28,9
     f62:	1f030b13          	addi	x22,x6,496
     f66:	01111f1b          	0x1111f1b
     f6a:	0612                	c.slli	x12,0x4
     f6c:	1710                	c.addi4spn	x12,x2,928
     f6e:	0000                	c.unimp
     f70:	03001603          	lh	x12,48(x0) # 30 <_start-0x7fffffd0>
     f74:	3a0e                	c.fldsp	f20,224(x2)
     f76:	390b3b0b          	0x390b3b0b
     f7a:	0013490b          	0x13490b
     f7e:	0400                	c.addi4spn	x8,x2,512
     f80:	0024                	c.addi4spn	x9,x2,8
     f82:	0b3e0b0b          	0xb3e0b0b
     f86:	00000e03          	lb	x28,0(x0) # 0 <_start-0x80000000>
     f8a:	2e05                	c.jal	12ba <_start-0x7fffed46>
     f8c:	3f01                	c.jal	e9c <_start-0x7ffff164>
     f8e:	0319                	c.addi	x6,6
     f90:	3a0e                	c.fldsp	f20,224(x2)
     f92:	390b3b0b          	0x390b3b0b
     f96:	1119270b          	0x1119270b
     f9a:	1201                	c.addi	x4,-32
     f9c:	4006                	0x4006
     f9e:	7a18                	c.flw	f14,48(x12)
     fa0:	0119                	c.addi	x2,6
     fa2:	06000013          	addi	x0,x0,96
     fa6:	0005                	c.addi	x0,1
     fa8:	0b3a0803          	lb	x16,179(x20)
     fac:	0b390b3b          	0xb390b3b
     fb0:	1349                	c.addi	x6,-14
     fb2:	1802                	c.slli	x16,0x20
     fb4:	0000                	c.unimp
     fb6:	0b002407          	flw	f8,176(x0) # b0 <_start-0x7fffff50>
     fba:	030b3e0b          	0x30b3e0b
     fbe:	0008                	0x8
     fc0:	0800                	c.addi4spn	x8,x2,16
     fc2:	012e                	c.slli	x2,0xb
     fc4:	0e03193f 0b3b0b3a 	0xb3b0b3a0e03193f
     fcc:	0b39                	c.addi	x22,14
     fce:	13491927          	0x13491927
     fd2:	0111                	c.addi	x2,4
     fd4:	0612                	c.slli	x12,0x4
     fd6:	1840                	c.addi4spn	x8,x2,52
     fd8:	197a                	c.slli	x18,0x3e
     fda:	1301                	c.addi	x6,-32
     fdc:	0000                	c.unimp
     fde:	3409                	c.jal	9e0 <_start-0x7ffff620>
     fe0:	0300                	c.addi4spn	x8,x2,384
     fe2:	3a08                	c.fld	f10,48(x12)
     fe4:	390b3b0b          	0x390b3b0b
     fe8:	0213490b          	0x213490b
     fec:	0018                	0x18
     fee:	0a00                	c.addi4spn	x8,x2,272
     ff0:	012e                	c.slli	x2,0xb
     ff2:	0e03193f 0b3b0b3a 	0xb3b0b3a0e03193f
     ffa:	0b39                	c.addi	x22,14
     ffc:	0111                	c.addi	x2,4
     ffe:	0612                	c.slli	x12,0x4
    1000:	1840                	c.addi4spn	x8,x2,52
    1002:	197a                	c.slli	x18,0x3e
    1004:	0000                	c.unimp
    1006:	0100                	c.addi4spn	x8,x2,128
    1008:	0011                	c.addi	x0,4
    100a:	1710                	c.addi4spn	x12,x2,928
    100c:	0111                	c.addi	x2,4
    100e:	0f12                	c.slli	x30,0x4
    1010:	0e1b0e03          	lb	x28,225(x22) # 2600e1 <_start-0x7fd9ff1f>
    1014:	0e25                	c.addi	x28,9
    1016:	00000513          	addi	x10,x0,0
    101a:	0100                	c.addi4spn	x8,x2,128
    101c:	0011                	c.addi	x0,4
    101e:	1710                	c.addi4spn	x12,x2,928
    1020:	0111                	c.addi	x2,4
    1022:	0f12                	c.slli	x30,0x4
    1024:	0e1b0e03          	lb	x28,225(x22)
    1028:	0e25                	c.addi	x28,9
    102a:	00000513          	addi	x10,x0,0
	...

Disassembly of section .debug_aranges:

00000000 <.debug_aranges>:
   0:	001c                	0x1c
   2:	0000                	c.unimp
   4:	0002                	c.slli64	x0
   6:	0000                	c.unimp
   8:	0000                	c.unimp
   a:	0004                	0x4
   c:	0000                	c.unimp
   e:	0000                	c.unimp
  10:	0000                	c.unimp
  12:	8000                	0x8000
  14:	000c                	0xc
	...
  1e:	0000                	c.unimp
  20:	001c                	0x1c
  22:	0000                	c.unimp
  24:	0002                	c.slli64	x0
  26:	0024                	c.addi4spn	x9,x2,8
  28:	0000                	c.unimp
  2a:	0004                	0x4
  2c:	0000                	c.unimp
  2e:	0000                	c.unimp
  30:	000c                	0xc
  32:	8000                	0x8000
  34:	0074                	c.addi4spn	x13,x2,12
	...
  3e:	0000                	c.unimp
  40:	001c                	0x1c
  42:	0000                	c.unimp
  44:	0002                	c.slli64	x0
  46:	0048                	c.addi4spn	x10,x2,4
  48:	0000                	c.unimp
  4a:	0004                	0x4
  4c:	0000                	c.unimp
  4e:	0000                	c.unimp
  50:	0080                	c.addi4spn	x8,x2,64
  52:	8000                	0x8000
  54:	0050                	c.addi4spn	x12,x2,4
	...
  5e:	0000                	c.unimp
  60:	001c                	0x1c
  62:	0000                	c.unimp
  64:	0002                	c.slli64	x0
  66:	006c                	c.addi4spn	x11,x2,12
  68:	0000                	c.unimp
  6a:	0004                	0x4
  6c:	0000                	c.unimp
  6e:	0000                	c.unimp
  70:	00d0                	c.addi4spn	x12,x2,68
  72:	8000                	0x8000
  74:	0044                	c.addi4spn	x9,x2,4
	...
  7e:	0000                	c.unimp
  80:	001c                	0x1c
  82:	0000                	c.unimp
  84:	0002                	c.slli64	x0
  86:	0000010b          	0x10b
  8a:	0004                	0x4
  8c:	0000                	c.unimp
  8e:	0000                	c.unimp
  90:	0114                	c.addi4spn	x13,x2,128
  92:	8000                	0x8000
  94:	0c00                	c.addi4spn	x8,x2,528
	...
  9e:	0000                	c.unimp
  a0:	001c                	0x1c
  a2:	0000                	c.unimp
  a4:	0002                	c.slli64	x0
  a6:	00000bc7          	fmsub.s	f23,f0,f0,f0,rne
  aa:	0004                	0x4
  ac:	0000                	c.unimp
  ae:	0000                	c.unimp
  b0:	0d14                	c.addi4spn	x13,x2,656
  b2:	8000                	0x8000
  b4:	0554                	c.addi4spn	x13,x2,644
	...
  be:	0000                	c.unimp
  c0:	001c                	0x1c
  c2:	0000                	c.unimp
  c4:	0002                	c.slli64	x0
  c6:	00000fb7          	lui	x31,0x0
  ca:	0004                	0x4
  cc:	0000                	c.unimp
  ce:	0000                	c.unimp
  d0:	1268                	c.addi4spn	x10,x2,300
  d2:	8000                	0x8000
  d4:	0ca0                	c.addi4spn	x8,x2,600
	...
  de:	0000                	c.unimp
  e0:	001c                	0x1c
  e2:	0000                	c.unimp
  e4:	0002                	c.slli64	x0
  e6:	00001b43          	fmadd.s	f22,f0,f0,f0,rtz
  ea:	0004                	0x4
  ec:	0000                	c.unimp
  ee:	0000                	c.unimp
  f0:	1f08                	c.addi4spn	x10,x2,944
  f2:	8000                	0x8000
  f4:	00b8                	c.addi4spn	x14,x2,72
	...
  fe:	0000                	c.unimp
 100:	001c                	0x1c
 102:	0000                	c.unimp
 104:	0002                	c.slli64	x0
 106:	00001bf3          	csrrw	x23,ustatus,x0
 10a:	0004                	0x4
 10c:	0000                	c.unimp
 10e:	0000                	c.unimp
 110:	1fc0                	c.addi4spn	x8,x2,1012
 112:	8000                	0x8000
 114:	0108                	c.addi4spn	x10,x2,128
	...
 11e:	0000                	c.unimp
 120:	001c                	0x1c
 122:	0000                	c.unimp
 124:	0002                	c.slli64	x0
 126:	0000204f          	fnmadd.s	f0,f0,f0,f0,rdn
 12a:	0004                	0x4
 12c:	0000                	c.unimp
 12e:	0000                	c.unimp
 130:	20c8                	c.fld	f10,128(x9)
 132:	8000                	0x8000
 134:	0284                	c.addi4spn	x9,x2,320
	...
 13e:	0000                	c.unimp
 140:	001c                	0x1c
 142:	0000                	c.unimp
 144:	0002                	c.slli64	x0
 146:	2642                	c.fldsp	f12,16(x2)
 148:	0000                	c.unimp
 14a:	0004                	0x4
 14c:	0000                	c.unimp
 14e:	0000                	c.unimp
 150:	234c                	c.fld	f11,128(x14)
 152:	8000                	0x8000
 154:	0154                	c.addi4spn	x13,x2,132
	...
 15e:	0000                	c.unimp
 160:	001c                	0x1c
 162:	0000                	c.unimp
 164:	0002                	c.slli64	x0
 166:	0000275b          	0x275b
 16a:	0004                	0x4
 16c:	0000                	c.unimp
 16e:	0000                	c.unimp
 170:	24a0                	c.fld	f8,72(x9)
 172:	8000                	0x8000
 174:	0280                	c.addi4spn	x8,x2,320
	...
 17e:	0000                	c.unimp
 180:	001c                	0x1c
 182:	0000                	c.unimp
 184:	0002                	c.slli64	x0
 186:	2906                	c.fldsp	f18,64(x2)
 188:	0000                	c.unimp
 18a:	0004                	0x4
 18c:	0000                	c.unimp
 18e:	0000                	c.unimp
 190:	2720                	c.fld	f8,72(x14)
 192:	8000                	0x8000
 194:	03b8                	c.addi4spn	x14,x2,456
	...
 19e:	0000                	c.unimp
 1a0:	001c                	0x1c
 1a2:	0000                	c.unimp
 1a4:	0002                	c.slli64	x0
 1a6:	2b56                	c.fldsp	f22,336(x2)
 1a8:	0000                	c.unimp
 1aa:	0004                	0x4
 1ac:	0000                	c.unimp
 1ae:	0000                	c.unimp
 1b0:	2ad8                	c.fld	f14,144(x13)
 1b2:	8000                	0x8000
 1b4:	00e8                	c.addi4spn	x10,x2,76
	...
 1be:	0000                	c.unimp
 1c0:	001c                	0x1c
 1c2:	0000                	c.unimp
 1c4:	0002                	c.slli64	x0
 1c6:	2c24                	c.fld	f9,88(x8)
 1c8:	0000                	c.unimp
 1ca:	0004                	0x4
 1cc:	0000                	c.unimp
 1ce:	0000                	c.unimp
 1d0:	2bc0                	c.fld	f8,144(x15)
 1d2:	8000                	0x8000
 1d4:	0024                	c.addi4spn	x9,x2,8
	...
 1de:	0000                	c.unimp
 1e0:	001c                	0x1c
 1e2:	0000                	c.unimp
 1e4:	0002                	c.slli64	x0
 1e6:	2c48                	c.fld	f10,152(x8)
 1e8:	0000                	c.unimp
 1ea:	0004                	0x4
 1ec:	0000                	c.unimp
 1ee:	0000                	c.unimp
 1f0:	2be4                	c.fld	f9,208(x15)
 1f2:	8000                	0x8000
 1f4:	00b4                	c.addi4spn	x13,x2,72
	...

Disassembly of section .debug_str:

00000000 <.debug_str>:
   0:	6e65                	c.lui	x28,0x19
   2:	7274                	c.flw	f13,100(x12)
   4:	2e79                	c.jal	3a2 <_start-0x7ffffc5e>
   6:	682f0053          	0x682f0053
   a:	2f656d6f          	jal	x26,56300 <_start-0x7ffa9d00>
   e:	6261                	c.lui	x4,0x18
  10:	6568                	c.flw	f10,76(x10)
  12:	7265                	c.lui	x4,0xffff9
  14:	7661                	c.lui	x12,0xffff8
  16:	5349522f          	0x5349522f
  1a:	432d5643          	fmadd.d	f12,f26,f18,f8,unknown
  1e:	5550                	c.lw	x12,44(x10)
  20:	2f57532f          	0x2f57532f
  24:	6e72656b          	0x6e72656b
  28:	6c65                	c.lui	x24,0x19
  2a:	4700                	c.lw	x8,8(x14)
  2c:	554e                	c.lwsp	x10,240(x2)
  2e:	4120                	c.lw	x8,64(x10)
  30:	2e322053          	0x2e322053
  34:	312e3633          	0x312e3633
  38:	7300                	c.flw	f8,32(x14)
  3a:	68637477          	0x68637477
  3e:	532e                	c.lwsp	x6,232(x2)
  40:	7400                	c.flw	f8,40(x8)
  42:	6d69                	c.lui	x26,0x1a
  44:	7265                	c.lui	x4,0xffff9
  46:	6576                	c.flwsp	f10,92(x2)
  48:	00532e63          	0x532e63
  4c:	6e75                	c.lui	x28,0x1d
  4e:	6e676973          	csrrsi	x18,0x6e6,14
  52:	6465                	c.lui	x8,0x19
  54:	6920                	c.flw	f8,80(x10)
  56:	746e                	c.flwsp	f8,248(x2)
  58:	7500                	c.flw	f8,40(x10)
  5a:	69726573          	csrrsi	x10,0x697,4
  5e:	696e                	c.flwsp	f18,216(x2)
  60:	0074                	c.addi4spn	x13,x2,12
  62:	6c70                	c.flw	f12,92(x8)
  64:	6369                	c.lui	x6,0x1a
  66:	6e69                	c.lui	x28,0x1a
  68:	7469                	c.lui	x8,0xffffa
  6a:	6900                	c.flw	f8,16(x10)
  6c:	696e                	c.flwsp	f18,216(x2)
  6e:	5f74                	c.lw	x13,124(x14)
  70:	6e72656b          	0x6e72656b
  74:	6c65                	c.lui	x24,0x19
  76:	705f 6761 6e69      	0x6e696761705f
  7c:	61700067          	jalr	x0,1559(x0) # 0 <_start-0x80000000>
  80:	676e6967          	0x676e6967
  84:	6e69                	c.lui	x28,0x1a
  86:	7469                	c.lui	x8,0xffffa
  88:	4700                	c.lw	x8,8(x14)
  8a:	554e                	c.lwsp	x10,240(x2)
  8c:	4320                	c.lw	x8,64(x14)
  8e:	3731                	c.jal	ffffff9a <_stack_top+0x77ffff9a>
  90:	3120                	c.fld	f8,96(x10)
  92:	2e31                	c.jal	3ae <_start-0x7ffffc52>
  94:	2e31                	c.jal	3b0 <_start-0x7ffffc50>
  96:	2030                	c.fld	f12,64(x8)
  98:	6d2d                	c.lui	x26,0xb
  9a:	7261                	c.lui	x4,0xffff8
  9c:	723d6863          	bltu	x26,x3,7cc <_start-0x7ffff834>
  a0:	3376                	c.fldsp	f6,376(x2)
  a2:	6932                	c.flwsp	f18,12(x2)
  a4:	2d20                	c.fld	f8,88(x10)
  a6:	616d                	c.addi16sp	x2,240
  a8:	6962                	c.flwsp	f18,24(x2)
  aa:	693d                	c.lui	x18,0xf
  ac:	706c                	c.flw	f11,100(x8)
  ae:	2d203233          	0x2d203233
  b2:	746d                	c.lui	x8,0xffffb
  b4:	6e75                	c.lui	x28,0x1d
  b6:	3d65                	c.jal	ffffff6e <_stack_top+0x77ffff6e>
  b8:	6f72                	c.flwsp	f30,28(x2)
  ba:	74656b63          	bltu	x10,x6,810 <_start-0x7ffff7f0>
  be:	2d20                	c.fld	f8,88(x10)
  c0:	616d                	c.addi16sp	x2,240
  c2:	6372                	c.flwsp	f6,28(x2)
  c4:	3d68                	c.fld	f10,248(x10)
  c6:	7672                	c.flwsp	f12,60(x2)
  c8:	20693233          	0x20693233
  cc:	672d                	c.lui	x14,0xb
  ce:	2d20                	c.fld	f8,88(x10)
  d0:	6666                	c.flwsp	f12,88(x2)
  d2:	6572                	c.flwsp	f10,28(x2)
  d4:	7365                	c.lui	x6,0xffff9
  d6:	6174                	c.flw	f13,68(x10)
  d8:	646e                	c.flwsp	f8,216(x2)
  da:	6e69                	c.lui	x28,0x1a
  dc:	662d2067          	0x662d2067
  e0:	6f6e                	c.flwsp	f30,216(x2)
  e2:	702d                	c.lui	x0,0xfffeb
  e4:	6369                	c.lui	x6,0x1a
  e6:	2d20                	c.fld	f8,88(x10)
  e8:	6e66                	c.flwsp	f28,88(x2)
  ea:	75622d6f          	jal	x26,22840 <_start-0x7ffdd7c0>
  ee:	6c69                	c.lui	x24,0x1a
  f0:	6974                	c.flw	f13,84(x10)
  f2:	006e                	c.slli	x0,0x1b
  f4:	7270                	c.flw	f12,100(x12)
  f6:	6e69636f          	jal	x6,967dc <_start-0x7ff69824>
  fa:	7469                	c.lui	x8,0xffffa
  fc:	6d00                	c.flw	f8,24(x10)
  fe:	6961                	c.lui	x18,0x18
 100:	006e                	c.slli	x0,0x1b
 102:	6175                	c.addi16sp	x2,368
 104:	7472                	c.flwsp	f8,60(x2)
 106:	6e69                	c.lui	x28,0x1a
 108:	7469                	c.lui	x8,0xffffa
 10a:	6300                	c.flw	f8,0(x14)
 10c:	6168                	c.flw	f10,68(x10)
 10e:	0072                	c.slli	x0,0x1c
 110:	65686373          	csrrsi	x6,0x656,16
 114:	7564                	c.flw	f9,108(x10)
 116:	656c                	c.flw	f11,76(x10)
 118:	0072                	c.slli	x0,0x1c
 11a:	5f746567          	0x5f746567
 11e:	656c                	c.flw	f11,76(x10)
 120:	6661                	c.lui	x12,0x18
 122:	705f 6761 5f65      	0x5f656761705f
 128:	6f6e                	c.flwsp	f30,216(x2)
 12a:	6d00                	c.flw	f8,24(x10)
 12c:	7061                	c.lui	x0,0xffff8
 12e:	745f 6172 706d      	0x706d6172745f
 134:	6e696c6f          	jal	x24,9681a <_start-0x7ff697e6>
 138:	5f65                	c.li	x30,-7
 13a:	6e61                	c.lui	x28,0x18
 13c:	5f64                	c.lw	x9,124(x14)
 13e:	7274                	c.flw	f13,100(x12)
 140:	7061                	c.lui	x0,0xffff8
 142:	7266                	c.flwsp	f4,120(x2)
 144:	6d61                	c.lui	x26,0x18
 146:	0065                	c.addi	x0,25
 148:	45454c53          	0x45454c53
 14c:	4950                	c.lw	x12,20(x10)
 14e:	474e                	c.lwsp	x14,208(x2)
 150:	7000                	c.flw	f8,32(x8)
 152:	5f74                	c.lw	x13,124(x14)
 154:	6e69                	c.lui	x28,0x1a
 156:	6564                	c.flw	f9,76(x10)
 158:	0078                	c.addi4spn	x14,x2,12
 15a:	6570                	c.flw	f12,76(x10)
 15c:	6d72                	c.flwsp	f26,28(x2)
 15e:	69625f73          	csrrwi	x30,0x696,4
 162:	006e                	c.slli	x0,0x1b
 164:	657a6973          	csrrsi	x18,0x657,20
 168:	745f 6d65 0070      	0x706d65745f
 16e:	6170                	c.flw	f12,68(x10)
 170:	665f6567          	0x665f6567
 174:	6572                	c.flwsp	f10,28(x2)
 176:	0065                	c.addi	x0,25
 178:	6c696863          	bltu	x18,x6,848 <_start-0x7ffff7b8>
 17c:	5f64                	c.lw	x9,124(x14)
 17e:	6170                	c.flw	f12,68(x10)
 180:	7000                	c.flw	f8,32(x8)
 182:	6761                	c.lui	x14,0x18
 184:	5f65                	c.li	x30,-7
 186:	6461                	c.lui	x8,0x18
 188:	7264                	c.flw	f9,100(x12)
 18a:	6d00                	c.flw	f8,24(x10)
 18c:	7079                	c.lui	x0,0xffffe
 18e:	6f72                	c.flwsp	f30,28(x2)
 190:	74700063          	beq	x0,x7,8d0 <_start-0x7ffff730>
 194:	5f72                	c.lwsp	x30,60(x2)
 196:	6f74                	c.flw	f13,92(x14)
 198:	745f 6172 6670      	0x66706172745f
 19e:	6172                	c.flwsp	f2,28(x2)
 1a0:	656d                	c.lui	x10,0x1b
 1a2:	6b00                	c.flw	f8,16(x14)
 1a4:	6c69                	c.lui	x24,0x1a
 1a6:	656c                	c.flw	f11,76(x10)
 1a8:	0064                	c.addi4spn	x9,x2,12
 1aa:	5250                	c.lw	x12,36(x12)
 1ac:	6b00434f          	fnmadd.d	f6,f0,f16,f13,rmm
 1b0:	7265                	c.lui	x4,0xffff9
 1b2:	656e                	c.flwsp	f10,216(x2)
 1b4:	5f6c                	c.lw	x11,124(x14)
 1b6:	6b007073          	csrrci	x0,0x6b0,0
 1ba:	6d5f 6d65 7063      	0x70636d656d5f
 1c0:	0079                	c.addi	x0,30
 1c2:	6c696863          	bltu	x18,x6,892 <_start-0x7ffff76e>
 1c6:	5f64                	c.lw	x9,124(x14)
 1c8:	6170                	c.flw	f12,68(x10)
 1ca:	61746567          	0x61746567
 1ce:	6c62                	c.flwsp	f24,24(x2)
 1d0:	0065                	c.addi	x0,25
 1d2:	7470                	c.flw	f12,108(x8)
 1d4:	5f72                	c.lwsp	x30,60(x2)
 1d6:	6f74                	c.flw	f13,92(x14)
 1d8:	705f 6761 0065      	0x656761705f
 1de:	656d                	c.lui	x10,0x1b
 1e0:	736d                	c.lui	x6,0xffffb
 1e2:	7274                	c.flw	f13,100(x12)
 1e4:	6300                	c.flw	f8,0(x14)
 1e6:	6979706f          	jal	x0,9807c <_start-0x7ff67f84>
 1ea:	006e                	c.slli	x0,0x1b
 1ec:	5f75                	c.li	x30,-3
 1ee:	6176                	c.flwsp	f2,92(x2)
 1f0:	7600                	c.flw	f8,40(x12)
 1f2:	5f61                	c.li	x30,-8
 1f4:	6f74                	c.flw	f13,92(x14)
 1f6:	705f 6574 6d00      	0x6d006574705f
 1fc:	7061                	c.lui	x0,0xffff8
 1fe:	765f 5f61 6f74      	0x6f745f61765f
 204:	705f 0061 7369      	0x73690061705f
 20a:	705f 6574 765f      	0x765f6574705f
 210:	6c61                	c.lui	x24,0x18
 212:	6469                	c.lui	x8,0x1a
 214:	6e00                	c.flw	f8,24(x12)
 216:	6d61                	c.lui	x26,0x18
 218:	0065                	c.addi	x0,25
 21a:	6e72656b          	0x6e72656b
 21e:	6c65                	c.lui	x24,0x19
 220:	685f 7261 6974      	0x69747261685f
 226:	0064                	c.addi4spn	x9,x2,12
 228:	6d75                	c.lui	x26,0x1d
 22a:	6d65                	c.lui	x26,0x19
 22c:	6700                	c.flw	f8,8(x14)
 22e:	7465                	c.lui	x8,0xffff9
 230:	695f 746e 7265      	0x7265746e695f
 236:	616e                	c.flwsp	f2,216(x2)
 238:	5f6c                	c.lw	x11,124(x14)
 23a:	6170                	c.flw	f12,68(x10)
 23c:	6e5f6567          	0x6e5f6567
 240:	6170006f          	jal	x0,1056 <_start-0x7fffefaa>
 244:	6c5f6567          	0x6c5f6567
 248:	7369                	c.lui	x6,0xffffa
 24a:	0074                	c.addi4spn	x13,x2,12
 24c:	6e75                	c.lui	x28,0x1d
 24e:	616d                	c.addi16sp	x2,240
 250:	5f70                	c.lw	x12,124(x14)
 252:	6d76                	c.flwsp	f26,92(x2)
 254:	6900                	c.flw	f8,16(x10)
 256:	746e                	c.flwsp	f8,248(x2)
 258:	7265                	c.lui	x4,0xffff9
 25a:	616e                	c.flwsp	f2,216(x2)
 25c:	5f6c                	c.lw	x11,124(x14)
 25e:	7470                	c.flw	f12,108(x8)
 260:	0065                	c.addi	x0,25
 262:	746e6f63          	bltu	x28,x6,9c0 <_start-0x7ffff640>
 266:	7865                	c.lui	x16,0xffff9
 268:	0074                	c.addi4spn	x13,x2,12
 26a:	7266                	c.flwsp	f4,120(x2)
 26c:	6565                	c.lui	x10,0x19
 26e:	705f 6761 0065      	0x656761705f
 274:	6174736b          	0x6174736b
 278:	52006b63          	bltu	x0,x0,7ae <_start-0x7ffff852>
 27c:	4e55                	c.li	x28,21
 27e:	414e                	c.lwsp	x2,208(x2)
 280:	4c42                	c.lwsp	x24,16(x2)
 282:	0045                	c.addi	x0,17
 284:	6e616863          	bltu	x2,x6,974 <_start-0x7ffff68c>
 288:	6900                	c.flw	f8,16(x10)
 28a:	746e                	c.flwsp	f8,248(x2)
 28c:	7265                	c.lui	x4,0xffff9
 28e:	616e                	c.flwsp	f2,216(x2)
 290:	5f6c                	c.lw	x11,124(x14)
 292:	6170                	c.flw	f12,68(x10)
 294:	61746567          	0x61746567
 298:	6c62                	c.flwsp	f24,24(x2)
 29a:	0065                	c.addi	x0,25
 29c:	6e72656b          	0x6e72656b
 2a0:	6c65                	c.lui	x24,0x19
 2a2:	735f 7461 0070      	0x707461735f
 2a8:	5552                	c.lwsp	x10,52(x2)
 2aa:	4e4e                	c.lwsp	x28,208(x2)
 2ac:	4e49                	c.li	x28,18
 2ae:	6c610047          	0x6c610047
 2b2:	6f6c                	c.flw	f11,92(x14)
 2b4:	61705f63          	bge	x0,x23,8d2 <_start-0x7ffff72e>
 2b8:	76006567          	0x76006567
 2bc:	6e70                	c.flw	f12,92(x12)
 2be:	0030                	c.addi4spn	x12,x2,8
 2c0:	6c61                	c.lui	x24,0x18
 2c2:	6f6c                	c.flw	f11,92(x14)
 2c4:	656d5f63          	bge	x26,x22,922 <_start-0x7ffff6de>
 2c8:	006d                	c.addi	x0,27
 2ca:	7076                	c.flwsp	f0,124(x2)
 2cc:	316e                	c.fldsp	f2,248(x2)
 2ce:	6b00                	c.flw	f8,16(x14)
 2d0:	705f 0061 656c      	0x656c0061705f
 2d6:	6661                	c.lui	x12,0x18
 2d8:	705f 6761 7465      	0x74656761705f
 2de:	6261                	c.lui	x4,0x18
 2e0:	656c                	c.flw	f11,76(x10)
 2e2:	5500                	c.lw	x8,40(x10)
 2e4:	554e                	c.lwsp	x10,240(x2)
 2e6:	00444553          	fadd.s	f10,f8,f4,rmm
 2ea:	656c                	c.flw	f11,76(x10)
 2ec:	6661                	c.lui	x12,0x18
 2ee:	705f 6574 7500      	0x75006574705f
 2f4:	6e69                	c.lui	x28,0x1a
 2f6:	3374                	c.fld	f13,224(x14)
 2f8:	0032                	c.slli	x0,0xc
 2fa:	4150                	c.lw	x12,4(x10)
 2fc:	75004547          	0x75004547
 300:	705f 0061 7865      	0x78650061705f
 306:	7274                	c.flw	f13,100(x12)
 308:	6361                	c.lui	x6,0x18
 30a:	5f74                	c.lw	x13,124(x14)
 30c:	6170                	c.flw	f12,68(x10)
 30e:	665f 6f72 5f6d      	0x5f6d6f72665f
 314:	7470                	c.flw	f12,108(x8)
 316:	0065                	c.addi	x0,25
 318:	7865                	c.lui	x16,0xffff9
 31a:	7274                	c.flw	f13,100(x12)
 31c:	6361                	c.lui	x6,0x18
 31e:	5f74                	c.lw	x13,124(x14)
 320:	6570                	c.flw	f12,76(x10)
 322:	6d72                	c.flwsp	f26,28(x2)
 324:	72665f73          	csrrwi	x30,0x726,12
 328:	705f6d6f          	jal	x26,f722c <_start-0x7ff08dd4>
 32c:	6574                	c.flw	f13,76(x10)
 32e:	6300                	c.flw	f8,0(x14)
 330:	6572                	c.flwsp	f10,28(x2)
 332:	7461                	c.lui	x8,0xffff8
 334:	5f65                	c.li	x30,-7
 336:	6170                	c.flw	f12,68(x10)
 338:	745f6567          	0x745f6567
 33c:	6261                	c.lui	x4,0x18
 33e:	656c                	c.flw	f11,76(x10)
 340:	7000                	c.flw	f8,32(x8)
 342:	7261                	c.lui	x4,0xffff8
 344:	6e65                	c.lui	x28,0x19
 346:	5f74                	c.lw	x13,124(x14)
 348:	6170                	c.flw	f12,68(x10)
 34a:	61746567          	0x61746567
 34e:	6c62                	c.flwsp	f24,24(x2)
 350:	0065                	c.addi	x0,25
 352:	5f746573          	csrrsi	x10,0x5f7,8
 356:	6570                	c.flw	f12,76(x10)
 358:	6d72                	c.flwsp	f26,28(x2)
 35a:	656b0073          	0x656b0073
 35e:	6e72                	c.flwsp	f28,28(x2)
 360:	6c65                	c.lui	x24,0x19
 362:	745f 6172 0070      	0x706172745f
 368:	7270                	c.flw	f12,100(x12)
 36a:	7473636f          	jal	x6,372b0 <_start-0x7ffc8d50>
 36e:	7461                	c.lui	x8,0xffff8
 370:	0065                	c.addi	x0,25
 372:	79706f63          	bltu	x0,x23,b10 <_start-0x7ffff4f0>
 376:	0074756f          	jal	x10,47b7c <_start-0x7ffb8484>
 37a:	65646f63          	bltu	x8,x22,9d8 <_start-0x7ffff628>
 37e:	7800                	c.flw	f8,48(x8)
 380:	74617473          	csrrci	x8,0x746,2
 384:	7375                	c.lui	x6,0xffffd
 386:	6300                	c.flw	f8,0(x14)
 388:	5f79706f          	jal	x0,9817e <_start-0x7ff67e82>
 38c:	7270                	c.flw	f12,100(x12)
 38e:	6d5f636f          	jal	x6,f7262 <_start-0x7ff08d9e>
 392:	6d65                	c.lui	x26,0x19
 394:	5a00                	c.lw	x8,48(x12)
 396:	49424d4f          	fnmadd.s	f26,f4,f20,f9,rmm
 39a:	0045                	c.addi	x0,17
 39c:	6f72                	c.flwsp	f30,28(x2)
 39e:	705f746f          	jal	x8,f82a2 <_start-0x7ff07d5e>
 3a2:	6e70                	c.flw	f12,92(x12)
 3a4:	7000                	c.flw	f8,32(x8)
 3a6:	6574                	c.flw	f13,76(x10)
 3a8:	0030                	c.addi4spn	x12,x2,8
 3aa:	7470                	c.flw	f12,108(x8)
 3ac:	3165                	c.jal	54 <_start-0x7fffffac>
 3ae:	6400                	c.flw	f8,8(x8)
 3b0:	6365                	c.lui	x6,0x19
 3b2:	6d69                	c.lui	x26,0x1a
 3b4:	6c61                	c.lui	x24,0x18
 3b6:	7700                	c.flw	f8,40(x14)
 3b8:	6972                	c.flwsp	f18,28(x2)
 3ba:	6574                	c.flw	f13,76(x10)
 3bc:	0069                	c.addi	x0,26
 3be:	306c                	c.fld	f11,224(x8)
 3c0:	705f 0061 6564      	0x65640061705f
 3c6:	6c007473          	csrrci	x8,0x6c0,0
 3ca:	5f30                	c.lw	x12,120(x14)
 3cc:	7470                	c.flw	f12,108(x8)
 3ce:	7300                	c.flw	f8,32(x14)
 3d0:	7274                	c.flw	f13,100(x12)
 3d2:	0031                	c.addi	x0,12
 3d4:	32727473          	csrrci	x8,mhpmevent7,4
 3d8:	6d00                	c.flw	f8,24(x10)
 3da:	6c75                	c.lui	x24,0x1d
 3dc:	6974                	c.flw	f13,84(x10)
 3de:	6c70                	c.flw	f12,92(x8)
 3e0:	0065                	c.addi	x0,25
 3e2:	316c                	c.fld	f11,224(x10)
 3e4:	705f 0074 7277      	0x72770074705f
 3ea:	7469                	c.lui	x8,0xffffa
 3ec:	5f65                	c.li	x30,-7
 3ee:	61726373          	csrrsi	x6,0x617,4
 3f2:	6374                	c.flw	f13,68(x14)
 3f4:	0068                	c.addi4spn	x10,x2,12
 3f6:	63727473          	csrrci	x8,0x637,4
 3fa:	706d                	c.lui	x0,0xffffb
 3fc:	6200                	c.flw	f8,0(x12)
 3fe:	6e69                	c.lui	x28,0x1a
 400:	7261                	c.lui	x4,0xffff8
 402:	5479                	c.li	x8,-2
 404:	6365446f          	jal	x8,54a3a <_start-0x7ffab5c6>
 408:	6d69                	c.lui	x26,0x1a
 40a:	6c61                	c.lui	x24,0x18
 40c:	7200                	c.flw	f8,32(x12)
 40e:	5f746f6f          	jal	x30,47204 <_start-0x7ffb8dfc>
 412:	6170                	c.flw	f12,68(x10)
 414:	7000                	c.flw	f8,32(x8)
 416:	6574                	c.flw	f13,76(x10)
 418:	745f 7300 3376      	0x33767300745f
 41e:	5f32                	c.lwsp	x30,44(x2)
 420:	6176                	c.flwsp	f2,92(x2)
 422:	745f 5f6f 6170      	0x61705f6f745f
 428:	6b00                	c.flw	f8,16(x14)
 42a:	735f 7274 7063      	0x70637274735f
 430:	0079                	c.addi	x0,30
 432:	656d                	c.lui	x10,0x1b
 434:	736d                	c.lui	x6,0xffffb
 436:	007a                	c.slli	x0,0x1e
 438:	6162                	c.flwsp	f2,24(x2)
 43a:	615f6573          	csrrsi	x10,0x615,30
 43e:	6464                	c.flw	f9,76(x8)
 440:	0072                	c.slli	x0,0x1c
 442:	72727563          	bgeu	x4,x7,b6c <_start-0x7ffff494>
 446:	6e65                	c.lui	x28,0x19
 448:	5f74                	c.lw	x13,124(x14)
 44a:	7270                	c.flw	f12,100(x12)
 44c:	7300636f          	jal	x6,6b7c <_start-0x7fff9484>
 450:	6174                	c.flw	f13,68(x10)
 452:	7472                	c.flwsp	f8,60(x2)
 454:	765f 6461 7264      	0x72646461765f
 45a:	6600                	c.flw	f8,8(x12)
 45c:	5f6b726f          	jal	x4,b7a52 <_start-0x7ff485ae>
 460:	6572                	c.flwsp	f10,28(x2)
 462:	0074                	c.addi4spn	x13,x2,12
 464:	6d676573          	csrrsi	x10,0x6d6,14
 468:	6e65                	c.lui	x28,0x19
 46a:	5f74                	c.lw	x13,124(x14)
 46c:	6e756f63          	bltu	x10,x7,b6a <_start-0x7ffff496>
 470:	0074                	c.addi4spn	x13,x2,12
 472:	6572                	c.flwsp	f10,28(x2)
 474:	6461                	c.lui	x8,0x18
 476:	735f 7a69 0065      	0x657a69735f
 47c:	7375                	c.lui	x6,0xffffd
 47e:	7265                	c.lui	x4,0xffff9
 480:	6572                	c.flwsp	f10,28(x2)
 482:	0074                	c.addi4spn	x13,x2,12
 484:	63747773          	csrrci	x14,0x637,8
 488:	0068                	c.addi4spn	x10,x2,12
 48a:	6170                	c.flw	f12,68(x10)
 48c:	7372                	c.flwsp	f6,60(x2)
 48e:	5f65                	c.li	x30,-7
 490:	6d676573          	csrrsi	x10,0x6d6,14
 494:	6e65                	c.lui	x28,0x19
 496:	5f74                	c.lw	x13,124(x14)
 498:	6568                	c.flw	f10,76(x10)
 49a:	6461                	c.lui	x8,0x18
 49c:	7265                	c.lui	x4,0xffff9
 49e:	7000                	c.flw	f8,32(x8)
 4a0:	6970                	c.flw	f12,84(x10)
 4a2:	0064                	c.addi4spn	x9,x2,12
 4a4:	7270                	c.flw	f12,100(x12)
 4a6:	7065                	c.lui	x0,0xffff9
 4a8:	7261                	c.lui	x4,0xffff8
 4aa:	5f65                	c.li	x30,-7
 4ac:	6572                	c.flwsp	f10,28(x2)
 4ae:	7574                	c.flw	f13,108(x10)
 4b0:	6e72                	c.flwsp	f28,28(x2)
 4b2:	6f00                	c.flw	f8,24(x14)
 4b4:	646c                	c.flw	f11,76(x8)
 4b6:	705f 6761 7465      	0x74656761705f
 4bc:	6261                	c.lui	x4,0x18
 4be:	656c                	c.flw	f11,76(x10)
 4c0:	6600                	c.flw	f8,8(x12)
 4c2:	6c69                	c.lui	x24,0x1a
 4c4:	7365                	c.lui	x6,0xffff9
 4c6:	007a                	c.slli	x0,0x1e
 4c8:	6e69                	c.lui	x28,0x1a
 4ca:	5f74                	c.lw	x13,124(x14)
 4cc:	6e65                	c.lui	x28,0x19
 4ce:	0061                	c.addi	x0,24
 4d0:	657a6973          	csrrsi	x18,0x657,20
 4d4:	725f 756f 646e      	0x646e756f725f
 4da:	6f64                	c.flw	f9,92(x14)
 4dc:	75006e77          	0x75006e77
 4e0:	74726573          	csrrsi	x10,0x747,4
 4e4:	6172                	c.flwsp	f2,28(x2)
 4e6:	0070                	c.addi4spn	x12,x2,12
 4e8:	6d676573          	csrrsi	x10,0x6d6,14
 4ec:	6e65                	c.lui	x28,0x19
 4ee:	5f74                	c.lw	x13,124(x14)
 4f0:	7366666f          	jal	x12,66c26 <_start-0x7ff993da>
 4f4:	7465                	c.lui	x8,0xffff9
 4f6:	6b00                	c.flw	f8,16(x14)
 4f8:	7865                	c.lui	x16,0xffff9
 4fa:	7469                	c.lui	x8,0xffffa
 4fc:	6b00                	c.flw	f8,16(x14)
 4fe:	65656c73          	csrrsi	x24,0x656,10
 502:	0070                	c.addi4spn	x12,x2,12
 504:	6c61                	c.lui	x24,0x18
 506:	6f6c                	c.flw	f11,92(x14)
 508:	72705f63          	bge	x0,x7,c46 <_start-0x7ffff3ba>
 50c:	6600636f          	jal	x6,6b6c <_start-0x7fff9494>
 510:	616c                	c.flw	f11,68(x10)
 512:	65007367          	0x65007367
 516:	746e                	c.flwsp	f8,248(x2)
 518:	7972                	c.flwsp	f18,60(x2)
 51a:	6100                	c.flw	f8,0(x10)
 51c:	6c6c                	c.flw	f11,92(x8)
 51e:	705f636f          	jal	x6,f7422 <_start-0x7ff08bde>
 522:	6469                	c.lui	x8,0x1a
 524:	6600                	c.flw	f8,8(x12)
 526:	6572                	c.flwsp	f10,28(x2)
 528:	7065                	c.lui	x0,0xffff9
 52a:	6f72                	c.flwsp	f30,28(x2)
 52c:	65740063          	beq	x8,x23,b6c <_start-0x7ffff494>
 530:	72007473          	csrrci	x8,0x720,0
 534:	7065                	c.lui	x0,0xffff9
 536:	7261                	c.lui	x4,0xffff8
 538:	6e65                	c.lui	x28,0x19
 53a:	0074                	c.addi4spn	x13,x2,12
 53c:	6d656d6b          	0x6d656d6b
 540:	655f 646e 6b00      	0x6b00646e655f
 546:	74696177          	0x74696177
 54a:	7300                	c.flw	f8,32(x14)
 54c:	6765                	c.lui	x14,0x19
 54e:	685f 6165 6564      	0x65646165685f
 554:	0072                	c.slli	x0,0x1c
 556:	7270                	c.flw	f12,100(x12)
 558:	7365636f          	jal	x6,56c8e <_start-0x7ffa9372>
 55c:	00736573          	csrrsi	x10,0x7,6
 560:	4c45                	c.li	x24,17
 562:	5f46                	c.lwsp	x30,112(x2)
 564:	4548                	c.lw	x10,12(x10)
 566:	4441                	c.li	x8,16
 568:	5245                	c.li	x4,-15
 56a:	6800                	c.flw	f8,16(x8)
 56c:	7661                	c.lui	x12,0xffff8
 56e:	6b65                	c.lui	x22,0x19
 570:	6469                	c.lui	x8,0x1a
 572:	69700073          	0x69700073
 576:	5f64                	c.lw	x9,124(x14)
 578:	6e756f63          	bltu	x10,x7,c76 <_start-0x7ffff38a>
 57c:	6574                	c.flw	f13,76(x10)
 57e:	0072                	c.slli	x0,0x1c
 580:	6578656b          	0x6578656b
 584:	6e690063          	beq	x18,x6,c64 <_start-0x7ffff39c>
 588:	7469                	c.lui	x8,0xffffa
 58a:	7270                	c.flw	f12,100(x12)
 58c:	5300636f          	jal	x6,6abc <_start-0x7fff9544>
 590:	4745                	c.li	x14,17
 592:	454d                	c.li	x10,19
 594:	544e                	c.lwsp	x8,240(x2)
 596:	485f 4145 4544      	0x45444145485f
 59c:	0052                	c.slli	x0,0x14
 59e:	6c696863          	bltu	x18,x6,c6e <_start-0x7ffff392>
 5a2:	0064                	c.addi4spn	x9,x2,12
 5a4:	5f746567          	0x5f746567
 5a8:	7270                	c.flw	f12,100(x12)
 5aa:	655f636f          	jal	x6,f73fe <_start-0x7ff08c02>
 5ae:	666c                	c.flw	f11,76(x12)
 5b0:	685f 6165 6564      	0x65646165685f
 5b6:	0072                	c.slli	x0,0x1c
 5b8:	6965796b          	0x6965796b
 5bc:	646c                	c.flw	f11,76(x8)
 5be:	7300                	c.flw	f8,32(x14)
 5c0:	7a69                	c.lui	x20,0xffffa
 5c2:	5f65                	c.li	x30,-7
 5c4:	6f72                	c.flwsp	f30,28(x2)
 5c6:	6e75                	c.lui	x28,0x1d
 5c8:	7564                	c.flw	f9,108(x10)
 5ca:	0070                	c.addi4spn	x12,x2,12
 5cc:	616d                	c.addi16sp	x2,240
 5ce:	00636967          	0x636967
 5d2:	7375                	c.lui	x6,0xffffd
 5d4:	6174                	c.flw	f13,68(x10)
 5d6:	6b006b63          	bltu	x0,x16,c8c <_start-0x7ffff374>
 5da:	656b6177          	0x656b6177
 5de:	7075                	c.lui	x0,0xffffd
 5e0:	6b00                	c.flw	f8,16(x14)
 5e2:	6f66                	c.flwsp	f30,88(x2)
 5e4:	6b72                	c.flwsp	f22,28(x2)
 5e6:	7300                	c.flw	f8,32(x14)
 5e8:	6765                	c.lui	x14,0x19
 5ea:	685f 6165 6564      	0x65646165685f
 5f0:	5f72                	c.lwsp	x30,60(x2)
 5f2:	657a6973          	csrrsi	x18,0x657,20
 5f6:	6900                	c.flw	f8,16(x10)
 5f8:	746e                	c.flwsp	f8,248(x2)
 5fa:	7265                	c.lui	x4,0xffff9
 5fc:	6176                	c.flwsp	f2,92(x2)
 5fe:	006c                	c.addi4spn	x11,x2,12
 600:	6974                	c.flw	f13,84(x10)
 602:	656d                	c.lui	x10,0x1b
 604:	5f72                	c.lwsp	x30,60(x2)
 606:	6e69                	c.lui	x28,0x1a
 608:	6574                	c.flw	f13,76(x10)
 60a:	7272                	c.flwsp	f4,60(x2)
 60c:	7075                	c.lui	x0,0xffffd
 60e:	0074                	c.addi4spn	x13,x2,12
 610:	6974                	c.flw	f13,84(x10)
 612:	656d                	c.lui	x10,0x1b
 614:	5f72                	c.lwsp	x30,60(x2)
 616:	61726373          	csrrsi	x6,0x617,4
 61a:	6374                	c.flw	f13,68(x14)
 61c:	0068                	c.addi4spn	x10,x2,12
 61e:	6974                	c.flw	f13,84(x10)
 620:	656d                	c.lui	x10,0x1b
 622:	7672                	c.flwsp	f12,60(x2)
 624:	6365                	c.lui	x6,0x19
 626:	7400                	c.flw	f8,40(x8)
 628:	6d69                	c.lui	x26,0x1a
 62a:	7265                	c.lui	x4,0xffff9
 62c:	6e69                	c.lui	x28,0x1a
 62e:	7469                	c.lui	x8,0xffffa
 630:	7400                	c.flw	f8,40(x8)
 632:	6369                	c.lui	x6,0x1a
 634:	6600736b          	0x6600736b
 638:	646e756f          	jal	x10,e7c7e <_start-0x7ff18382>
 63c:	7300                	c.flw	f8,32(x14)
 63e:	7379                	c.lui	x6,0xffffe
 640:	615f 6772 7500      	0x75006772615f
 646:	76726573          	csrrsi	x10,0x767,4
 64a:	6365                	c.lui	x6,0x19
 64c:	7300                	c.flw	f8,32(x14)
 64e:	7065                	c.lui	x0,0xffff9
 650:	72740063          	beq	x8,x7,d70 <_start-0x7ffff290>
 654:	6d61                	c.lui	x26,0x18
 656:	6f70                	c.flw	f12,92(x14)
 658:	696c                	c.flw	f11,84(x10)
 65a:	656e                	c.flwsp	f10,216(x2)
 65c:	7000                	c.flw	f8,32(x8)
 65e:	696c                	c.flw	f11,84(x10)
 660:	6c635f63          	bge	x6,x6,d3e <_start-0x7ffff2c2>
 664:	6961                	c.lui	x18,0x18
 666:	006d                	c.addi	x0,27
 668:	6c70                	c.flw	f12,92(x8)
 66a:	6369                	c.lui	x6,0x1a
 66c:	635f 6d6f 6c70      	0x6c706d6f635f
 672:	7465                	c.lui	x8,0xffff9
 674:	0065                	c.addi	x0,25
 676:	7369                	c.lui	x6,0xffffa
 678:	665f 7269 7473      	0x74737269665f
 67e:	7300                	c.flw	f8,32(x14)
 680:	7379                	c.lui	x6,0xffffe
 682:	635f 6c61 5f6c      	0x5f6c6c61635f
 688:	6469                	c.lui	x8,0x1a
 68a:	7500                	c.flw	f8,40(x10)
 68c:	7261                	c.lui	x4,0xffff8
 68e:	6974                	c.flw	f13,84(x10)
 690:	746e                	c.flwsp	f8,248(x2)
 692:	0072                	c.slli	x0,0x1c
 694:	75616373          	csrrsi	x6,0x756,2
 698:	77006573          	csrrsi	x10,0x770,0
 69c:	6972                	c.flwsp	f18,28(x2)
 69e:	6574                	c.flw	f13,76(x10)
 6a0:	635f 7273 735f      	0x735f7273635f
 6a6:	6569                	c.lui	x10,0x1a
 6a8:	7200                	c.flw	f8,32(x12)
 6aa:	6165                	c.addi16sp	x2,112
 6ac:	5f64                	c.lw	x9,124(x14)
 6ae:	5f727363          	bgeu	x4,x23,c94 <_start-0x7ffff36c>
 6b2:	00656973          	csrrsi	x18,0x6,10
 6b6:	74697277          	0x74697277
 6ba:	5f65                	c.li	x30,-7
 6bc:	5f727363          	bgeu	x4,x23,ca2 <_start-0x7ffff35e>
 6c0:	696d                	c.lui	x18,0x1b
 6c2:	6564                	c.flw	f9,76(x10)
 6c4:	656c                	c.flw	f11,76(x10)
 6c6:	72770067          	jalr	x0,1831(x14) # 19727 <_start-0x7ffe68d9>
 6ca:	7469                	c.lui	x8,0xffffa
 6cc:	5f65                	c.li	x30,-7
 6ce:	5f727363          	bgeu	x4,x23,cb4 <_start-0x7ffff34c>
 6d2:	656d                	c.lui	x10,0x1b
 6d4:	6564                	c.flw	f9,76(x10)
 6d6:	656c                	c.flw	f11,76(x10)
 6d8:	74730067          	jalr	x0,1863(x6) # ffffe747 <_stack_top+0x77ffe747>
 6dc:	7261                	c.lui	x4,0xffff8
 6de:	0074                	c.addi4spn	x13,x2,12
 6e0:	616d                	c.addi16sp	x2,240
 6e2:	5f70                	c.lw	x12,124(x14)
 6e4:	5f61766b          	0x5f61766b
 6e8:	6f74                	c.flw	f13,92(x14)
 6ea:	6b5f 6170 6b00      	0x6b0061706b5f
 6f0:	7265                	c.lui	x4,0xffff9
 6f2:	656e                	c.flwsp	f10,216(x2)
 6f4:	5f6c                	c.lw	x11,124(x14)
 6f6:	6170                	c.flw	f12,68(x10)
 6f8:	61746567          	0x61746567
 6fc:	6c62                	c.flwsp	f24,24(x2)
 6fe:	0065                	c.addi	x0,25
 700:	6175                	c.addi16sp	x2,368
 702:	7472                	c.flwsp	f8,60(x2)
 704:	695f 736e 7265      	0x7265736e695f
 70a:	5f74                	c.lw	x13,124(x14)
 70c:	6e69                	c.lui	x28,0x1a
 70e:	6f74                	c.flw	f13,92(x14)
 710:	725f 5f78 7562      	0x75625f78725f
 716:	6666                	c.flwsp	f12,88(x2)
 718:	6800                	c.flw	f8,16(x8)
 71a:	6e61                	c.lui	x28,0x18
 71c:	6c64                	c.flw	f9,92(x8)
 71e:	5f65                	c.li	x30,-7
 720:	7872                	c.flwsp	f16,60(x2)
 722:	695f 746e 0072      	0x72746e695f
 728:	6175                	c.addi16sp	x2,368
 72a:	7472                	c.flwsp	f8,60(x2)
 72c:	725f 5f78 7562      	0x75625f78725f
 732:	6666                	c.flwsp	f12,88(x2)
 734:	7500                	c.flw	f8,40(x10)
 736:	7261                	c.lui	x4,0xffff8
 738:	5f74                	c.lw	x13,124(x14)
 73a:	7872                	c.flwsp	f16,60(x2)
 73c:	725f 6800 6e61      	0x6e616800725f
 742:	6c64                	c.flw	f9,92(x8)
 744:	5f65                	c.li	x30,-7
 746:	7874                	c.flw	f13,116(x8)
 748:	695f 746e 0072      	0x72746e695f
 74e:	6175                	c.addi16sp	x2,368
 750:	7472                	c.flwsp	f8,60(x2)
 752:	725f 5f78 7277      	0x72775f78725f
 758:	7500                	c.flw	f8,40(x10)
 75a:	7261                	c.lui	x4,0xffff8
 75c:	5f74                	c.lw	x13,124(x14)
 75e:	63746567          	0x63746567
 762:	7500                	c.flw	f8,40(x10)
 764:	7261                	c.lui	x4,0xffff8
 766:	5f74                	c.lw	x13,124(x14)
 768:	7874                	c.flw	f13,116(x8)
 76a:	625f 6675 0066      	0x666675625f
 770:	534c                	c.lw	x11,36(x14)
 772:	5f52                	c.lwsp	x30,52(x2)
 774:	6461                	c.lui	x8,0x18
 776:	7264                	c.flw	f9,100(x12)
 778:	7500                	c.flw	f8,40(x10)
 77a:	7261                	c.lui	x4,0xffff8
 77c:	5f74                	c.lw	x13,124(x14)
 77e:	7874                	c.flw	f13,116(x8)
 780:	725f 7500 7261      	0x72617500725f
 786:	5f74                	c.lw	x13,124(x14)
 788:	7874                	c.flw	f13,116(x8)
 78a:	775f 0072 6175      	0x61750072775f
 790:	7472                	c.flwsp	f8,60(x2)
 792:	655f 7478 6172      	0x61727478655f
 798:	635f7463          	bgeu	x30,x21,dc0 <_start-0x7ffff240>
 79c:	6168                	c.flw	f10,68(x10)
 79e:	7372                	c.flwsp	f6,60(x2)
 7a0:	665f 6f72 5f6d      	0x5f6d6f72665f
 7a6:	7874                	c.flw	f13,116(x8)
 7a8:	625f 6675 0066      	0x666675625f
 7ae:	6175                	c.addi16sp	x2,368
 7b0:	7472                	c.flwsp	f8,60(x2)
 7b2:	705f 6972 746e      	0x746e6972705f
 7b8:	61680063          	beq	x16,x22,db8 <_start-0x7ffff248>
 7bc:	7472                	c.flwsp	f8,60(x2)
 7be:	6d00                	c.flw	f8,24(x10)
 7c0:	6c75                	c.lui	x24,0x1d
 7c2:	6964                	c.flw	f9,84(x10)
 7c4:	00532e33          	slt	x28,x6,x5
 7c8:	6d6f682f          	0x6d6f682f
 7cc:	2f65                	c.jal	f84 <_start-0x7ffff07c>
 7ce:	6261                	c.lui	x4,0x18
 7d0:	6568                	c.flw	f10,76(x10)
 7d2:	7265                	c.lui	x4,0xffff9
 7d4:	7661                	c.lui	x12,0xffff8
 7d6:	7369722f          	0x7369722f
 7da:	742d7663          	bgeu	x26,x2,f26 <_start-0x7ffff0da>
 7de:	636c6f6f          	jal	x30,c6e14 <_start-0x7ff391ec>
 7e2:	6168                	c.flw	f10,68(x10)
 7e4:	6e69                	c.lui	x28,0x1a
 7e6:	692d                	c.lui	x18,0xb
 7e8:	736e                	c.flwsp	f6,248(x2)
 7ea:	6174                	c.flw	f13,68(x10)
 7ec:	6c6c                	c.flw	f11,92(x8)
 7ee:	672d                	c.lui	x14,0xb
 7f0:	6975                	c.lui	x18,0x1d
 7f2:	6564                	c.flw	f9,76(x10)
 7f4:	7369722f          	0x7369722f
 7f8:	672d7663          	bgeu	x26,x18,e64 <_start-0x7ffff19c>
 7fc:	756e                	c.flwsp	f10,248(x2)
 7fe:	742d                	c.lui	x8,0xfffeb
 800:	636c6f6f          	jal	x30,c6e36 <_start-0x7ff391ca>
 804:	6168                	c.flw	f10,68(x10)
 806:	6e69                	c.lui	x28,0x1a
 808:	6975622f          	0x6975622f
 80c:	646c                	c.flw	f11,76(x8)
 80e:	672d                	c.lui	x14,0xb
 810:	6e2d6363          	bltu	x26,x2,ef6 <_start-0x7ffff10a>
 814:	7765                	c.lui	x14,0xffff9
 816:	696c                	c.flw	f11,84(x10)
 818:	2d62                	c.fldsp	f26,24(x2)
 81a:	67617473          	csrrci	x8,0x676,2
 81e:	3265                	c.jal	1c6 <_start-0x7ffffe3a>
 820:	7369722f          	0x7369722f
 824:	32337663          	bgeu	x6,x3,b50 <_start-0x7ffff4b0>
 828:	752d                	c.lui	x10,0xfffeb
 82a:	6b6e                	c.flwsp	f22,216(x2)
 82c:	6f6e                	c.flwsp	f30,216(x2)
 82e:	652d6e77          	0x652d6e77
 832:	666c                	c.flw	f11,76(x12)
 834:	62696c2f          	0x62696c2f
 838:	00636367          	0x636367
 83c:	6964                	c.flw	f9,84(x10)
 83e:	2e76                	c.fldsp	f28,344(x2)
 840:	          	fadd.s	f0,f0,f0,rne

Disassembly of section .debug_frame:

00000000 <.debug_frame>:
   0:	000c                	0xc
   2:	0000                	c.unimp
   4:	ffff                	0xffff
   6:	ffff                	0xffff
   8:	7c010003          	lb	x0,1984(x2)
   c:	0d01                	c.addi	x26,0
   e:	0002                	c.slli64	x0
  10:	0024                	c.addi4spn	x9,x2,8
  12:	0000                	c.unimp
  14:	0000                	c.unimp
  16:	0000                	c.unimp
  18:	00d0                	c.addi4spn	x12,x2,68
  1a:	8000                	0x8000
  1c:	0044                	c.addi4spn	x9,x2,4
  1e:	0000                	c.unimp
  20:	0e44                	c.addi4spn	x9,x2,788
  22:	4810                	c.lw	x12,16(x8)
  24:	0181                	c.addi	x3,0
  26:	0288                	c.addi4spn	x10,x2,320
  28:	0c44                	c.addi4spn	x9,x2,532
  2a:	0008                	0x8
  2c:	2802                	c.fldsp	f16,0(x2)
  2e:	44c1                	c.li	x9,16
  30:	0cc8                	c.addi4spn	x10,x2,596
  32:	1002                	c.slli	x0,0x20
  34:	0e44                	c.addi4spn	x9,x2,788
  36:	0000                	c.unimp
  38:	000c                	0xc
  3a:	0000                	c.unimp
  3c:	ffff                	0xffff
  3e:	ffff                	0xffff
  40:	7c010003          	lb	x0,1984(x2)
  44:	0d01                	c.addi	x26,0
  46:	0002                	c.slli64	x0
  48:	0020                	c.addi4spn	x8,x2,8
  4a:	0000                	c.unimp
  4c:	0038                	c.addi4spn	x14,x2,8
  4e:	0000                	c.unimp
  50:	0114                	c.addi4spn	x13,x2,128
  52:	8000                	0x8000
  54:	0114                	c.addi4spn	x13,x2,128
  56:	0000                	c.unimp
  58:	0e44                	c.addi4spn	x9,x2,788
  5a:	4430                	c.lw	x12,72(x8)
  5c:	0188                	c.addi4spn	x10,x2,192
  5e:	0c44                	c.addi4spn	x9,x2,532
  60:	0008                	0x8
  62:	c8010003          	lb	x0,-896(x2)
  66:	020c                	c.addi4spn	x11,x2,256
  68:	4430                	c.lw	x12,72(x8)
  6a:	000e                	c.slli	x0,0x3
  6c:	0020                	c.addi4spn	x8,x2,8
  6e:	0000                	c.unimp
  70:	0038                	c.addi4spn	x14,x2,8
  72:	0000                	c.unimp
  74:	0228                	c.addi4spn	x10,x2,264
  76:	8000                	0x8000
  78:	0028                	c.addi4spn	x10,x2,8
  7a:	0000                	c.unimp
  7c:	0e44                	c.addi4spn	x9,x2,788
  7e:	4420                	c.lw	x8,72(x8)
  80:	0188                	c.addi4spn	x10,x2,192
  82:	0c44                	c.addi4spn	x9,x2,532
  84:	0008                	0x8
  86:	c854                	c.sw	x13,20(x8)
  88:	020c                	c.addi4spn	x11,x2,256
  8a:	4420                	c.lw	x8,72(x8)
  8c:	000e                	c.slli	x0,0x3
  8e:	0000                	c.unimp
  90:	0024                	c.addi4spn	x9,x2,8
  92:	0000                	c.unimp
  94:	0038                	c.addi4spn	x14,x2,8
  96:	0000                	c.unimp
  98:	0250                	c.addi4spn	x12,x2,260
  9a:	8000                	0x8000
  9c:	0094                	c.addi4spn	x13,x2,64
  9e:	0000                	c.unimp
  a0:	0e44                	c.addi4spn	x9,x2,788
  a2:	4830                	c.lw	x12,80(x8)
  a4:	0181                	c.addi	x3,0
  a6:	0288                	c.addi4spn	x10,x2,320
  a8:	0c44                	c.addi4spn	x9,x2,532
  aa:	0008                	0x8
  ac:	7802                	c.flwsp	f16,32(x2)
  ae:	44c1                	c.li	x9,16
  b0:	0cc8                	c.addi4spn	x10,x2,596
  b2:	3002                	c.fldsp	f0,32(x2)
  b4:	0e44                	c.addi4spn	x9,x2,788
  b6:	0000                	c.unimp
  b8:	0024                	c.addi4spn	x9,x2,8
  ba:	0000                	c.unimp
  bc:	0038                	c.addi4spn	x14,x2,8
  be:	0000                	c.unimp
  c0:	02e4                	c.addi4spn	x9,x2,332
  c2:	8000                	0x8000
  c4:	005c                	c.addi4spn	x15,x2,4
  c6:	0000                	c.unimp
  c8:	0e44                	c.addi4spn	x9,x2,788
  ca:	4820                	c.lw	x8,80(x8)
  cc:	0181                	c.addi	x3,0
  ce:	0288                	c.addi4spn	x10,x2,320
  d0:	0c44                	c.addi4spn	x9,x2,532
  d2:	0008                	0x8
  d4:	4002                	0x4002
  d6:	44c1                	c.li	x9,16
  d8:	0cc8                	c.addi4spn	x10,x2,596
  da:	2002                	c.fldsp	f0,0(x2)
  dc:	0e44                	c.addi4spn	x9,x2,788
  de:	0000                	c.unimp
  e0:	0024                	c.addi4spn	x9,x2,8
  e2:	0000                	c.unimp
  e4:	0038                	c.addi4spn	x14,x2,8
  e6:	0000                	c.unimp
  e8:	0340                	c.addi4spn	x8,x2,388
  ea:	8000                	0x8000
  ec:	0060                	c.addi4spn	x8,x2,12
  ee:	0000                	c.unimp
  f0:	0e44                	c.addi4spn	x9,x2,788
  f2:	4820                	c.lw	x8,80(x8)
  f4:	0181                	c.addi	x3,0
  f6:	0288                	c.addi4spn	x10,x2,320
  f8:	0c44                	c.addi4spn	x9,x2,532
  fa:	0008                	0x8
  fc:	4402                	c.lwsp	x8,0(x2)
  fe:	44c1                	c.li	x9,16
 100:	0cc8                	c.addi4spn	x10,x2,596
 102:	2002                	c.fldsp	f0,0(x2)
 104:	0e44                	c.addi4spn	x9,x2,788
 106:	0000                	c.unimp
 108:	0024                	c.addi4spn	x9,x2,8
 10a:	0000                	c.unimp
 10c:	0038                	c.addi4spn	x14,x2,8
 10e:	0000                	c.unimp
 110:	03a0                	c.addi4spn	x8,x2,456
 112:	8000                	0x8000
 114:	0030                	c.addi4spn	x12,x2,8
 116:	0000                	c.unimp
 118:	0e44                	c.addi4spn	x9,x2,788
 11a:	4820                	c.lw	x8,80(x8)
 11c:	0181                	c.addi	x3,0
 11e:	0288                	c.addi4spn	x10,x2,320
 120:	0c44                	c.addi4spn	x9,x2,532
 122:	0008                	0x8
 124:	c154                	c.sw	x13,4(x10)
 126:	c844                	c.sw	x9,20(x8)
 128:	020c                	c.addi4spn	x11,x2,256
 12a:	4420                	c.lw	x8,72(x8)
 12c:	000e                	c.slli	x0,0x3
 12e:	0000                	c.unimp
 130:	0020                	c.addi4spn	x8,x2,8
 132:	0000                	c.unimp
 134:	0038                	c.addi4spn	x14,x2,8
 136:	0000                	c.unimp
 138:	03d0                	c.addi4spn	x12,x2,452
 13a:	8000                	0x8000
 13c:	0028                	c.addi4spn	x10,x2,8
 13e:	0000                	c.unimp
 140:	0e44                	c.addi4spn	x9,x2,788
 142:	4420                	c.lw	x8,72(x8)
 144:	0188                	c.addi4spn	x10,x2,192
 146:	0c44                	c.addi4spn	x9,x2,532
 148:	0008                	0x8
 14a:	c854                	c.sw	x13,20(x8)
 14c:	020c                	c.addi4spn	x11,x2,256
 14e:	4420                	c.lw	x8,72(x8)
 150:	000e                	c.slli	x0,0x3
 152:	0000                	c.unimp
 154:	0020                	c.addi4spn	x8,x2,8
 156:	0000                	c.unimp
 158:	0038                	c.addi4spn	x14,x2,8
 15a:	0000                	c.unimp
 15c:	03f8                	c.addi4spn	x14,x2,460
 15e:	8000                	0x8000
 160:	002c                	c.addi4spn	x11,x2,8
 162:	0000                	c.unimp
 164:	0e44                	c.addi4spn	x9,x2,788
 166:	4420                	c.lw	x8,72(x8)
 168:	0188                	c.addi4spn	x10,x2,192
 16a:	0c44                	c.addi4spn	x9,x2,532
 16c:	0008                	0x8
 16e:	c858                	c.sw	x14,20(x8)
 170:	020c                	c.addi4spn	x11,x2,256
 172:	4420                	c.lw	x8,72(x8)
 174:	000e                	c.slli	x0,0x3
 176:	0000                	c.unimp
 178:	0020                	c.addi4spn	x8,x2,8
 17a:	0000                	c.unimp
 17c:	0038                	c.addi4spn	x14,x2,8
 17e:	0000                	c.unimp
 180:	0424                	c.addi4spn	x9,x2,520
 182:	8000                	0x8000
 184:	002c                	c.addi4spn	x11,x2,8
 186:	0000                	c.unimp
 188:	0e44                	c.addi4spn	x9,x2,788
 18a:	4420                	c.lw	x8,72(x8)
 18c:	0188                	c.addi4spn	x10,x2,192
 18e:	0c44                	c.addi4spn	x9,x2,532
 190:	0008                	0x8
 192:	c858                	c.sw	x14,20(x8)
 194:	020c                	c.addi4spn	x11,x2,256
 196:	4420                	c.lw	x8,72(x8)
 198:	000e                	c.slli	x0,0x3
 19a:	0000                	c.unimp
 19c:	0020                	c.addi4spn	x8,x2,8
 19e:	0000                	c.unimp
 1a0:	0038                	c.addi4spn	x14,x2,8
 1a2:	0000                	c.unimp
 1a4:	0450                	c.addi4spn	x12,x2,516
 1a6:	8000                	0x8000
 1a8:	0028                	c.addi4spn	x10,x2,8
 1aa:	0000                	c.unimp
 1ac:	0e44                	c.addi4spn	x9,x2,788
 1ae:	4420                	c.lw	x8,72(x8)
 1b0:	0188                	c.addi4spn	x10,x2,192
 1b2:	0c44                	c.addi4spn	x9,x2,532
 1b4:	0008                	0x8
 1b6:	c854                	c.sw	x13,20(x8)
 1b8:	020c                	c.addi4spn	x11,x2,256
 1ba:	4420                	c.lw	x8,72(x8)
 1bc:	000e                	c.slli	x0,0x3
 1be:	0000                	c.unimp
 1c0:	0028                	c.addi4spn	x10,x2,8
 1c2:	0000                	c.unimp
 1c4:	0038                	c.addi4spn	x14,x2,8
 1c6:	0000                	c.unimp
 1c8:	0478                	c.addi4spn	x14,x2,524
 1ca:	8000                	0x8000
 1cc:	0184                	c.addi4spn	x9,x2,192
 1ce:	0000                	c.unimp
 1d0:	0e44                	c.addi4spn	x9,x2,788
 1d2:	4c40                	c.lw	x8,28(x8)
 1d4:	0181                	c.addi	x3,0
 1d6:	0288                	c.addi4spn	x10,x2,320
 1d8:	0389                	c.addi	x7,2
 1da:	0c44                	c.addi4spn	x9,x2,532
 1dc:	0008                	0x8
 1de:	c1016003          	0xc1016003
 1e2:	c844                	c.sw	x9,20(x8)
 1e4:	020c                	c.addi4spn	x11,x2,256
 1e6:	4440                	c.lw	x8,12(x8)
 1e8:	44c9                	c.li	x9,18
 1ea:	000e                	c.slli	x0,0x3
 1ec:	0024                	c.addi4spn	x9,x2,8
 1ee:	0000                	c.unimp
 1f0:	0038                	c.addi4spn	x14,x2,8
 1f2:	0000                	c.unimp
 1f4:	05fc                	c.addi4spn	x15,x2,716
 1f6:	8000                	0x8000
 1f8:	0090                	c.addi4spn	x12,x2,64
 1fa:	0000                	c.unimp
 1fc:	0e44                	c.addi4spn	x9,x2,788
 1fe:	4830                	c.lw	x12,80(x8)
 200:	0181                	c.addi	x3,0
 202:	0288                	c.addi4spn	x10,x2,320
 204:	0c44                	c.addi4spn	x9,x2,532
 206:	0008                	0x8
 208:	7402                	c.flwsp	f8,32(x2)
 20a:	44c1                	c.li	x9,16
 20c:	0cc8                	c.addi4spn	x10,x2,596
 20e:	3002                	c.fldsp	f0,32(x2)
 210:	0e44                	c.addi4spn	x9,x2,788
 212:	0000                	c.unimp
 214:	0024                	c.addi4spn	x9,x2,8
 216:	0000                	c.unimp
 218:	0038                	c.addi4spn	x14,x2,8
 21a:	0000                	c.unimp
 21c:	068c                	c.addi4spn	x11,x2,832
 21e:	8000                	0x8000
 220:	00f4                	c.addi4spn	x13,x2,76
 222:	0000                	c.unimp
 224:	0e44                	c.addi4spn	x9,x2,788
 226:	4830                	c.lw	x12,80(x8)
 228:	0181                	c.addi	x3,0
 22a:	0288                	c.addi4spn	x10,x2,320
 22c:	0c44                	c.addi4spn	x9,x2,532
 22e:	0008                	0x8
 230:	d802                	c.swsp	x0,48(x2)
 232:	44c1                	c.li	x9,16
 234:	0cc8                	c.addi4spn	x10,x2,596
 236:	3002                	c.fldsp	f0,32(x2)
 238:	0e44                	c.addi4spn	x9,x2,788
 23a:	0000                	c.unimp
 23c:	0024                	c.addi4spn	x9,x2,8
 23e:	0000                	c.unimp
 240:	0038                	c.addi4spn	x14,x2,8
 242:	0000                	c.unimp
 244:	0780                	c.addi4spn	x8,x2,960
 246:	8000                	0x8000
 248:	00f8                	c.addi4spn	x14,x2,76
 24a:	0000                	c.unimp
 24c:	0e44                	c.addi4spn	x9,x2,788
 24e:	4830                	c.lw	x12,80(x8)
 250:	0181                	c.addi	x3,0
 252:	0288                	c.addi4spn	x10,x2,320
 254:	0c44                	c.addi4spn	x9,x2,532
 256:	0008                	0x8
 258:	dc02                	c.swsp	x0,56(x2)
 25a:	44c1                	c.li	x9,16
 25c:	0cc8                	c.addi4spn	x10,x2,596
 25e:	3002                	c.fldsp	f0,32(x2)
 260:	0e44                	c.addi4spn	x9,x2,788
 262:	0000                	c.unimp
 264:	0024                	c.addi4spn	x9,x2,8
 266:	0000                	c.unimp
 268:	0038                	c.addi4spn	x14,x2,8
 26a:	0000                	c.unimp
 26c:	0878                	c.addi4spn	x14,x2,28
 26e:	8000                	0x8000
 270:	011c                	c.addi4spn	x15,x2,128
 272:	0000                	c.unimp
 274:	0e44                	c.addi4spn	x9,x2,788
 276:	4830                	c.lw	x12,80(x8)
 278:	0181                	c.addi	x3,0
 27a:	0288                	c.addi4spn	x10,x2,320
 27c:	0c44                	c.addi4spn	x9,x2,532
 27e:	0008                	0x8
 280:	c1010003          	lb	x0,-1008(x2)
 284:	c844                	c.sw	x9,20(x8)
 286:	020c                	c.addi4spn	x11,x2,256
 288:	4430                	c.lw	x12,72(x8)
 28a:	000e                	c.slli	x0,0x3
 28c:	0024                	c.addi4spn	x9,x2,8
 28e:	0000                	c.unimp
 290:	0038                	c.addi4spn	x14,x2,8
 292:	0000                	c.unimp
 294:	0994                	c.addi4spn	x13,x2,208
 296:	8000                	0x8000
 298:	0098                	c.addi4spn	x14,x2,64
 29a:	0000                	c.unimp
 29c:	0e44                	c.addi4spn	x9,x2,788
 29e:	4830                	c.lw	x12,80(x8)
 2a0:	0181                	c.addi	x3,0
 2a2:	0288                	c.addi4spn	x10,x2,320
 2a4:	0c44                	c.addi4spn	x9,x2,532
 2a6:	0008                	0x8
 2a8:	7c02                	c.flwsp	f24,32(x2)
 2aa:	44c1                	c.li	x9,16
 2ac:	0cc8                	c.addi4spn	x10,x2,596
 2ae:	3002                	c.fldsp	f0,32(x2)
 2b0:	0e44                	c.addi4spn	x9,x2,788
 2b2:	0000                	c.unimp
 2b4:	0028                	c.addi4spn	x10,x2,8
 2b6:	0000                	c.unimp
 2b8:	0038                	c.addi4spn	x14,x2,8
 2ba:	0000                	c.unimp
 2bc:	0a2c                	c.addi4spn	x11,x2,280
 2be:	8000                	0x8000
 2c0:	0184                	c.addi4spn	x9,x2,192
 2c2:	0000                	c.unimp
 2c4:	0e44                	c.addi4spn	x9,x2,788
 2c6:	4c40                	c.lw	x8,28(x8)
 2c8:	0181                	c.addi	x3,0
 2ca:	0288                	c.addi4spn	x10,x2,320
 2cc:	0389                	c.addi	x7,2
 2ce:	0c44                	c.addi4spn	x9,x2,532
 2d0:	0008                	0x8
 2d2:	c1016003          	0xc1016003
 2d6:	c844                	c.sw	x9,20(x8)
 2d8:	020c                	c.addi4spn	x11,x2,256
 2da:	4440                	c.lw	x8,12(x8)
 2dc:	44c9                	c.li	x9,18
 2de:	000e                	c.slli	x0,0x3
 2e0:	0028                	c.addi4spn	x10,x2,8
 2e2:	0000                	c.unimp
 2e4:	0038                	c.addi4spn	x14,x2,8
 2e6:	0000                	c.unimp
 2e8:	0bb0                	c.addi4spn	x12,x2,472
 2ea:	8000                	0x8000
 2ec:	00c8                	c.addi4spn	x10,x2,68
 2ee:	0000                	c.unimp
 2f0:	0e44                	c.addi4spn	x9,x2,788
 2f2:	4c20                	c.lw	x8,88(x8)
 2f4:	0181                	c.addi	x3,0
 2f6:	0288                	c.addi4spn	x10,x2,320
 2f8:	0389                	c.addi	x7,2
 2fa:	0c44                	c.addi4spn	x9,x2,532
 2fc:	0008                	0x8
 2fe:	a402                	c.fsdsp	f0,8(x2)
 300:	44c1                	c.li	x9,16
 302:	0cc8                	c.addi4spn	x10,x2,596
 304:	2002                	c.fldsp	f0,0(x2)
 306:	c944                	c.sw	x9,20(x10)
 308:	0e44                	c.addi4spn	x9,x2,788
 30a:	0000                	c.unimp
 30c:	002c                	c.addi4spn	x11,x2,8
 30e:	0000                	c.unimp
 310:	0038                	c.addi4spn	x14,x2,8
 312:	0000                	c.unimp
 314:	0c78                	c.addi4spn	x14,x2,540
 316:	8000                	0x8000
 318:	009c                	c.addi4spn	x15,x2,64
 31a:	0000                	c.unimp
 31c:	0e44                	c.addi4spn	x9,x2,788
 31e:	5030                	c.lw	x12,96(x8)
 320:	0181                	c.addi	x3,0
 322:	0288                	c.addi4spn	x10,x2,320
 324:	0389                	c.addi	x7,2
 326:	0492                	c.slli	x9,0x4
 328:	0c44                	c.addi4spn	x9,x2,532
 32a:	0008                	0x8
 32c:	7002                	c.flwsp	f0,32(x2)
 32e:	44c1                	c.li	x9,16
 330:	0cc8                	c.addi4spn	x10,x2,596
 332:	3002                	c.fldsp	f0,32(x2)
 334:	c944                	c.sw	x9,20(x10)
 336:	d244                	c.sw	x9,36(x12)
 338:	0e44                	c.addi4spn	x9,x2,788
 33a:	0000                	c.unimp
 33c:	000c                	0xc
 33e:	0000                	c.unimp
 340:	ffff                	0xffff
 342:	ffff                	0xffff
 344:	7c010003          	lb	x0,1984(x2)
 348:	0d01                	c.addi	x26,0
 34a:	0002                	c.slli64	x0
 34c:	0020                	c.addi4spn	x8,x2,8
 34e:	0000                	c.unimp
 350:	033c                	c.addi4spn	x15,x2,392
 352:	0000                	c.unimp
 354:	0d14                	c.addi4spn	x13,x2,656
 356:	8000                	0x8000
 358:	0030                	c.addi4spn	x12,x2,8
 35a:	0000                	c.unimp
 35c:	0e44                	c.addi4spn	x9,x2,788
 35e:	4420                	c.lw	x8,72(x8)
 360:	0188                	c.addi4spn	x10,x2,192
 362:	0c44                	c.addi4spn	x9,x2,532
 364:	0008                	0x8
 366:	c85c                	c.sw	x15,20(x8)
 368:	020c                	c.addi4spn	x11,x2,256
 36a:	4420                	c.lw	x8,72(x8)
 36c:	000e                	c.slli	x0,0x3
 36e:	0000                	c.unimp
 370:	0020                	c.addi4spn	x8,x2,8
 372:	0000                	c.unimp
 374:	033c                	c.addi4spn	x15,x2,392
 376:	0000                	c.unimp
 378:	0d44                	c.addi4spn	x9,x2,660
 37a:	8000                	0x8000
 37c:	007c                	c.addi4spn	x15,x2,12
 37e:	0000                	c.unimp
 380:	0e44                	c.addi4spn	x9,x2,788
 382:	4430                	c.lw	x12,72(x8)
 384:	0188                	c.addi4spn	x10,x2,192
 386:	0c44                	c.addi4spn	x9,x2,532
 388:	0008                	0x8
 38a:	6802                	c.flwsp	f16,0(x2)
 38c:	0cc8                	c.addi4spn	x10,x2,596
 38e:	3002                	c.fldsp	f0,32(x2)
 390:	0e44                	c.addi4spn	x9,x2,788
 392:	0000                	c.unimp
 394:	0020                	c.addi4spn	x8,x2,8
 396:	0000                	c.unimp
 398:	033c                	c.addi4spn	x15,x2,392
 39a:	0000                	c.unimp
 39c:	0dc0                	c.addi4spn	x8,x2,724
 39e:	8000                	0x8000
 3a0:	0048                	c.addi4spn	x10,x2,4
 3a2:	0000                	c.unimp
 3a4:	0e44                	c.addi4spn	x9,x2,788
 3a6:	4430                	c.lw	x12,72(x8)
 3a8:	0188                	c.addi4spn	x10,x2,192
 3aa:	0c44                	c.addi4spn	x9,x2,532
 3ac:	0008                	0x8
 3ae:	c874                	c.sw	x13,84(x8)
 3b0:	020c                	c.addi4spn	x11,x2,256
 3b2:	4430                	c.lw	x12,72(x8)
 3b4:	000e                	c.slli	x0,0x3
 3b6:	0000                	c.unimp
 3b8:	0020                	c.addi4spn	x8,x2,8
 3ba:	0000                	c.unimp
 3bc:	033c                	c.addi4spn	x15,x2,392
 3be:	0000                	c.unimp
 3c0:	0e08                	c.addi4spn	x10,x2,784
 3c2:	8000                	0x8000
 3c4:	006c                	c.addi4spn	x11,x2,12
 3c6:	0000                	c.unimp
 3c8:	0e44                	c.addi4spn	x9,x2,788
 3ca:	4430                	c.lw	x12,72(x8)
 3cc:	0188                	c.addi4spn	x10,x2,192
 3ce:	0c44                	c.addi4spn	x9,x2,532
 3d0:	0008                	0x8
 3d2:	5802                	c.lwsp	x16,32(x2)
 3d4:	0cc8                	c.addi4spn	x10,x2,596
 3d6:	3002                	c.fldsp	f0,32(x2)
 3d8:	0e44                	c.addi4spn	x9,x2,788
 3da:	0000                	c.unimp
 3dc:	0020                	c.addi4spn	x8,x2,8
 3de:	0000                	c.unimp
 3e0:	033c                	c.addi4spn	x15,x2,392
 3e2:	0000                	c.unimp
 3e4:	0e74                	c.addi4spn	x13,x2,796
 3e6:	8000                	0x8000
 3e8:	003c                	c.addi4spn	x15,x2,8
 3ea:	0000                	c.unimp
 3ec:	0e44                	c.addi4spn	x9,x2,788
 3ee:	4420                	c.lw	x8,72(x8)
 3f0:	0188                	c.addi4spn	x10,x2,192
 3f2:	0c44                	c.addi4spn	x9,x2,532
 3f4:	0008                	0x8
 3f6:	c868                	c.sw	x10,84(x8)
 3f8:	020c                	c.addi4spn	x11,x2,256
 3fa:	4420                	c.lw	x8,72(x8)
 3fc:	000e                	c.slli	x0,0x3
 3fe:	0000                	c.unimp
 400:	0020                	c.addi4spn	x8,x2,8
 402:	0000                	c.unimp
 404:	033c                	c.addi4spn	x15,x2,392
 406:	0000                	c.unimp
 408:	0eb0                	c.addi4spn	x12,x2,856
 40a:	8000                	0x8000
 40c:	003c                	c.addi4spn	x15,x2,8
 40e:	0000                	c.unimp
 410:	0e44                	c.addi4spn	x9,x2,788
 412:	4420                	c.lw	x8,72(x8)
 414:	0188                	c.addi4spn	x10,x2,192
 416:	0c44                	c.addi4spn	x9,x2,532
 418:	0008                	0x8
 41a:	c868                	c.sw	x10,84(x8)
 41c:	020c                	c.addi4spn	x11,x2,256
 41e:	4420                	c.lw	x8,72(x8)
 420:	000e                	c.slli	x0,0x3
 422:	0000                	c.unimp
 424:	0020                	c.addi4spn	x8,x2,8
 426:	0000                	c.unimp
 428:	033c                	c.addi4spn	x15,x2,392
 42a:	0000                	c.unimp
 42c:	0eec                	c.addi4spn	x11,x2,860
 42e:	8000                	0x8000
 430:	0070                	c.addi4spn	x12,x2,12
 432:	0000                	c.unimp
 434:	0e44                	c.addi4spn	x9,x2,788
 436:	4430                	c.lw	x12,72(x8)
 438:	0188                	c.addi4spn	x10,x2,192
 43a:	0c44                	c.addi4spn	x9,x2,532
 43c:	0008                	0x8
 43e:	5c02                	c.lwsp	x24,32(x2)
 440:	0cc8                	c.addi4spn	x10,x2,596
 442:	3002                	c.fldsp	f0,32(x2)
 444:	0e44                	c.addi4spn	x9,x2,788
 446:	0000                	c.unimp
 448:	0020                	c.addi4spn	x8,x2,8
 44a:	0000                	c.unimp
 44c:	033c                	c.addi4spn	x15,x2,392
 44e:	0000                	c.unimp
 450:	0f5c                	c.addi4spn	x15,x2,916
 452:	8000                	0x8000
 454:	0080                	c.addi4spn	x8,x2,64
 456:	0000                	c.unimp
 458:	0e44                	c.addi4spn	x9,x2,788
 45a:	4430                	c.lw	x12,72(x8)
 45c:	0188                	c.addi4spn	x10,x2,192
 45e:	0c44                	c.addi4spn	x9,x2,532
 460:	0008                	0x8
 462:	6c02                	c.flwsp	f24,0(x2)
 464:	0cc8                	c.addi4spn	x10,x2,596
 466:	3002                	c.fldsp	f0,32(x2)
 468:	0e44                	c.addi4spn	x9,x2,788
 46a:	0000                	c.unimp
 46c:	0020                	c.addi4spn	x8,x2,8
 46e:	0000                	c.unimp
 470:	033c                	c.addi4spn	x15,x2,392
 472:	0000                	c.unimp
 474:	0fdc                	c.addi4spn	x15,x2,980
 476:	8000                	0x8000
 478:	00b4                	c.addi4spn	x13,x2,72
 47a:	0000                	c.unimp
 47c:	0e44                	c.addi4spn	x9,x2,788
 47e:	4430                	c.lw	x12,72(x8)
 480:	0188                	c.addi4spn	x10,x2,192
 482:	0c44                	c.addi4spn	x9,x2,532
 484:	0008                	0x8
 486:	a002                	c.fsdsp	f0,0(x2)
 488:	0cc8                	c.addi4spn	x10,x2,596
 48a:	3002                	c.fldsp	f0,32(x2)
 48c:	0e44                	c.addi4spn	x9,x2,788
 48e:	0000                	c.unimp
 490:	0024                	c.addi4spn	x9,x2,8
 492:	0000                	c.unimp
 494:	033c                	c.addi4spn	x15,x2,392
 496:	0000                	c.unimp
 498:	1090                	c.addi4spn	x12,x2,96
 49a:	8000                	0x8000
 49c:	006c                	c.addi4spn	x11,x2,12
 49e:	0000                	c.unimp
 4a0:	0e44                	c.addi4spn	x9,x2,788
 4a2:	4820                	c.lw	x8,80(x8)
 4a4:	0181                	c.addi	x3,0
 4a6:	0288                	c.addi4spn	x10,x2,320
 4a8:	0c44                	c.addi4spn	x9,x2,532
 4aa:	0008                	0x8
 4ac:	5002                	0x5002
 4ae:	44c1                	c.li	x9,16
 4b0:	0cc8                	c.addi4spn	x10,x2,596
 4b2:	2002                	c.fldsp	f0,0(x2)
 4b4:	0e44                	c.addi4spn	x9,x2,788
 4b6:	0000                	c.unimp
 4b8:	0020                	c.addi4spn	x8,x2,8
 4ba:	0000                	c.unimp
 4bc:	033c                	c.addi4spn	x15,x2,392
 4be:	0000                	c.unimp
 4c0:	10fc                	c.addi4spn	x15,x2,108
 4c2:	8000                	0x8000
 4c4:	016c                	c.addi4spn	x11,x2,140
 4c6:	0000                	c.unimp
 4c8:	0e44                	c.addi4spn	x9,x2,788
 4ca:	4460                	c.lw	x8,76(x8)
 4cc:	0188                	c.addi4spn	x10,x2,192
 4ce:	0c44                	c.addi4spn	x9,x2,532
 4d0:	0008                	0x8
 4d2:	c8015803          	lhu	x16,-896(x2)
 4d6:	020c                	c.addi4spn	x11,x2,256
 4d8:	4460                	c.lw	x8,76(x8)
 4da:	000e                	c.slli	x0,0x3
 4dc:	000c                	0xc
 4de:	0000                	c.unimp
 4e0:	ffff                	0xffff
 4e2:	ffff                	0xffff
 4e4:	7c010003          	lb	x0,1984(x2)
 4e8:	0d01                	c.addi	x26,0
 4ea:	0002                	c.slli64	x0
 4ec:	0020                	c.addi4spn	x8,x2,8
 4ee:	0000                	c.unimp
 4f0:	04dc                	c.addi4spn	x15,x2,580
 4f2:	0000                	c.unimp
 4f4:	1268                	c.addi4spn	x10,x2,300
 4f6:	8000                	0x8000
 4f8:	0028                	c.addi4spn	x10,x2,8
 4fa:	0000                	c.unimp
 4fc:	0e44                	c.addi4spn	x9,x2,788
 4fe:	4410                	c.lw	x12,8(x8)
 500:	0188                	c.addi4spn	x10,x2,192
 502:	0c44                	c.addi4spn	x9,x2,532
 504:	0008                	0x8
 506:	c854                	c.sw	x13,20(x8)
 508:	020c                	c.addi4spn	x11,x2,256
 50a:	4410                	c.lw	x12,8(x8)
 50c:	000e                	c.slli	x0,0x3
 50e:	0000                	c.unimp
 510:	0020                	c.addi4spn	x8,x2,8
 512:	0000                	c.unimp
 514:	04dc                	c.addi4spn	x15,x2,580
 516:	0000                	c.unimp
 518:	1290                	c.addi4spn	x12,x2,352
 51a:	8000                	0x8000
 51c:	0054                	c.addi4spn	x13,x2,4
 51e:	0000                	c.unimp
 520:	0e44                	c.addi4spn	x9,x2,788
 522:	4420                	c.lw	x8,72(x8)
 524:	0188                	c.addi4spn	x10,x2,192
 526:	0c44                	c.addi4spn	x9,x2,532
 528:	0008                	0x8
 52a:	4002                	0x4002
 52c:	0cc8                	c.addi4spn	x10,x2,596
 52e:	2002                	c.fldsp	f0,0(x2)
 530:	0e44                	c.addi4spn	x9,x2,788
 532:	0000                	c.unimp
 534:	0020                	c.addi4spn	x8,x2,8
 536:	0000                	c.unimp
 538:	04dc                	c.addi4spn	x15,x2,580
 53a:	0000                	c.unimp
 53c:	12e4                	c.addi4spn	x9,x2,364
 53e:	8000                	0x8000
 540:	0048                	c.addi4spn	x10,x2,4
 542:	0000                	c.unimp
 544:	0e44                	c.addi4spn	x9,x2,788
 546:	4420                	c.lw	x8,72(x8)
 548:	0188                	c.addi4spn	x10,x2,192
 54a:	0c44                	c.addi4spn	x9,x2,532
 54c:	0008                	0x8
 54e:	c874                	c.sw	x13,84(x8)
 550:	020c                	c.addi4spn	x11,x2,256
 552:	4420                	c.lw	x8,72(x8)
 554:	000e                	c.slli	x0,0x3
 556:	0000                	c.unimp
 558:	0020                	c.addi4spn	x8,x2,8
 55a:	0000                	c.unimp
 55c:	04dc                	c.addi4spn	x15,x2,580
 55e:	0000                	c.unimp
 560:	132c                	c.addi4spn	x11,x2,424
 562:	8000                	0x8000
 564:	0038                	c.addi4spn	x14,x2,8
 566:	0000                	c.unimp
 568:	0e44                	c.addi4spn	x9,x2,788
 56a:	4410                	c.lw	x12,8(x8)
 56c:	0188                	c.addi4spn	x10,x2,192
 56e:	0c44                	c.addi4spn	x9,x2,532
 570:	0008                	0x8
 572:	c864                	c.sw	x9,84(x8)
 574:	020c                	c.addi4spn	x11,x2,256
 576:	4410                	c.lw	x12,8(x8)
 578:	000e                	c.slli	x0,0x3
 57a:	0000                	c.unimp
 57c:	0020                	c.addi4spn	x8,x2,8
 57e:	0000                	c.unimp
 580:	04dc                	c.addi4spn	x15,x2,580
 582:	0000                	c.unimp
 584:	1364                	c.addi4spn	x9,x2,428
 586:	8000                	0x8000
 588:	00ac                	c.addi4spn	x11,x2,72
 58a:	0000                	c.unimp
 58c:	0e44                	c.addi4spn	x9,x2,788
 58e:	4420                	c.lw	x8,72(x8)
 590:	0188                	c.addi4spn	x10,x2,192
 592:	0c44                	c.addi4spn	x9,x2,532
 594:	0008                	0x8
 596:	9802                	c.jalr	x16
 598:	0cc8                	c.addi4spn	x10,x2,596
 59a:	2002                	c.fldsp	f0,0(x2)
 59c:	0e44                	c.addi4spn	x9,x2,788
 59e:	0000                	c.unimp
 5a0:	0024                	c.addi4spn	x9,x2,8
 5a2:	0000                	c.unimp
 5a4:	04dc                	c.addi4spn	x15,x2,580
 5a6:	0000                	c.unimp
 5a8:	1410                	c.addi4spn	x12,x2,544
 5aa:	8000                	0x8000
 5ac:	0118                	c.addi4spn	x14,x2,128
 5ae:	0000                	c.unimp
 5b0:	0e44                	c.addi4spn	x9,x2,788
 5b2:	4820                	c.lw	x8,80(x8)
 5b4:	0181                	c.addi	x3,0
 5b6:	0288                	c.addi4spn	x10,x2,320
 5b8:	0c44                	c.addi4spn	x9,x2,532
 5ba:	0008                	0x8
 5bc:	c100fc03          	0xc100fc03
 5c0:	c844                	c.sw	x9,20(x8)
 5c2:	020c                	c.addi4spn	x11,x2,256
 5c4:	4420                	c.lw	x8,72(x8)
 5c6:	000e                	c.slli	x0,0x3
 5c8:	0024                	c.addi4spn	x9,x2,8
 5ca:	0000                	c.unimp
 5cc:	04dc                	c.addi4spn	x15,x2,580
 5ce:	0000                	c.unimp
 5d0:	1528                	c.addi4spn	x10,x2,680
 5d2:	8000                	0x8000
 5d4:	0130                	c.addi4spn	x12,x2,136
 5d6:	0000                	c.unimp
 5d8:	0e44                	c.addi4spn	x9,x2,788
 5da:	4820                	c.lw	x8,80(x8)
 5dc:	0181                	c.addi	x3,0
 5de:	0288                	c.addi4spn	x10,x2,320
 5e0:	0c44                	c.addi4spn	x9,x2,532
 5e2:	0008                	0x8
 5e4:	c1011403          	lh	x8,-1008(x2)
 5e8:	c844                	c.sw	x9,20(x8)
 5ea:	020c                	c.addi4spn	x11,x2,256
 5ec:	4420                	c.lw	x8,72(x8)
 5ee:	000e                	c.slli	x0,0x3
 5f0:	002c                	c.addi4spn	x11,x2,8
 5f2:	0000                	c.unimp
 5f4:	04dc                	c.addi4spn	x15,x2,580
 5f6:	0000                	c.unimp
 5f8:	1658                	c.addi4spn	x14,x2,804
 5fa:	8000                	0x8000
 5fc:	00d8                	c.addi4spn	x14,x2,68
 5fe:	0000                	c.unimp
 600:	0e44                	c.addi4spn	x9,x2,788
 602:	5030                	c.lw	x12,96(x8)
 604:	0181                	c.addi	x3,0
 606:	0288                	c.addi4spn	x10,x2,320
 608:	0389                	c.addi	x7,2
 60a:	0492                	c.slli	x9,0x4
 60c:	0c44                	c.addi4spn	x9,x2,532
 60e:	0008                	0x8
 610:	ac02                	c.fsdsp	f0,24(x2)
 612:	44c1                	c.li	x9,16
 614:	0cc8                	c.addi4spn	x10,x2,596
 616:	3002                	c.fldsp	f0,32(x2)
 618:	c944                	c.sw	x9,20(x10)
 61a:	d244                	c.sw	x9,36(x12)
 61c:	0e44                	c.addi4spn	x9,x2,788
 61e:	0000                	c.unimp
 620:	002c                	c.addi4spn	x11,x2,8
 622:	0000                	c.unimp
 624:	04dc                	c.addi4spn	x15,x2,580
 626:	0000                	c.unimp
 628:	1730                	c.addi4spn	x12,x2,936
 62a:	8000                	0x8000
 62c:	02c0                	c.addi4spn	x8,x2,324
 62e:	0000                	c.unimp
 630:	0e44                	c.addi4spn	x9,x2,788
 632:	5050                	c.lw	x12,36(x8)
 634:	0181                	c.addi	x3,0
 636:	0288                	c.addi4spn	x10,x2,320
 638:	0389                	c.addi	x7,2
 63a:	0492                	c.slli	x9,0x4
 63c:	0c44                	c.addi4spn	x9,x2,532
 63e:	0008                	0x8
 640:	c1029403          	lh	x8,-1008(x5)
 644:	c844                	c.sw	x9,20(x8)
 646:	020c                	c.addi4spn	x11,x2,256
 648:	4450                	c.lw	x12,12(x8)
 64a:	44c9                	c.li	x9,18
 64c:	44d2                	c.lwsp	x9,20(x2)
 64e:	000e                	c.slli	x0,0x3
 650:	0024                	c.addi4spn	x9,x2,8
 652:	0000                	c.unimp
 654:	04dc                	c.addi4spn	x15,x2,580
 656:	0000                	c.unimp
 658:	19f0                	c.addi4spn	x12,x2,252
 65a:	8000                	0x8000
 65c:	0070                	c.addi4spn	x12,x2,12
 65e:	0000                	c.unimp
 660:	0e44                	c.addi4spn	x9,x2,788
 662:	4820                	c.lw	x8,80(x8)
 664:	0181                	c.addi	x3,0
 666:	0288                	c.addi4spn	x10,x2,320
 668:	0c44                	c.addi4spn	x9,x2,532
 66a:	0008                	0x8
 66c:	5402                	c.lwsp	x8,32(x2)
 66e:	44c1                	c.li	x9,16
 670:	0cc8                	c.addi4spn	x10,x2,596
 672:	2002                	c.fldsp	f0,0(x2)
 674:	0e44                	c.addi4spn	x9,x2,788
 676:	0000                	c.unimp
 678:	0024                	c.addi4spn	x9,x2,8
 67a:	0000                	c.unimp
 67c:	04dc                	c.addi4spn	x15,x2,580
 67e:	0000                	c.unimp
 680:	1a60                	c.addi4spn	x8,x2,316
 682:	8000                	0x8000
 684:	0078                	c.addi4spn	x14,x2,12
 686:	0000                	c.unimp
 688:	0e44                	c.addi4spn	x9,x2,788
 68a:	4830                	c.lw	x12,80(x8)
 68c:	0181                	c.addi	x3,0
 68e:	0288                	c.addi4spn	x10,x2,320
 690:	0c44                	c.addi4spn	x9,x2,532
 692:	0008                	0x8
 694:	5c02                	c.lwsp	x24,32(x2)
 696:	44c1                	c.li	x9,16
 698:	0cc8                	c.addi4spn	x10,x2,596
 69a:	3002                	c.fldsp	f0,32(x2)
 69c:	0e44                	c.addi4spn	x9,x2,788
 69e:	0000                	c.unimp
 6a0:	0024                	c.addi4spn	x9,x2,8
 6a2:	0000                	c.unimp
 6a4:	04dc                	c.addi4spn	x15,x2,580
 6a6:	0000                	c.unimp
 6a8:	1ad8                	c.addi4spn	x14,x2,372
 6aa:	8000                	0x8000
 6ac:	0064                	c.addi4spn	x9,x2,12
 6ae:	0000                	c.unimp
 6b0:	0e44                	c.addi4spn	x9,x2,788
 6b2:	4820                	c.lw	x8,80(x8)
 6b4:	0181                	c.addi	x3,0
 6b6:	0288                	c.addi4spn	x10,x2,320
 6b8:	0c44                	c.addi4spn	x9,x2,532
 6ba:	0008                	0x8
 6bc:	4802                	c.lwsp	x16,0(x2)
 6be:	44c1                	c.li	x9,16
 6c0:	0cc8                	c.addi4spn	x10,x2,596
 6c2:	2002                	c.fldsp	f0,0(x2)
 6c4:	0e44                	c.addi4spn	x9,x2,788
 6c6:	0000                	c.unimp
 6c8:	0020                	c.addi4spn	x8,x2,8
 6ca:	0000                	c.unimp
 6cc:	04dc                	c.addi4spn	x15,x2,580
 6ce:	0000                	c.unimp
 6d0:	1b3c                	c.addi4spn	x15,x2,440
 6d2:	8000                	0x8000
 6d4:	0028                	c.addi4spn	x10,x2,8
 6d6:	0000                	c.unimp
 6d8:	0e44                	c.addi4spn	x9,x2,788
 6da:	4420                	c.lw	x8,72(x8)
 6dc:	0188                	c.addi4spn	x10,x2,192
 6de:	0c44                	c.addi4spn	x9,x2,532
 6e0:	0008                	0x8
 6e2:	c854                	c.sw	x13,20(x8)
 6e4:	020c                	c.addi4spn	x11,x2,256
 6e6:	4420                	c.lw	x8,72(x8)
 6e8:	000e                	c.slli	x0,0x3
 6ea:	0000                	c.unimp
 6ec:	0024                	c.addi4spn	x9,x2,8
 6ee:	0000                	c.unimp
 6f0:	04dc                	c.addi4spn	x15,x2,580
 6f2:	0000                	c.unimp
 6f4:	1b64                	c.addi4spn	x9,x2,444
 6f6:	8000                	0x8000
 6f8:	00c0                	c.addi4spn	x8,x2,68
 6fa:	0000                	c.unimp
 6fc:	0e44                	c.addi4spn	x9,x2,788
 6fe:	4830                	c.lw	x12,80(x8)
 700:	0181                	c.addi	x3,0
 702:	0288                	c.addi4spn	x10,x2,320
 704:	0c44                	c.addi4spn	x9,x2,532
 706:	0008                	0x8
 708:	a402                	c.fsdsp	f0,8(x2)
 70a:	44c1                	c.li	x9,16
 70c:	0cc8                	c.addi4spn	x10,x2,596
 70e:	3002                	c.fldsp	f0,32(x2)
 710:	0e44                	c.addi4spn	x9,x2,788
 712:	0000                	c.unimp
 714:	0024                	c.addi4spn	x9,x2,8
 716:	0000                	c.unimp
 718:	04dc                	c.addi4spn	x15,x2,580
 71a:	0000                	c.unimp
 71c:	1c24                	c.addi4spn	x9,x2,568
 71e:	8000                	0x8000
 720:	0074                	c.addi4spn	x13,x2,12
 722:	0000                	c.unimp
 724:	0e44                	c.addi4spn	x9,x2,788
 726:	4830                	c.lw	x12,80(x8)
 728:	0181                	c.addi	x3,0
 72a:	0288                	c.addi4spn	x10,x2,320
 72c:	0c44                	c.addi4spn	x9,x2,532
 72e:	0008                	0x8
 730:	5802                	c.lwsp	x16,32(x2)
 732:	44c1                	c.li	x9,16
 734:	0cc8                	c.addi4spn	x10,x2,596
 736:	3002                	c.fldsp	f0,32(x2)
 738:	0e44                	c.addi4spn	x9,x2,788
 73a:	0000                	c.unimp
 73c:	0028                	c.addi4spn	x10,x2,8
 73e:	0000                	c.unimp
 740:	04dc                	c.addi4spn	x15,x2,580
 742:	0000                	c.unimp
 744:	1c98                	c.addi4spn	x14,x2,624
 746:	8000                	0x8000
 748:	00d8                	c.addi4spn	x14,x2,68
 74a:	0000                	c.unimp
 74c:	0e44                	c.addi4spn	x9,x2,788
 74e:	4c30                	c.lw	x12,88(x8)
 750:	0181                	c.addi	x3,0
 752:	0288                	c.addi4spn	x10,x2,320
 754:	0389                	c.addi	x7,2
 756:	0c44                	c.addi4spn	x9,x2,532
 758:	0008                	0x8
 75a:	b402                	c.fsdsp	f0,40(x2)
 75c:	44c1                	c.li	x9,16
 75e:	0cc8                	c.addi4spn	x10,x2,596
 760:	3002                	c.fldsp	f0,32(x2)
 762:	c944                	c.sw	x9,20(x10)
 764:	0e44                	c.addi4spn	x9,x2,788
 766:	0000                	c.unimp
 768:	0024                	c.addi4spn	x9,x2,8
 76a:	0000                	c.unimp
 76c:	04dc                	c.addi4spn	x15,x2,580
 76e:	0000                	c.unimp
 770:	1d70                	c.addi4spn	x12,x2,700
 772:	8000                	0x8000
 774:	0068                	c.addi4spn	x10,x2,12
 776:	0000                	c.unimp
 778:	0e44                	c.addi4spn	x9,x2,788
 77a:	4830                	c.lw	x12,80(x8)
 77c:	0181                	c.addi	x3,0
 77e:	0288                	c.addi4spn	x10,x2,320
 780:	0c44                	c.addi4spn	x9,x2,532
 782:	0008                	0x8
 784:	4c02                	c.lwsp	x24,0(x2)
 786:	44c1                	c.li	x9,16
 788:	0cc8                	c.addi4spn	x10,x2,596
 78a:	3002                	c.fldsp	f0,32(x2)
 78c:	0e44                	c.addi4spn	x9,x2,788
 78e:	0000                	c.unimp
 790:	0024                	c.addi4spn	x9,x2,8
 792:	0000                	c.unimp
 794:	04dc                	c.addi4spn	x15,x2,580
 796:	0000                	c.unimp
 798:	1dd8                	c.addi4spn	x14,x2,756
 79a:	8000                	0x8000
 79c:	0120                	c.addi4spn	x8,x2,136
 79e:	0000                	c.unimp
 7a0:	0e44                	c.addi4spn	x9,x2,788
 7a2:	4840                	c.lw	x8,20(x8)
 7a4:	0181                	c.addi	x3,0
 7a6:	0288                	c.addi4spn	x10,x2,320
 7a8:	0c44                	c.addi4spn	x9,x2,532
 7aa:	0008                	0x8
 7ac:	c1010403          	lb	x8,-1008(x2)
 7b0:	c844                	c.sw	x9,20(x8)
 7b2:	020c                	c.addi4spn	x11,x2,256
 7b4:	4440                	c.lw	x8,12(x8)
 7b6:	000e                	c.slli	x0,0x3
 7b8:	0018                	0x18
 7ba:	0000                	c.unimp
 7bc:	04dc                	c.addi4spn	x15,x2,580
 7be:	0000                	c.unimp
 7c0:	1ef8                	c.addi4spn	x14,x2,892
 7c2:	8000                	0x8000
 7c4:	0010                	0x10
 7c6:	0000                	c.unimp
 7c8:	0e44                	c.addi4spn	x9,x2,788
 7ca:	4410                	c.lw	x12,8(x8)
 7cc:	0188                	c.addi4spn	x10,x2,192
 7ce:	0c44                	c.addi4spn	x9,x2,532
 7d0:	0008                	0x8
 7d2:	0000                	c.unimp
 7d4:	000c                	0xc
 7d6:	0000                	c.unimp
 7d8:	ffff                	0xffff
 7da:	ffff                	0xffff
 7dc:	7c010003          	lb	x0,1984(x2)
 7e0:	0d01                	c.addi	x26,0
 7e2:	0002                	c.slli64	x0
 7e4:	0020                	c.addi4spn	x8,x2,8
 7e6:	0000                	c.unimp
 7e8:	07d4                	c.addi4spn	x13,x2,964
 7ea:	0000                	c.unimp
 7ec:	1f08                	c.addi4spn	x10,x2,944
 7ee:	8000                	0x8000
 7f0:	0038                	c.addi4spn	x14,x2,8
 7f2:	0000                	c.unimp
 7f4:	0e44                	c.addi4spn	x9,x2,788
 7f6:	4410                	c.lw	x12,8(x8)
 7f8:	0188                	c.addi4spn	x10,x2,192
 7fa:	0c44                	c.addi4spn	x9,x2,532
 7fc:	0008                	0x8
 7fe:	c864                	c.sw	x9,84(x8)
 800:	020c                	c.addi4spn	x11,x2,256
 802:	4410                	c.lw	x12,8(x8)
 804:	000e                	c.slli	x0,0x3
 806:	0000                	c.unimp
 808:	0020                	c.addi4spn	x8,x2,8
 80a:	0000                	c.unimp
 80c:	07d4                	c.addi4spn	x13,x2,964
 80e:	0000                	c.unimp
 810:	1f40                	c.addi4spn	x8,x2,948
 812:	8000                	0x8000
 814:	0080                	c.addi4spn	x8,x2,64
 816:	0000                	c.unimp
 818:	0e44                	c.addi4spn	x9,x2,788
 81a:	4420                	c.lw	x8,72(x8)
 81c:	0188                	c.addi4spn	x10,x2,192
 81e:	0c44                	c.addi4spn	x9,x2,532
 820:	0008                	0x8
 822:	6c02                	c.flwsp	f24,0(x2)
 824:	0cc8                	c.addi4spn	x10,x2,596
 826:	2002                	c.fldsp	f0,0(x2)
 828:	0e44                	c.addi4spn	x9,x2,788
 82a:	0000                	c.unimp
 82c:	000c                	0xc
 82e:	0000                	c.unimp
 830:	ffff                	0xffff
 832:	ffff                	0xffff
 834:	7c010003          	lb	x0,1984(x2)
 838:	0d01                	c.addi	x26,0
 83a:	0002                	c.slli64	x0
 83c:	0018                	0x18
 83e:	0000                	c.unimp
 840:	082c                	c.addi4spn	x11,x2,24
 842:	0000                	c.unimp
 844:	1fc0                	c.addi4spn	x8,x2,1012
 846:	8000                	0x8000
 848:	0108                	c.addi4spn	x10,x2,128
 84a:	0000                	c.unimp
 84c:	0e44                	c.addi4spn	x9,x2,788
 84e:	4820                	c.lw	x8,80(x8)
 850:	0181                	c.addi	x3,0
 852:	0288                	c.addi4spn	x10,x2,320
 854:	0c44                	c.addi4spn	x9,x2,532
 856:	0008                	0x8
 858:	000c                	0xc
 85a:	0000                	c.unimp
 85c:	ffff                	0xffff
 85e:	ffff                	0xffff
 860:	7c010003          	lb	x0,1984(x2)
 864:	0d01                	c.addi	x26,0
 866:	0002                	c.slli64	x0
 868:	0024                	c.addi4spn	x9,x2,8
 86a:	0000                	c.unimp
 86c:	0858                	c.addi4spn	x14,x2,20
 86e:	0000                	c.unimp
 870:	20c8                	c.fld	f10,128(x9)
 872:	8000                	0x8000
 874:	00b8                	c.addi4spn	x14,x2,72
 876:	0000                	c.unimp
 878:	0e44                	c.addi4spn	x9,x2,788
 87a:	4820                	c.lw	x8,80(x8)
 87c:	0181                	c.addi	x3,0
 87e:	0288                	c.addi4spn	x10,x2,320
 880:	0c44                	c.addi4spn	x9,x2,532
 882:	0008                	0x8
 884:	9c02                	c.jalr	x24
 886:	44c1                	c.li	x9,16
 888:	0cc8                	c.addi4spn	x10,x2,596
 88a:	2002                	c.fldsp	f0,0(x2)
 88c:	0e44                	c.addi4spn	x9,x2,788
 88e:	0000                	c.unimp
 890:	0024                	c.addi4spn	x9,x2,8
 892:	0000                	c.unimp
 894:	0858                	c.addi4spn	x14,x2,20
 896:	0000                	c.unimp
 898:	2180                	c.fld	f8,0(x11)
 89a:	8000                	0x8000
 89c:	01cc                	c.addi4spn	x11,x2,196
 89e:	0000                	c.unimp
 8a0:	0e44                	c.addi4spn	x9,x2,788
 8a2:	4840                	c.lw	x8,20(x8)
 8a4:	0181                	c.addi	x3,0
 8a6:	0288                	c.addi4spn	x10,x2,320
 8a8:	0c44                	c.addi4spn	x9,x2,532
 8aa:	0008                	0x8
 8ac:	c101b003          	0xc101b003
 8b0:	c844                	c.sw	x9,20(x8)
 8b2:	020c                	c.addi4spn	x11,x2,256
 8b4:	4440                	c.lw	x8,12(x8)
 8b6:	000e                	c.slli	x0,0x3
 8b8:	000c                	0xc
 8ba:	0000                	c.unimp
 8bc:	ffff                	0xffff
 8be:	ffff                	0xffff
 8c0:	7c010003          	lb	x0,1984(x2)
 8c4:	0d01                	c.addi	x26,0
 8c6:	0002                	c.slli64	x0
 8c8:	0020                	c.addi4spn	x8,x2,8
 8ca:	0000                	c.unimp
 8cc:	08b8                	c.addi4spn	x14,x2,88
 8ce:	0000                	c.unimp
 8d0:	234c                	c.fld	f11,128(x14)
 8d2:	8000                	0x8000
 8d4:	0028                	c.addi4spn	x10,x2,8
 8d6:	0000                	c.unimp
 8d8:	0e44                	c.addi4spn	x9,x2,788
 8da:	4420                	c.lw	x8,72(x8)
 8dc:	0188                	c.addi4spn	x10,x2,192
 8de:	0c44                	c.addi4spn	x9,x2,532
 8e0:	0008                	0x8
 8e2:	c854                	c.sw	x13,20(x8)
 8e4:	020c                	c.addi4spn	x11,x2,256
 8e6:	4420                	c.lw	x8,72(x8)
 8e8:	000e                	c.slli	x0,0x3
 8ea:	0000                	c.unimp
 8ec:	0020                	c.addi4spn	x8,x2,8
 8ee:	0000                	c.unimp
 8f0:	08b8                	c.addi4spn	x14,x2,88
 8f2:	0000                	c.unimp
 8f4:	2374                	c.fld	f13,192(x14)
 8f6:	8000                	0x8000
 8f8:	0028                	c.addi4spn	x10,x2,8
 8fa:	0000                	c.unimp
 8fc:	0e44                	c.addi4spn	x9,x2,788
 8fe:	4420                	c.lw	x8,72(x8)
 900:	0188                	c.addi4spn	x10,x2,192
 902:	0c44                	c.addi4spn	x9,x2,532
 904:	0008                	0x8
 906:	c854                	c.sw	x13,20(x8)
 908:	020c                	c.addi4spn	x11,x2,256
 90a:	4420                	c.lw	x8,72(x8)
 90c:	000e                	c.slli	x0,0x3
 90e:	0000                	c.unimp
 910:	0020                	c.addi4spn	x8,x2,8
 912:	0000                	c.unimp
 914:	08b8                	c.addi4spn	x14,x2,88
 916:	0000                	c.unimp
 918:	239c                	c.fld	f15,0(x15)
 91a:	8000                	0x8000
 91c:	0028                	c.addi4spn	x10,x2,8
 91e:	0000                	c.unimp
 920:	0e44                	c.addi4spn	x9,x2,788
 922:	4420                	c.lw	x8,72(x8)
 924:	0188                	c.addi4spn	x10,x2,192
 926:	0c44                	c.addi4spn	x9,x2,532
 928:	0008                	0x8
 92a:	c854                	c.sw	x13,20(x8)
 92c:	020c                	c.addi4spn	x11,x2,256
 92e:	4420                	c.lw	x8,72(x8)
 930:	000e                	c.slli	x0,0x3
 932:	0000                	c.unimp
 934:	0020                	c.addi4spn	x8,x2,8
 936:	0000                	c.unimp
 938:	08b8                	c.addi4spn	x14,x2,88
 93a:	0000                	c.unimp
 93c:	23c4                	c.fld	f9,128(x15)
 93e:	8000                	0x8000
 940:	0028                	c.addi4spn	x10,x2,8
 942:	0000                	c.unimp
 944:	0e44                	c.addi4spn	x9,x2,788
 946:	4420                	c.lw	x8,72(x8)
 948:	0188                	c.addi4spn	x10,x2,192
 94a:	0c44                	c.addi4spn	x9,x2,532
 94c:	0008                	0x8
 94e:	c854                	c.sw	x13,20(x8)
 950:	020c                	c.addi4spn	x11,x2,256
 952:	4420                	c.lw	x8,72(x8)
 954:	000e                	c.slli	x0,0x3
 956:	0000                	c.unimp
 958:	0024                	c.addi4spn	x9,x2,8
 95a:	0000                	c.unimp
 95c:	08b8                	c.addi4spn	x14,x2,88
 95e:	0000                	c.unimp
 960:	23ec                	c.fld	f11,192(x15)
 962:	8000                	0x8000
 964:	00b4                	c.addi4spn	x13,x2,72
 966:	0000                	c.unimp
 968:	0e44                	c.addi4spn	x9,x2,788
 96a:	4820                	c.lw	x8,80(x8)
 96c:	0181                	c.addi	x3,0
 96e:	0288                	c.addi4spn	x10,x2,320
 970:	0c44                	c.addi4spn	x9,x2,532
 972:	0008                	0x8
 974:	9802                	c.jalr	x16
 976:	44c1                	c.li	x9,16
 978:	0cc8                	c.addi4spn	x10,x2,596
 97a:	2002                	c.fldsp	f0,0(x2)
 97c:	0e44                	c.addi4spn	x9,x2,788
 97e:	0000                	c.unimp
 980:	000c                	0xc
 982:	0000                	c.unimp
 984:	ffff                	0xffff
 986:	ffff                	0xffff
 988:	7c010003          	lb	x0,1984(x2)
 98c:	0d01                	c.addi	x26,0
 98e:	0002                	c.slli64	x0
 990:	0024                	c.addi4spn	x9,x2,8
 992:	0000                	c.unimp
 994:	0980                	c.addi4spn	x8,x2,208
 996:	0000                	c.unimp
 998:	24a0                	c.fld	f8,72(x9)
 99a:	8000                	0x8000
 99c:	0108                	c.addi4spn	x10,x2,128
 99e:	0000                	c.unimp
 9a0:	0e44                	c.addi4spn	x9,x2,788
 9a2:	4840                	c.lw	x8,20(x8)
 9a4:	0181                	c.addi	x3,0
 9a6:	0288                	c.addi4spn	x10,x2,320
 9a8:	0c44                	c.addi4spn	x9,x2,532
 9aa:	0008                	0x8
 9ac:	ec02                	c.fswsp	f0,24(x2)
 9ae:	44c1                	c.li	x9,16
 9b0:	0cc8                	c.addi4spn	x10,x2,596
 9b2:	4002                	0x4002
 9b4:	0e44                	c.addi4spn	x9,x2,788
 9b6:	0000                	c.unimp
 9b8:	0024                	c.addi4spn	x9,x2,8
 9ba:	0000                	c.unimp
 9bc:	0980                	c.addi4spn	x8,x2,208
 9be:	0000                	c.unimp
 9c0:	25a8                	c.fld	f10,72(x11)
 9c2:	8000                	0x8000
 9c4:	0178                	c.addi4spn	x14,x2,140
 9c6:	0000                	c.unimp
 9c8:	0e44                	c.addi4spn	x9,x2,788
 9ca:	4830                	c.lw	x12,80(x8)
 9cc:	0181                	c.addi	x3,0
 9ce:	0288                	c.addi4spn	x10,x2,320
 9d0:	0c44                	c.addi4spn	x9,x2,532
 9d2:	0008                	0x8
 9d4:	c1015c03          	lhu	x24,-1008(x2)
 9d8:	c844                	c.sw	x9,20(x8)
 9da:	020c                	c.addi4spn	x11,x2,256
 9dc:	4430                	c.lw	x12,72(x8)
 9de:	000e                	c.slli	x0,0x3
 9e0:	000c                	0xc
 9e2:	0000                	c.unimp
 9e4:	ffff                	0xffff
 9e6:	ffff                	0xffff
 9e8:	7c010003          	lb	x0,1984(x2)
 9ec:	0d01                	c.addi	x26,0
 9ee:	0002                	c.slli64	x0
 9f0:	0020                	c.addi4spn	x8,x2,8
 9f2:	0000                	c.unimp
 9f4:	09e0                	c.addi4spn	x8,x2,220
 9f6:	0000                	c.unimp
 9f8:	2720                	c.fld	f8,72(x14)
 9fa:	8000                	0x8000
 9fc:	0080                	c.addi4spn	x8,x2,64
 9fe:	0000                	c.unimp
 a00:	0e44                	c.addi4spn	x9,x2,788
 a02:	4410                	c.lw	x12,8(x8)
 a04:	0188                	c.addi4spn	x10,x2,192
 a06:	0c44                	c.addi4spn	x9,x2,532
 a08:	0008                	0x8
 a0a:	6c02                	c.flwsp	f24,0(x2)
 a0c:	0cc8                	c.addi4spn	x10,x2,596
 a0e:	1002                	c.slli	x0,0x20
 a10:	0e44                	c.addi4spn	x9,x2,788
 a12:	0000                	c.unimp
 a14:	0020                	c.addi4spn	x8,x2,8
 a16:	0000                	c.unimp
 a18:	09e0                	c.addi4spn	x8,x2,220
 a1a:	0000                	c.unimp
 a1c:	27a0                	c.fld	f8,72(x15)
 a1e:	8000                	0x8000
 a20:	0048                	c.addi4spn	x10,x2,4
 a22:	0000                	c.unimp
 a24:	0e44                	c.addi4spn	x9,x2,788
 a26:	4420                	c.lw	x8,72(x8)
 a28:	0188                	c.addi4spn	x10,x2,192
 a2a:	0c44                	c.addi4spn	x9,x2,532
 a2c:	0008                	0x8
 a2e:	c874                	c.sw	x13,84(x8)
 a30:	020c                	c.addi4spn	x11,x2,256
 a32:	4420                	c.lw	x8,72(x8)
 a34:	000e                	c.slli	x0,0x3
 a36:	0000                	c.unimp
 a38:	0024                	c.addi4spn	x9,x2,8
 a3a:	0000                	c.unimp
 a3c:	09e0                	c.addi4spn	x8,x2,220
 a3e:	0000                	c.unimp
 a40:	27e8                	c.fld	f10,200(x15)
 a42:	8000                	0x8000
 a44:	0164                	c.addi4spn	x9,x2,140
 a46:	0000                	c.unimp
 a48:	0e44                	c.addi4spn	x9,x2,788
 a4a:	4820                	c.lw	x8,80(x8)
 a4c:	0181                	c.addi	x3,0
 a4e:	0288                	c.addi4spn	x10,x2,320
 a50:	0c44                	c.addi4spn	x9,x2,532
 a52:	0008                	0x8
 a54:	c1014803          	lbu	x16,-1008(x2)
 a58:	c844                	c.sw	x9,20(x8)
 a5a:	020c                	c.addi4spn	x11,x2,256
 a5c:	4420                	c.lw	x8,72(x8)
 a5e:	000e                	c.slli	x0,0x3
 a60:	0024                	c.addi4spn	x9,x2,8
 a62:	0000                	c.unimp
 a64:	09e0                	c.addi4spn	x8,x2,220
 a66:	0000                	c.unimp
 a68:	294c                	c.fld	f11,144(x10)
 a6a:	8000                	0x8000
 a6c:	0080                	c.addi4spn	x8,x2,64
 a6e:	0000                	c.unimp
 a70:	0e44                	c.addi4spn	x9,x2,788
 a72:	4820                	c.lw	x8,80(x8)
 a74:	0181                	c.addi	x3,0
 a76:	0288                	c.addi4spn	x10,x2,320
 a78:	0c44                	c.addi4spn	x9,x2,532
 a7a:	0008                	0x8
 a7c:	6402                	c.flwsp	f8,0(x2)
 a7e:	44c1                	c.li	x9,16
 a80:	0cc8                	c.addi4spn	x10,x2,596
 a82:	2002                	c.fldsp	f0,0(x2)
 a84:	0e44                	c.addi4spn	x9,x2,788
 a86:	0000                	c.unimp
 a88:	0024                	c.addi4spn	x9,x2,8
 a8a:	0000                	c.unimp
 a8c:	09e0                	c.addi4spn	x8,x2,220
 a8e:	0000                	c.unimp
 a90:	29cc                	c.fld	f11,144(x11)
 a92:	8000                	0x8000
 a94:	006c                	c.addi4spn	x11,x2,12
 a96:	0000                	c.unimp
 a98:	0e44                	c.addi4spn	x9,x2,788
 a9a:	4820                	c.lw	x8,80(x8)
 a9c:	0181                	c.addi	x3,0
 a9e:	0288                	c.addi4spn	x10,x2,320
 aa0:	0c44                	c.addi4spn	x9,x2,532
 aa2:	0008                	0x8
 aa4:	5002                	0x5002
 aa6:	44c1                	c.li	x9,16
 aa8:	0cc8                	c.addi4spn	x10,x2,596
 aaa:	2002                	c.fldsp	f0,0(x2)
 aac:	0e44                	c.addi4spn	x9,x2,788
 aae:	0000                	c.unimp
 ab0:	0024                	c.addi4spn	x9,x2,8
 ab2:	0000                	c.unimp
 ab4:	09e0                	c.addi4spn	x8,x2,220
 ab6:	0000                	c.unimp
 ab8:	2a38                	c.fld	f14,80(x12)
 aba:	8000                	0x8000
 abc:	0034                	c.addi4spn	x13,x2,8
 abe:	0000                	c.unimp
 ac0:	0e44                	c.addi4spn	x9,x2,788
 ac2:	4810                	c.lw	x12,16(x8)
 ac4:	0181                	c.addi	x3,0
 ac6:	0288                	c.addi4spn	x10,x2,320
 ac8:	0c44                	c.addi4spn	x9,x2,532
 aca:	0008                	0x8
 acc:	c158                	c.sw	x14,4(x10)
 ace:	c844                	c.sw	x9,20(x8)
 ad0:	020c                	c.addi4spn	x11,x2,256
 ad2:	4410                	c.lw	x12,8(x8)
 ad4:	000e                	c.slli	x0,0x3
 ad6:	0000                	c.unimp
 ad8:	0020                	c.addi4spn	x8,x2,8
 ada:	0000                	c.unimp
 adc:	09e0                	c.addi4spn	x8,x2,220
 ade:	0000                	c.unimp
 ae0:	2a6c                	c.fld	f11,208(x12)
 ae2:	8000                	0x8000
 ae4:	001c                	0x1c
 ae6:	0000                	c.unimp
 ae8:	0e44                	c.addi4spn	x9,x2,788
 aea:	4410                	c.lw	x12,8(x8)
 aec:	0188                	c.addi4spn	x10,x2,192
 aee:	0c44                	c.addi4spn	x9,x2,532
 af0:	0008                	0x8
 af2:	c848                	c.sw	x10,20(x8)
 af4:	020c                	c.addi4spn	x11,x2,256
 af6:	4410                	c.lw	x12,8(x8)
 af8:	000e                	c.slli	x0,0x3
 afa:	0000                	c.unimp
 afc:	0024                	c.addi4spn	x9,x2,8
 afe:	0000                	c.unimp
 b00:	09e0                	c.addi4spn	x8,x2,220
 b02:	0000                	c.unimp
 b04:	2a88                	c.fld	f10,16(x13)
 b06:	8000                	0x8000
 b08:	002c                	c.addi4spn	x11,x2,8
 b0a:	0000                	c.unimp
 b0c:	0e44                	c.addi4spn	x9,x2,788
 b0e:	4810                	c.lw	x12,16(x8)
 b10:	0181                	c.addi	x3,0
 b12:	0288                	c.addi4spn	x10,x2,320
 b14:	0c44                	c.addi4spn	x9,x2,532
 b16:	0008                	0x8
 b18:	c150                	c.sw	x12,4(x10)
 b1a:	c844                	c.sw	x9,20(x8)
 b1c:	020c                	c.addi4spn	x11,x2,256
 b1e:	4410                	c.lw	x12,8(x8)
 b20:	000e                	c.slli	x0,0x3
 b22:	0000                	c.unimp
 b24:	0020                	c.addi4spn	x8,x2,8
 b26:	0000                	c.unimp
 b28:	09e0                	c.addi4spn	x8,x2,220
 b2a:	0000                	c.unimp
 b2c:	2ab4                	c.fld	f13,80(x13)
 b2e:	8000                	0x8000
 b30:	0024                	c.addi4spn	x9,x2,8
 b32:	0000                	c.unimp
 b34:	0e44                	c.addi4spn	x9,x2,788
 b36:	4420                	c.lw	x8,72(x8)
 b38:	0188                	c.addi4spn	x10,x2,192
 b3a:	0c44                	c.addi4spn	x9,x2,532
 b3c:	0008                	0x8
 b3e:	c850                	c.sw	x12,20(x8)
 b40:	020c                	c.addi4spn	x11,x2,256
 b42:	4420                	c.lw	x8,72(x8)
 b44:	000e                	c.slli	x0,0x3
 b46:	0000                	c.unimp
 b48:	000c                	0xc
 b4a:	0000                	c.unimp
 b4c:	ffff                	0xffff
 b4e:	ffff                	0xffff
 b50:	7c010003          	lb	x0,1984(x2)
 b54:	0d01                	c.addi	x26,0
 b56:	0002                	c.slli64	x0
 b58:	0020                	c.addi4spn	x8,x2,8
 b5a:	0000                	c.unimp
 b5c:	0b48                	c.addi4spn	x10,x2,404
 b5e:	0000                	c.unimp
 b60:	2ad8                	c.fld	f14,144(x13)
 b62:	8000                	0x8000
 b64:	0064                	c.addi4spn	x9,x2,12
 b66:	0000                	c.unimp
 b68:	0e44                	c.addi4spn	x9,x2,788
 b6a:	4420                	c.lw	x8,72(x8)
 b6c:	0188                	c.addi4spn	x10,x2,192
 b6e:	0c44                	c.addi4spn	x9,x2,532
 b70:	0008                	0x8
 b72:	5002                	0x5002
 b74:	0cc8                	c.addi4spn	x10,x2,596
 b76:	2002                	c.fldsp	f0,0(x2)
 b78:	0e44                	c.addi4spn	x9,x2,788
 b7a:	0000                	c.unimp
 b7c:	0020                	c.addi4spn	x8,x2,8
 b7e:	0000                	c.unimp
 b80:	0b48                	c.addi4spn	x10,x2,404
 b82:	0000                	c.unimp
 b84:	2b3c                	c.fld	f15,80(x14)
 b86:	8000                	0x8000
 b88:	0040                	c.addi4spn	x8,x2,4
 b8a:	0000                	c.unimp
 b8c:	0e44                	c.addi4spn	x9,x2,788
 b8e:	4420                	c.lw	x8,72(x8)
 b90:	0188                	c.addi4spn	x10,x2,192
 b92:	0c44                	c.addi4spn	x9,x2,532
 b94:	0008                	0x8
 b96:	c86c                	c.sw	x11,84(x8)
 b98:	020c                	c.addi4spn	x11,x2,256
 b9a:	4420                	c.lw	x8,72(x8)
 b9c:	000e                	c.slli	x0,0x3
 b9e:	0000                	c.unimp
 ba0:	0020                	c.addi4spn	x8,x2,8
 ba2:	0000                	c.unimp
 ba4:	0b48                	c.addi4spn	x10,x2,404
 ba6:	0000                	c.unimp
 ba8:	2b7c                	c.fld	f15,208(x14)
 baa:	8000                	0x8000
 bac:	0044                	c.addi4spn	x9,x2,4
 bae:	0000                	c.unimp
 bb0:	0e44                	c.addi4spn	x9,x2,788
 bb2:	4430                	c.lw	x12,72(x8)
 bb4:	0188                	c.addi4spn	x10,x2,192
 bb6:	0c44                	c.addi4spn	x9,x2,532
 bb8:	0008                	0x8
 bba:	c870                	c.sw	x12,84(x8)
 bbc:	020c                	c.addi4spn	x11,x2,256
 bbe:	4430                	c.lw	x12,72(x8)
 bc0:	000e                	c.slli	x0,0x3
	...

Disassembly of section .debug_rnglists:

00000000 <.debug_rnglists>:
   0:	002e                	c.slli	x0,0xb
   2:	0000                	c.unimp
   4:	0005                	c.addi	x0,1
   6:	0004                	0x4
   8:	0000                	c.unimp
   a:	0000                	c.unimp
   c:	e406                	c.fswsp	f1,8(x2)
   e:	0021                	c.addi	x0,8
  10:	0080                	c.addi4spn	x8,x2,64
  12:	06800023          	sb	x8,96(x0) # 60 <_start-0x7fffffa0>
  16:	2330                	c.fld	f12,64(x14)
  18:	8000                	0x8000
  1a:	2334                	c.fld	f13,64(x14)
  1c:	8000                	0x8000
  1e:	0600                	c.addi4spn	x8,x2,768
  20:	2250                	c.fld	f12,128(x12)
  22:	8000                	0x8000
  24:	2300                	c.fld	f8,0(x14)
  26:	8000                	0x8000
  28:	3006                	c.fldsp	f0,96(x2)
  2a:	34800023          	sb	x8,832(x0) # 340 <_start-0x7ffffcc0>
  2e:	00800023          	sb	x8,0(x0) # 0 <_start-0x80000000>
  32:	0000001b          	0x1b
  36:	0005                	c.addi	x0,1
  38:	0004                	0x4
  3a:	0000                	c.unimp
  3c:	0000                	c.unimp
  3e:	dc06                	c.swsp	x1,56(x2)
  40:	0029                	c.addi	x0,10
  42:	1880                	c.addi4spn	x8,x2,112
  44:	002a                	c.slli	x0,0xa
  46:	0680                	c.addi4spn	x8,x2,832
  48:	2a1c                	c.fld	f15,16(x12)
  4a:	8000                	0x8000
  4c:	2a20                	c.fld	f8,80(x12)
  4e:	8000                	0x8000
	...
